gap_id,gap_level,gap_categories_json,evidence_family,affected_source_id,affected_artifacts_json,geographic_scope,temporal_scope,gap_description,quantitative_evidence,scientific_or_operational_impact,current_mitigation,resolution_evidence_required,model_effect,alpha3_completion_effect,status,provenance_basis
GAP-PROJECT-001,project_wide,"[""material_coverage"",""model_support""]",material ontology and prediction eligibility,,"[""india_material_ontology_v1.csv"",""india_strategic_materials_top50.csv"",""material_model_support.csv""]",India,Alpha.24 snapshot,Ontology coverage is much broader than prediction eligibility and validated scoring support.,254 ontology entities; 50 model targets; 34 with MRDS evidence; 20 with percentiles; 15 spatially validated; 14 passing minimum holdout AUC.,Most catalogued materials cannot receive defensible rankings.,Unsupported materials remain explicitly unscored.,Independent coordinate-bearing positives and deposit-type labels sufficient for spatial holdout.,No automatic score is created from ontology membership.,must_remain_disclosed_in_final_coverage_audit,open_scope_limitation,outputs/validation_report.json and outputs/material_ontology_validation_v1.json
GAP-PROJECT-002,project_wide,"[""known_site_completeness"",""coordinate_quality""]",known sites,,"[""india_known_mining_sites.csv""]",India selection,Mixed historical MRDS dates,The primary coordinate-bearing known-site layer is not an exhaustive or current statutory mine register.,781 records; 779 within expected India bounds; two retained out-of-bounds source coordinates.,Label incompleteness and positional error can bias training and evaluation.,"Source quality codes, raw coordinates, bounds flags, and limitations remain published.","Authoritative, reusable national mine/occurrence register with dated status and coordinate accuracy.",Model training uses these points with spatial holdout but cannot correct missing positives.,must_remain_disclosed_in_final_coverage_audit,open_scope_limitation,outputs/validation_report.json
GAP-PROJECT-003,project_wide,"[""legal_status"",""operating_status"",""identity_resolution""]",mine and concession status,,"[""india_ibm_mcdr_latest_inspected_mines.csv"",""india_ibm_abandoned_mine_sites.csv"",""india_ibm_auctioned_mineral_concessions_2023_24.csv""]",India; published administrative geography,2023-24 to 2026 snapshots,"KHANAN does not have a controlling nationwide current operating, title, clearance, suspension, or closure register linked to exact geometries.","1,353 latest inspected identities; 82 abandoned-mine rows; 97 IBM auction rows; zero rows asserted as currently legally or operationally verified.",No operational recommendation or current-status claim can be made.,Event types and dates remain separate; unverified current status is explicit.,"Dated controlling lease, clearance, production, suspension, and closure sources joined by stable mine/lease identifiers.",Status-context rows are excluded from spatial scoring.,must_remain_disclosed_in_final_coverage_audit,open_scope_limitation,source registry and per-layer validations
GAP-PROJECT-004,project_wide,"[""geochemistry"",""spatial_coverage"",""sampling_design""]",analytical geochemistry,,"[""india_earthchem_geochemical_samples.csv"",""india_earthchem_geochemical_observations.csv""]",Two western-Assam sites,One published 2026 dataset,Redistributable coordinate-bearing analytical geochemistry is extremely sparse and targeted.,"13 samples, two coordinate sites, and 1,323 observations.",The layer cannot validate national anomalies or regional grade continuity.,It remains independent context outside training and validation.,"Systematic India-wide measurements with method, detection limit, medium, depth, uncertainty, and reusable coordinates.",No score or candidate rank changes.,must_remain_disclosed_in_final_coverage_audit,open_scope_limitation,outputs/earthchem_geochemical_validation.json
GAP-PROJECT-005,project_wide,"[""source_access"",""licensing"",""method_metadata""]",NGDR/GSI geoscience services,,"[""ngdr_service_inventory.csv""]",Nominal national coverage,Guest-service snapshot 2026-09-09,NGDR feature values are not redistributed because dataset-specific reuse authority and essential unit/method metadata are unresolved.,"1,114 WMS layers; 751 WFS types; 11 audited relevant layers; 2,459,737 reported features; zero feature-value rows published.","High-value Indian geochemistry, geophysics, lithology, soil, and structural evidence remains unavailable to the model.","Only catalog metadata, schemas, endpoints, and exclusions are published.","Dataset-specific written reuse basis plus complete coordinate, unit, analytical-method, scale, and missingness metadata.",NGDR values remain excluded from model training and scoring.,must_remain_disclosed_in_final_coverage_audit,open_scope_limitation,outputs/ngdr_service_validation.json
GAP-PROJECT-006,project_wide,"[""source_access"",""catalog_completeness""]",historical GSI/OGD deposit catalogues,,"[""gsi_ogd_mineral_deposit_catalog_audit.csv"",""india_gsi_ogd_mineral_deposit_preview.csv""]",India; eight mineral catalogues,2013 catalogues; accessed 2026-09-10,Interactive CAPTCHA-gated downloads prevented acquisition of complete historical catalogues.,78 preview rows of 381 reported rows (20.47%); 303 rows not exposed.,The public preview is incomplete and non-random.,"All preview rows retain selection mechanism, completeness status, and model exclusion.",Lawful full-workbook access or an official bulk endpoint with stable identifiers and licence metadata.,"Preview rows remain excluded from training, validation, and scoring.",must_remain_disclosed_in_final_coverage_audit,open_scope_limitation,outputs/gsi_ogd_mineral_deposit_preview_validation.json
GAP-PROJECT-007,project_wide,"[""geophysics"",""resolution"",""coverage""]",magnetic context,,"[""india_emag2v3_magnetic_features_h3_r6.csv"",""material_emag2_spatial_ablation.csv""]",National H3 grid,Static EMAG2v3 snapshot,"The available open magnetic layer is regional, upward-continued, and incomplete over some cells.","95.31% valid anomaly coverage; 92.78% valid error coverage; 6,418 ambiguous/no-data source-code cells; zero materials admitted after ablation.",It cannot resolve local targets and does not demonstrate out-of-region incremental value.,"Error, source-code, distance, coverage, and ablation fields remain explicit.","Higher-resolution lawful magnetic, gravity, radiometric, and structural data with independent labels.",EMAG2 remains excluded from production scoring.,must_remain_disclosed_in_final_coverage_audit,open_scope_limitation,outputs/emag2v3_magnetic_features_validation.json and outputs/emag2_spatial_ablation_validation.json
GAP-PROJECT-008,project_wide,"[""soil"",""measurement_basis"",""validation""]",soil context,,"[""india_soilgrids_v2_soil_features_h3_r6.csv"",""material_soilgrids_spatial_ablation.csv""]",National H3 grid,SoilGrids 2.0 snapshot,SoilGrids values are global model predictions rather than India-specific measured regolith or geochemical assays.,Nine properties at two depths with p05/p95; minimum coverage 99.28%; zero materials admitted after ablation.,Modeled soil context cannot substantiate subsurface mineralization.,Prediction intervals and model exclusion are preserved.,"Reusable India-specific measured soil/regolith observations with analytical method, depth, and spatially independent validation.",SoilGrids remains excluded from production scoring.,must_remain_disclosed_in_final_coverage_audit,open_scope_limitation,outputs/soilgrids_v2_soil_features_validation.json and outputs/soilgrids_spatial_ablation_validation.json
GAP-PROJECT-009,project_wide,"[""remote_sensing"",""temporal_coverage"",""leakage""]",Sentinel-2 surface context,,"[""india_sentinel2_surface_context_h3_r6.csv"",""material_sentinel2_spatial_ablation.csv""]",National H3 grid,Two fixed 2025 seasons,Two-season multispectral surface proxies are non-specific and may encode mining disturbance that occurred after a deposit was already known.,950 scenes; 98.96% of cells with any clear-land observation; 84.25% with two-season bare support; zero materials admitted.,Surface signals cannot be interpreted as mineral identification or knowledge-independent prediction.,"Native SCL masking, coverage, support, leakage guardrail, and ablation decisions are published.","Time-safe pre-discovery imagery, hyperspectral evidence, deposit-type mechanisms, and independent transfer validation.",Sentinel features remain excluded from v0.6 scoring.,must_remain_disclosed_in_final_coverage_audit,open_scope_limitation,outputs/sentinel2_surface_context_validation.json and outputs/sentinel2_spatial_ablation_validation.json
GAP-PROJECT-010,project_wide,"[""independent_validation"",""label_independence""]",official-block transfer,,"[""material_official_block_transfer_validation.csv"",""official_block_transfer_observations.csv""]",166 accepted official footprints,Auction source snapshots through Alpha.20,Official target selection is not proven independent of all historical geological knowledge and no material passes every production-admission gate.,151 target-mapped footprints; 221 material observations; 12 evaluated materials; zero production admissions.,Transfer performance cannot establish discovery probability or unbiased future performance.,Results are validation-only and preserve uncertainty intervals and support gates.,Genuinely knowledge-independent confirmed positives or time-split future outcomes.,"No candidate scores, classes, or ranks changed.",must_remain_disclosed_in_final_coverage_audit,open_scope_limitation,outputs/official_block_transfer_validation.json
GAP-PROJECT-011,project_wide,"[""administrative_vintage"",""demographics""]",population and demographics,,"[""india_known_mining_sites.csv"",""india_mining_prospectivity_grid_h3_r6.csv"",""india_ibm_district_mineral_context_h3_r6.csv""]",India; 2011 district boundaries,2011 Census and 2020 WorldPop,"Administrative boundaries, Census demographics, and gridded population have different reference years and do not capture later boundary or population change.",2011 district joins cover 99.985% of grid cells; population join is complete for the 2020 grid.,Demographic context is approximate for current planning and must not be treated as a geological cause.,"Reference years, codes, join status, and aggregate-only interpretation remain explicit.",New authoritative Census/boundary releases and documented crosswalks when publicly available.,Population and demographics are contextual and not mineral-causation labels.,must_remain_disclosed_in_final_coverage_audit,open_scope_limitation,outputs/validation_report.json
GAP-PROJECT-012,project_wide,"[""weather"",""temporal_coverage""]",weather and climate,,"[""india_known_mining_sites.csv"",""india_mining_prospectivity_grid_h3_r6.csv""]",National H3 grid,2025-09-01 to 2026-08-31 rolling window,The weather layer is one complete rolling twelve-month period rather than a long-term climatology or future projection.,365 expected days and 100% complete-period rate.,"One year cannot represent long-run variability, extremes, or future operational conditions.","Exact period, day count, completeness, and monthly values remain published.","Multi-decadal normals, extremes, and time-updated observations with stable versioning.",Weather remains context; it is not direct mineral evidence.,must_remain_disclosed_in_final_coverage_audit,open_scope_limitation,outputs/nasa_power_rolling_12m_validation.json
GAP-PROJECT-013,project_wide,"[""ecology"",""feature_absence""]",vegetation and agriculture,,"[""india_sentinel2_surface_context_h3_r6.csv""]",India,Not implemented beyond broad two-season surface classes,"Crop calendars, phenology, moisture stress, thermal anomalies, and India-specific vegetation mechanisms are not yet integrated.",No dedicated ecological table or production predictor.,The requested ecological context is incomplete and cannot support causal claims.,No values are fabricated; the missing family is explicitly registered.,"Reusable crop, land-cover, phenology, moisture, and thermal evidence plus mechanism-aware spatial ablation.",No ecological signal affects scoring.,must_remain_disclosed_in_final_coverage_audit,open_scope_limitation,README feature-readiness table and roadmap
GAP-PROJECT-014,project_wide,"[""hydrology"",""feature_absence""]",hydrology and groundwater,,[],India,Not implemented,"Drainage, watersheds, erosion, groundwater chemistry, and surface-water context are not integrated.",No dedicated hydrology table.,Transport pathways and water constraints cannot be evaluated nationally.,The absent family is disclosed rather than imputed.,"Reusable catchment, groundwater, surface-water, erosion, and chemistry layers with provenance and validation.",No hydrological feature affects scoring.,must_remain_disclosed_in_final_coverage_audit,open_scope_limitation,README feature-readiness table and roadmap
GAP-PROJECT-015,project_wide,"[""environmental_safeguards"",""archaeology"",""tenure"",""infrastructure""]",responsible opportunity constraints,,[],India,Not implemented,"Protected areas, forests, water stress, archaeological/cultural sites, tenure, communities, roads, rail, ports, power, and processing infrastructure are not yet assembled as exclusion/caution layers.",No operational field-prioritization or permission product is published.,"Model candidates cannot support access, permitting, investment, or operational recommendations.",README and model limitations prohibit operational interpretation.,"Authoritative, current legal/environmental/cultural/social/infrastructure layers plus expert and community review protocol.",Candidates remain reconnaissance hypotheses only.,must_remain_disclosed_in_final_coverage_audit,open_scope_limitation,README Phase 7 and project guardrails
GAP-PROJECT-016,project_wide,"[""model_form"",""deposit_type""]",prospectivity modeling,,"[""india_mining_prospectivity_grid_h3_r6.csv"",""india_mining_candidate_areas_validation_gated.csv""]",India,Model v0.6,Current material screens are generic and are not deposit-type or geological-process models.,50 retained targets; only 14 meet the current minimum holdout AUC gate; high-priority outputs occur for chromium and iron.,A high index may reflect broad association rather than a specific mineral system.,"Support levels, spatial metrics, nearest-evidence distances, and model limitations remain row-visible.","Deposit-type labels, process features, calibrated baselines, independent deposits, and time-split evaluation.",Existing rankings remain explicitly uncalibrated reconnaissance indices.,must_remain_disclosed_in_final_coverage_audit,open_scope_limitation,outputs/validation_report.json and docs/methodology.md
GAP-PROJECT-017,project_wide,"[""public_distribution"",""file_size""]",release distribution,,"[""india_mining_prospectivity_grid_h3_r6.csv""]",National H3 grid,Alpha.24 snapshot,The full national CSV exceeds GitHub's normal single-file limit and is not stored as a standalone tracked file.,"88,857 rows and 187 columns; included inside the public deterministic ZIP bundle.",Direct row-level Git browsing of the full grid is unavailable.,"The bundle, checksums, candidate subset, data dictionary, and build scripts remain public.","A durable large-object, GeoParquet, object-storage, or versioned data-release endpoint.",No scientific result changes; this is an access-format limitation.,must_remain_disclosed_in_final_coverage_audit,open_scope_limitation,outputs/README.md and scripts/build_release.py
GAP-PROJECT-018,project_wide,"[""field_verification"",""ground_truth""]",field verification,,"[""india_mining_candidate_areas_validation_gated.csv""]",All candidate cells,No KHANAN field campaign,"No KHANAN candidate has been verified by mapping, sampling, drilling, laboratory assay, resource estimation, or competent-person review.","2,784 candidate cells; zero field-verified discoveries claimed.","Model hypotheses cannot be described as finds, deposits, resources, reserves, grades, or drill targets.",Every public interpretation repeats the reconnaissance-only boundary.,"Independent permitted fieldwork, QA/QC assays, drilling where lawful, geological interpretation, and qualified review.",No candidate is labeled as a discovery.,must_remain_disclosed_in_final_coverage_audit,open_scope_limitation,"README, outputs/validation_report.json, and candidate model_limitations"
GAP-PROJECT-019,project_wide,"[""material_quantity"",""grade"",""economics""]",resource and economic assessment,,"[""india_ibm_nmi_2025_resource_inventory.csv"",""india_mining_candidate_areas_validation_gated.csv""]",India and aggregates,Mixed,"KHANAN does not estimate candidate-cell tonnage, grade, recovery, cut-off, processing route, cost, price, or economic viability.",IBM quantities remain national/state/grade aggregates; candidate rows contain no inferred resource or reserve quantity.,"Rankings cannot support valuation, feasibility, reserve reporting, or investment decisions.",Source aggregates and hypotheses are stored in separate tables with explicit units and exclusions.,"Site-specific qualified exploration, QA/QC, resource modeling, metallurgy, environmental review, and economic studies.",The model produces only relative screening indices.,must_remain_disclosed_in_final_coverage_audit,open_scope_limitation,outputs/ibm_nmi_2025_extraction_validation.json and outputs/validation_report.json
GAP-PROJECT-020,project_wide,"[""licensing"",""reuse""]",cross-source release licensing,,"[""source_registry.csv"",""release_artifact_manifest.csv""]",All release artifacts,Alpha.24 snapshot,Source licences and access terms vary; several publicly queryable government or hosted services do not provide a blanket redistribution licence for every underlying value.,38 source-registry entries with source-specific licence/access notes.,Users cannot assume one uniform licence applies to every upstream dataset.,"The release publishes derived data where justified, withholds restricted/unclear feature values, and carries source-specific notes into the manifest.",Dataset-specific provider terms or permissions sufficient for the intended redistribution and reuse.,Unclear-source values remain metadata-only or excluded.,must_remain_disclosed_in_final_coverage_audit,open_scope_limitation,outputs/source_registry.csv and docs/ngdr_access_and_integration.md
GAP-SOURCE-AP_PRAKASAM_JSW_IRON_BLOCK_STATUS_2026,source_specific,"[""licensing"",""coordinate_or_geometry"",""temporal_currency"",""method_or_unit_metadata""]","Official secondary evidence for the areas, status summaries, common milestones and drilling progress of Addankivaripalem, Lakshmakapalle North and Lakshmakapalle South.",SRC_AP_PRAKASAM_JSW_IRON_BLOCK_STATUS_2026,"[""india_ibm_auctioned_concession_status_evidence_2023_24.csv"",""source_registry.csv""]",Source-defined; see source title and affected artifacts.,page last updated 2026-09-02,The page is not the controlling licence instrument and publishes no block coordinates. Shared milestone rows are scoped to the named three-block JSW section; only two blocks have block-specific Form-C dates.,See source-specific validation and affected artifact counts.,"Interpretation is limited to the source's stated scope, currency, precision, access, and method constraints.","Retain source wording, provenance, quality fields, and model-use restrictions; do not fabricate missing values.","A newer or more complete authoritative source with explicit reuse, method, coordinate, and status metadata where applicable.",The source is used only for the role stated in source_registry.csv and the release manifest.,must_remain_disclosed_in_final_coverage_audit,open_source_limitation,outputs/source_registry.csv#SRC_AP_PRAKASAM_JSW_IRON_BLOCK_STATUS_2026
GAP-SOURCE-CENSUS_A01_2011,source_specific,"[""licensing"",""geographic_coverage""]",Census 2011 district area and population density.,SRC_CENSUS_A01_2011,"[""india_known_mining_sites.csv"",""india_mining_candidate_areas_validation_gated.csv"",""india_mining_prospectivity_grid_h3_r6.csv"",""india_strategic_materials_top50.csv"",""material_emag2_spatial_ablation.csv"",""material_emag2_spatial_ablation_folds.csv"",""material_model_support.csv"",""material_model_validation.csv"",""material_official_block_transfer_validation.csv"",""material_sentinel2_spatial_ablation.csv"",""material_sentinel2_spatial_ablation_folds.csv"",""material_soilgrids_spatial_ablation.csv"",""material_soilgrids_spatial_ablation_folds.csv"",""official_block_transfer_observations.csv"",""source_registry.csv""]",Source-defined; see source title and affected artifacts.,2011,2011 administrative geography.,See source-specific validation and affected artifact counts.,"Interpretation is limited to the source's stated scope, currency, precision, access, and method constraints.","Retain source wording, provenance, quality fields, and model-use restrictions; do not fabricate missing values.","A newer or more complete authoritative source with explicit reuse, method, coordinate, and status metadata where applicable.",The source is used only for the role stated in source_registry.csv and the release manifest.,must_remain_disclosed_in_final_coverage_audit,open_source_limitation,outputs/source_registry.csv#SRC_CENSUS_A01_2011
GAP-SOURCE-CENSUS_PCA_2011,source_specific,"[""licensing"",""geographic_coverage"",""temporal_currency"",""completeness""]","District population, households, sex, ages 0-6, Scheduled Caste/Tribe, literacy, and work participation.",SRC_CENSUS_PCA_2011,"[""india_known_mining_sites.csv"",""india_mining_candidate_areas_validation_gated.csv"",""india_mining_prospectivity_grid_h3_r6.csv"",""india_strategic_materials_top50.csv"",""material_emag2_spatial_ablation.csv"",""material_emag2_spatial_ablation_folds.csv"",""material_model_support.csv"",""material_model_validation.csv"",""material_official_block_transfer_validation.csv"",""material_sentinel2_spatial_ablation.csv"",""material_sentinel2_spatial_ablation_folds.csv"",""material_soilgrids_spatial_ablation.csv"",""material_soilgrids_spatial_ablation_folds.csv"",""official_block_transfer_observations.csv"",""source_registry.csv""]",Source-defined; see source title and affected artifacts.,2011,2011 reference geography and population; not a current population count.,See source-specific validation and affected artifact counts.,"Interpretation is limited to the source's stated scope, currency, precision, access, and method constraints.","Retain source wording, provenance, quality fields, and model-use restrictions; do not fabricate missing values.","A newer or more complete authoritative source with explicit reuse, method, coordinate, and status metadata where applicable.",The source is used only for the role stated in source_registry.csv and the release manifest.,must_remain_disclosed_in_final_coverage_audit,open_source_limitation,outputs/source_registry.csv#SRC_CENSUS_PCA_2011
GAP-SOURCE-COPERNICUS_SENTINEL2_L2A_PC,source_specific,"[""licensing"",""temporal_currency"",""method_or_unit_metadata"",""legal_or_operational_status"",""model_interpretation""]",Two fixed 2025 seasonal surface-context snapshots. One selected scene per India-relevant MGRS tile and season; native 20 m SCL plus six BOA-reflectance bands summarized at all 49 H3 r8 child centroids of each H3 r6 cell.,SRC_COPERNICUS_SENTINEL2_L2A_PC,"[""material_sentinel2_spatial_ablation.csv"",""material_sentinel2_spatial_ablation_folds.csv"",""source_registry.csv""]",Source-defined; see source title and affected artifacts.,2025 fixed seasonal observations; catalog accessed 2026-09-10,"Multispectral surface reflectance is affected by vegetation, soil moisture, atmosphere, season, land use, mixed pixels, cloud masking and scene selection. The broad indices and ratios are non-specific surface proxies, not mineral identification, subsurface evidence, a discovery, grade, resource, reserve or permission to explore. All features are excluded from production scoring pending spatial ablation.",See source-specific validation and affected artifact counts.,"Interpretation is limited to the source's stated scope, currency, precision, access, and method constraints.","Retain source wording, provenance, quality fields, and model-use restrictions; do not fabricate missing values.","A newer or more complete authoritative source with explicit reuse, method, coordinate, and status metadata where applicable.",The source is used only for the role stated in source_registry.csv and the release manifest.,must_remain_disclosed_in_final_coverage_audit,open_source_limitation,outputs/source_registry.csv#SRC_COPERNICUS_SENTINEL2_L2A_PC
GAP-SOURCE-DATAMEET_DISTRICTS_2011,source_specific,"[""geographic_coverage"",""coordinate_or_geometry"",""method_or_unit_metadata""]",Spatial assignment to 2011 Census districts.,SRC_DATAMEET_DISTRICTS_2011,"[""india_known_mining_sites.csv"",""india_mining_candidate_areas_validation_gated.csv"",""india_mining_prospectivity_grid_h3_r6.csv"",""india_strategic_materials_top50.csv"",""material_emag2_spatial_ablation.csv"",""material_emag2_spatial_ablation_folds.csv"",""material_model_support.csv"",""material_model_validation.csv"",""material_official_block_transfer_validation.csv"",""material_sentinel2_spatial_ablation.csv"",""material_sentinel2_spatial_ablation_folds.csv"",""material_soilgrids_spatial_ablation.csv"",""material_soilgrids_spatial_ablation_folds.csv"",""official_block_transfer_observations.csv"",""source_registry.csv""]",Source-defined; see source title and affected artifacts.,repository accessed 2026-09-09,Community-derived boundary data; known shifts and geometry imperfections are documented by DataMeet.,See source-specific validation and affected artifact counts.,"Interpretation is limited to the source's stated scope, currency, precision, access, and method constraints.","Retain source wording, provenance, quality fields, and model-use restrictions; do not fabricate missing values.","A newer or more complete authoritative source with explicit reuse, method, coordinate, and status metadata where applicable.",The source is used only for the role stated in source_registry.csv and the release manifest.,must_remain_disclosed_in_final_coverage_audit,open_source_limitation,outputs/source_registry.csv#SRC_DATAMEET_DISTRICTS_2011
GAP-SOURCE-DATAMEET_INDIA_BOUNDARY,source_specific,"[""geographic_coverage"",""coordinate_or_geometry"",""completeness""]",Nationwide H3 grid generation.,SRC_DATAMEET_INDIA_BOUNDARY,"[""india_known_mining_sites.csv"",""india_mining_candidate_areas_validation_gated.csv"",""india_mining_prospectivity_grid_h3_r6.csv"",""india_strategic_materials_top50.csv"",""material_emag2_spatial_ablation.csv"",""material_emag2_spatial_ablation_folds.csv"",""material_model_support.csv"",""material_model_validation.csv"",""material_official_block_transfer_validation.csv"",""material_sentinel2_spatial_ablation.csv"",""material_sentinel2_spatial_ablation_folds.csv"",""material_soilgrids_spatial_ablation.csv"",""material_soilgrids_spatial_ablation_folds.csv"",""official_block_transfer_observations.csv"",""source_registry.csv""]",Source-defined; see source title and affected artifacts.,repository accessed 2026-09-09,Boundary representation follows the cited India-source convention; H3 center containment creates partial coastal cells.,See source-specific validation and affected artifact counts.,"Interpretation is limited to the source's stated scope, currency, precision, access, and method constraints.","Retain source wording, provenance, quality fields, and model-use restrictions; do not fabricate missing values.","A newer or more complete authoritative source with explicit reuse, method, coordinate, and status metadata where applicable.",The source is used only for the role stated in source_registry.csv and the release manifest.,must_remain_disclosed_in_final_coverage_audit,open_source_limitation,outputs/source_registry.csv#SRC_DATAMEET_INDIA_BOUNDARY
GAP-SOURCE-EARTHCHEM_ECL_4498_DUTT_2026,source_specific,"[""licensing"",""geographic_coverage"",""coordinate_or_geometry"",""method_or_unit_metadata"",""completeness"",""model_interpretation""]","Independent geochemical context: 13 GPS-linked samples at two coordinate sites, whole-rock major and trace chemistry, Sr-Nd isotopes, in-situ mineral chemistry, analytical methods, reference materials and procedural blanks.",SRC_EARTHCHEM_ECL_4498_DUTT_2026,"[""source_registry.csv""]",Source-defined; see source title and affected artifacts.,Version 1.0; created 2026-06-10; published 2026-06-11,"Targeted petrological samples are not a systematic regional survey and do not establish a mine, deposit, reserve, discovery, grade continuity or economic viability. The source sample table does not assign its dataset-level rock classes to individual IDs; coordinate datum/accuracy and numerical detection limits are not reported. The source note for NA is semantically unresolved, one method code conflicts across sheets, and the in-situ 1mm beam-diameter text is retained verbatim. All rows are excluded from v0.6 training and validation pending spatially independent evaluation.",See source-specific validation and affected artifact counts.,"Interpretation is limited to the source's stated scope, currency, precision, access, and method constraints.","Retain source wording, provenance, quality fields, and model-use restrictions; do not fabricate missing values.","A newer or more complete authoritative source with explicit reuse, method, coordinate, and status metadata where applicable.",The source is used only for the role stated in source_registry.csv and the release manifest.,must_remain_disclosed_in_final_coverage_audit,open_source_limitation,outputs/source_registry.csv#SRC_EARTHCHEM_ECL_4498_DUTT_2026
GAP-SOURCE-ESRI_INDIA_GEOLOGY,source_specific,"[""licensing"",""geographic_coverage"",""coordinate_or_geometry"",""method_or_unit_metadata""]","Geological age, supergroup, group, and stratigraphy sampled at H3 cell centroids.",SRC_ESRI_INDIA_GEOLOGY,"[""india_known_mining_sites.csv"",""india_mining_candidate_areas_validation_gated.csv"",""india_mining_prospectivity_grid_h3_r6.csv"",""india_strategic_materials_top50.csv"",""material_emag2_spatial_ablation.csv"",""material_emag2_spatial_ablation_folds.csv"",""material_model_support.csv"",""material_model_validation.csv"",""material_official_block_transfer_validation.csv"",""material_sentinel2_spatial_ablation.csv"",""material_sentinel2_spatial_ablation_folds.csv"",""material_soilgrids_spatial_ablation.csv"",""material_soilgrids_spatial_ablation_folds.csv"",""official_block_transfer_observations.csv"",""source_registry.csv""]",Source-defined; see source title and affected artifacts.,service accessed 2026-09-09,Service metadata does not identify polygon provenance or license; map-unit scale and positional accuracy are not stated.,See source-specific validation and affected artifact counts.,"Interpretation is limited to the source's stated scope, currency, precision, access, and method constraints.","Retain source wording, provenance, quality fields, and model-use restrictions; do not fabricate missing values.","A newer or more complete authoritative source with explicit reuse, method, coordinate, and status metadata where applicable.",The source is used only for the role stated in source_registry.csv and the release manifest.,must_remain_disclosed_in_final_coverage_audit,open_source_limitation,outputs/source_registry.csv#SRC_ESRI_INDIA_GEOLOGY
GAP-SOURCE-GSI_DATA_SHARING_POLICY_2019,source_specific,"[""licensing"",""source_access"",""temporal_currency"",""legal_or_operational_status""]","Controls KHANAN's access, attribution, caching, redistribution, and derivative-data decision for NGDR/GSI evidence.",SRC_GSI_DATA_SHARING_POLICY_2019,"[""source_registry.csv""]",Source-defined; see source title and affected artifacts.,2019; audited 2026-09-10,"KHANAN does not provide legal advice. Applicability can depend on access class, dataset, user category, agreement, and current portal terms.",See source-specific validation and affected artifact counts.,"Interpretation is limited to the source's stated scope, currency, precision, access, and method constraints.","Retain source wording, provenance, quality fields, and model-use restrictions; do not fabricate missing values.","A newer or more complete authoritative source with explicit reuse, method, coordinate, and status metadata where applicable.",The source is used only for the role stated in source_registry.csv and the release manifest.,must_remain_disclosed_in_final_coverage_audit,open_source_limitation,outputs/source_registry.csv#SRC_GSI_DATA_SHARING_POLICY_2019
GAP-SOURCE-GSI_NGDR_GUEST_OGC_CATALOG,source_specific,"[""licensing"",""source_access"",""temporal_currency"",""method_or_unit_metadata"",""completeness"",""legal_or_operational_status"",""model_interpretation""]","Metadata-only audit of authoritative mineral, geochemistry, geophysics, soil, lithology, and geology layers. No raw feature values are published or used in scoring in this release.",SRC_GSI_NGDR_GUEST_OGC_CATALOG,"[""ngdr_service_inventory.csv"",""source_registry.csv""]",Source-defined; see source title and affected artifacts.,live service; audited 2026-09-10,"Live service content can change. Analytical units, methods, detection limits, scale, and redistribution status are not sufficiently established for model integration from service schemas alone.",See source-specific validation and affected artifact counts.,"Interpretation is limited to the source's stated scope, currency, precision, access, and method constraints.","Retain source wording, provenance, quality fields, and model-use restrictions; do not fabricate missing values.","A newer or more complete authoritative source with explicit reuse, method, coordinate, and status metadata where applicable.",The source is used only for the role stated in source_registry.csv and the release manifest.,must_remain_disclosed_in_final_coverage_audit,open_source_limitation,outputs/source_registry.csv#SRC_GSI_NGDR_GUEST_OGC_CATALOG
GAP-SOURCE-GSI_OGD_MINERAL_DEPOSIT_CATALOGS_2013,source_specific,"[""licensing"",""source_access"",""geographic_coverage"",""temporal_currency"",""completeness"",""model_interpretation""]","Authoritative preview-limited deposit locality, state, toposheet, coordinate, commodity, host-rock, morphogenesis, formation and metallogenic context; source-access completeness audit.",SRC_GSI_OGD_MINERAL_DEPOSIT_CATALOGS_2013,"[""gsi_ogd_mineral_deposit_catalog_audit.csv"",""india_gsi_ogd_mineral_deposit_preview.csv"",""source_registry.csv""]",Source-defined; see source title and affected artifacts.,published 2013; resources updated 2014-04-17; accessed 2026-09-10,"The eight catalogs report 381 rows, but the public preview returned only 78 first rows and is not random. The full workbooks were not acquired automatically because downloads are CAPTCHA-gated. Catalogs are historical and not proven independent of MRDS or prior geological knowledge; all rows are excluded from model training, validation, scoring and candidate promotion.",See source-specific validation and affected artifact counts.,"Interpretation is limited to the source's stated scope, currency, precision, access, and method constraints.","Retain source wording, provenance, quality fields, and model-use restrictions; do not fabricate missing values.","A newer or more complete authoritative source with explicit reuse, method, coordinate, and status metadata where applicable.",The source is used only for the role stated in source_registry.csv and the release manifest.,must_remain_disclosed_in_final_coverage_audit,open_source_limitation,outputs/source_registry.csv#SRC_GSI_OGD_MINERAL_DEPOSIT_CATALOGS_2013
GAP-SOURCE-IBM_ABANDONED_MINE_SITES,source_specific,"[""licensing"",""geographic_coverage"",""coordinate_or_geometry"",""temporal_currency"",""completeness"",""legal_or_operational_status"",""model_interpretation""]","Authoritative named inventory of 82 abandoned/orphaned mine sites identified for reclamation or rehabilitation, with state, source mineral wording, and earlier lessee.",SRC_IBM_ABANDONED_MINE_SITES,"[""india_ibm_abandoned_mine_sites.csv"",""india_material_ontology_v1.csv"",""material_source_term_crosswalk_v1.csv"",""source_registry.csv""]",Source-defined; see source title and affected artifacts.,source page last-updated date and snapshot access date are recorded in the output; underlying site-identification period not stated,"No district, coordinate, mine code, lease geometry, closure date, or controlling current status is published. Rows are excluded from prospectivity scoring and are not a current all-mines or all-leases register.",See source-specific validation and affected artifact counts.,"Interpretation is limited to the source's stated scope, currency, precision, access, and method constraints.","Retain source wording, provenance, quality fields, and model-use restrictions; do not fabricate missing values.","A newer or more complete authoritative source with explicit reuse, method, coordinate, and status metadata where applicable.",The source is used only for the role stated in source_registry.csv and the release manifest.,must_remain_disclosed_in_final_coverage_audit,open_source_limitation,outputs/source_registry.csv#SRC_IBM_ABANDONED_MINE_SITES
GAP-SOURCE-IBM_INDIAN_MINERALS_YEARBOOK_2024_CONCESSIONS,source_specific,"[""licensing"",""geographic_coverage"",""coordinate_or_geometry"",""temporal_currency"",""legal_or_operational_status"",""model_interpretation""]",Authoritative national/state/mineral/sector/area-band mining-lease aggregates and the published 2023-24 list of 97 mining leases or composite licences granted through auction.,SRC_IBM_INDIAN_MINERALS_YEARBOOK_2024_CONCESSIONS,"[""india_ibm_auctioned_concession_geometries_2023_24.geojson"",""india_ibm_auctioned_mineral_concessions_2023_24.csv"",""india_ibm_mining_lease_distribution_2024.csv"",""india_material_ontology_v1.csv"",""material_source_term_crosswalk_v1.csv"",""source_registry.csv""]",Source-defined; see source title and affected artifacts.,2024 reporting year; PDF created 2026-01-21; lease status provisional as at 2024-03-31,"Tables exclude atomic minerals, coal, lignite, petroleum, natural gas and minor minerals. Aggregate rows are non-spatial. Table 5 publishes block names, state, mineral, auction date, concession type and usually area, but no coordinates, polygons, bidder, production, reserves, controlling current legal status or operating status. IBM prints an unparseable 'n' for the Himachal Pradesh 2024 lease count; KHANAN preserves it and leaves the numeric value blank.",See source-specific validation and affected artifact counts.,"Interpretation is limited to the source's stated scope, currency, precision, access, and method constraints.","Retain source wording, provenance, quality fields, and model-use restrictions; do not fabricate missing values.","A newer or more complete authoritative source with explicit reuse, method, coordinate, and status metadata where applicable.",The source is used only for the role stated in source_registry.csv and the release manifest.,must_remain_disclosed_in_final_coverage_audit,open_source_limitation,outputs/source_registry.csv#SRC_IBM_INDIAN_MINERALS_YEARBOOK_2024_CONCESSIONS
GAP-SOURCE-IBM_INDIAN_MINERALS_YEARBOOK_2024_STATE_REVIEWS,source_specific,"[""licensing"",""geographic_coverage"",""temporal_currency"",""completeness"",""legal_or_operational_status"",""model_interpretation""]","Official compiled State/UT mineral-occurrence geography, with district, named-area and statewide scope preserved separately.",SRC_IBM_INDIAN_MINERALS_YEARBOOK_2024_STATE_REVIEWS,"[""india_ibm_district_mineral_context_h3_r6.csv"",""india_ibm_district_mineral_occurrences_2024.csv"",""india_ibm_state_mineral_occurrences_2024.csv"",""india_material_ontology_v1.csv"",""material_source_term_crosswalk_v1.csv"",""source_registry.csv""]",Source-defined; see source title and affected artifacts.,2024 reporting year; PDF created 2026-03-11; NMI resource tables mostly as at 2020-04-01,"IBM says the Yearbook is internally collated from multiple divisions and sources, advises reader discretion and disclaims warranties. Occurrence prose is not a mine register, assay, reserve, grade, legal status, operating status or new discovery. Administrative names and vintages vary.",See source-specific validation and affected artifact counts.,"Interpretation is limited to the source's stated scope, currency, precision, access, and method constraints.","Retain source wording, provenance, quality fields, and model-use restrictions; do not fabricate missing values.","A newer or more complete authoritative source with explicit reuse, method, coordinate, and status metadata where applicable.",The source is used only for the role stated in source_registry.csv and the release manifest.,must_remain_disclosed_in_final_coverage_audit,open_source_limitation,outputs/source_registry.csv#SRC_IBM_INDIAN_MINERALS_YEARBOOK_2024_STATE_REVIEWS
GAP-SOURCE-IBM_MCDR_INSPECTIONS_2023_2026,source_specific,"[""licensing"",""geographic_coverage"",""coordinate_or_geometry"",""temporal_currency"",""completeness"",""legal_or_operational_status"",""model_interpretation""]","Named mine inspection events, dates, regions, state/district, mineral, owner/lessee, mine code, lease area, and linked report/notice documents where published.",SRC_IBM_MCDR_INSPECTIONS_2023_2026,"[""india_ibm_mcdr_inspection_events_2023_2026.csv"",""india_ibm_mcdr_latest_inspected_mines.csv"",""india_material_ontology_v1.csv"",""material_source_term_crosswalk_v1.csv"",""source_registry.csv""]",Source-defined; see source title and affected artifacts.,inspection dates through source access 2026-09-09,"Inspection tables are not an exhaustive lease or working-mine register. Inclusion shows a published IBM inspection-table record, not current production, legal compliance, reserve size, or georeferenced location.",See source-specific validation and affected artifact counts.,"Interpretation is limited to the source's stated scope, currency, precision, access, and method constraints.","Retain source wording, provenance, quality fields, and model-use restrictions; do not fabricate missing values.","A newer or more complete authoritative source with explicit reuse, method, coordinate, and status metadata where applicable.",The source is used only for the role stated in source_registry.csv and the release manifest.,must_remain_disclosed_in_final_coverage_audit,open_source_limitation,outputs/source_registry.csv#SRC_IBM_MCDR_INSPECTIONS_2023_2026
GAP-SOURCE-IBM_NMI_2025,source_specific,"[""licensing"",""geographic_coverage"",""coordinate_or_geometry"",""temporal_currency""]","Authoritative 2025 UNFC reserves/resources by mineral, grade or measure, and state/UT.",SRC_IBM_NMI_2025,"[""india_ibm_nmi_2025_resource_inventory.csv"",""india_material_ontology_v1.csv"",""material_source_term_crosswalk_v1.csv"",""source_registry.csv""]",Source-defined; see source title and affected artifacts.,resources as on 2025-04-01,National/state aggregates are not deposit locations; the source chapter provides no coordinates or polygons and figures are rounded.,See source-specific validation and affected artifact counts.,"Interpretation is limited to the source's stated scope, currency, precision, access, and method constraints.","Retain source wording, provenance, quality fields, and model-use restrictions; do not fabricate missing values.","A newer or more complete authoritative source with explicit reuse, method, coordinate, and status metadata where applicable.",The source is used only for the role stated in source_registry.csv and the release manifest.,must_remain_disclosed_in_final_coverage_audit,open_source_limitation,outputs/source_registry.csv#SRC_IBM_NMI_2025
GAP-SOURCE-IMA_CNMNC_MINERAL_LIST_2026_09,source_specific,"[""licensing"",""geographic_coverage""]","Canonical mineral-species names, approved formulae, IMA status, and authority verification in the v1 material ontology.",SRC_IMA_CNMNC_MINERAL_LIST_2026_09,"[""india_material_ontology_v1.csv"",""source_registry.csv""]",Source-defined; see source title and affected artifacts.,2026-09,"The IMA list defines mineral species; rocks, ores, mixtures, varieties, commodity groups, and industrial products require separate classification.",See source-specific validation and affected artifact counts.,"Interpretation is limited to the source's stated scope, currency, precision, access, and method constraints.","Retain source wording, provenance, quality fields, and model-use restrictions; do not fabricate missing values.","A newer or more complete authoritative source with explicit reuse, method, coordinate, and status metadata where applicable.",The source is used only for the role stated in source_registry.csv and the release manifest.,must_remain_disclosed_in_final_coverage_audit,open_source_limitation,outputs/source_registry.csv#SRC_IMA_CNMNC_MINERAL_LIST_2026_09
GAP-SOURCE-INDIA_CRITICAL_2023,source_specific,"[""licensing""]",Official first 30 entries in the strategic-material priority list.,SRC_INDIA_CRITICAL_2023,"[""india_known_mining_sites.csv"",""india_material_ontology_v1.csv"",""india_mining_candidate_areas_validation_gated.csv"",""india_mining_prospectivity_grid_h3_r6.csv"",""india_strategic_materials_top50.csv"",""material_emag2_spatial_ablation.csv"",""material_emag2_spatial_ablation_folds.csv"",""material_model_support.csv"",""material_model_validation.csv"",""material_official_block_transfer_validation.csv"",""material_sentinel2_spatial_ablation.csv"",""material_sentinel2_spatial_ablation_folds.csv"",""material_soilgrids_spatial_ablation.csv"",""material_soilgrids_spatial_ablation_folds.csv"",""official_block_transfer_observations.csv"",""source_registry.csv""]",Source-defined; see source title and affected artifacts.,2023-06,Criticality priorities can change; the report recommends periodic review.,See source-specific validation and affected artifact counts.,"Interpretation is limited to the source's stated scope, currency, precision, access, and method constraints.","Retain source wording, provenance, quality fields, and model-use restrictions; do not fabricate missing values.","A newer or more complete authoritative source with explicit reuse, method, coordinate, and status metadata where applicable.",The source is used only for the role stated in source_registry.csv and the release manifest.,must_remain_disclosed_in_final_coverage_audit,open_source_limitation,outputs/source_registry.csv#SRC_INDIA_CRITICAL_2023
GAP-SOURCE-ISRIC_SOILGRIDS_V2,source_specific,"[""licensing"",""method_or_unit_metadata"",""model_interpretation""]","Resolution-controlled WCS subsets of nine soil properties at 0-5 cm and 30-60 cm, including mean predictions and 90% prediction intervals sampled at H3 resolution-6 centroids.",SRC_ISRIC_SOILGRIDS_V2,"[""material_soilgrids_spatial_ablation.csv"",""material_soilgrids_spatial_ablation_folds.csv"",""source_registry.csv""]",Source-defined; see source title and affected artifacts.,SoilGrids 2.0; source snapshot accessed 2026-09-10,"Global machine-learning predictions at native 250 m resolution, not field assays or mineral-deposit evidence. KHANAN samples a coarser 0.025-degree WCS derivative. SoilGrids uses environmental covariates including climate, land cover and terrain, so feature dependence and leakage must be tested before model admission.",See source-specific validation and affected artifact counts.,"Interpretation is limited to the source's stated scope, currency, precision, access, and method constraints.","Retain source wording, provenance, quality fields, and model-use restrictions; do not fabricate missing values.","A newer or more complete authoritative source with explicit reuse, method, coordinate, and status metadata where applicable.",The source is used only for the role stated in source_registry.csv and the release manifest.,must_remain_disclosed_in_final_coverage_audit,open_source_limitation,outputs/source_registry.csv#SRC_ISRIC_SOILGRIDS_V2
GAP-SOURCE-IUPAC_PERIODIC_TABLE_2022,source_specific,"[""licensing"",""geographic_coverage"",""model_interpretation""]","Element names, symbols, and atomic numbers for ontology entities that are independently evidenced or members of official critical-mineral groups.",SRC_IUPAC_PERIODIC_TABLE_2022,"[""india_material_ontology_v1.csv"",""source_registry.csv""]",Source-defined; see source title and affected artifacts.,2022-05-04,"Element membership does not imply a mineable occurrence, recoverable grade, or deposit in India.",See source-specific validation and affected artifact counts.,"Interpretation is limited to the source's stated scope, currency, precision, access, and method constraints.","Retain source wording, provenance, quality fields, and model-use restrictions; do not fabricate missing values.","A newer or more complete authoritative source with explicit reuse, method, coordinate, and status metadata where applicable.",The source is used only for the role stated in source_registry.csv and the release manifest.,must_remain_disclosed_in_final_coverage_audit,open_source_limitation,outputs/source_registry.csv#SRC_IUPAC_PERIODIC_TABLE_2022
GAP-SOURCE-MINES_NMMC_AUCTION_OPERATIONALIZATION_JAN2025,source_specific,"[""licensing"",""temporal_currency"",""completeness"",""legal_or_operational_status""]","Official secondary historical status, preferred bidder, final bid and area evidence for Adakula and Mincheri RF on physical PDF page 50.",SRC_MINES_NMMC_AUCTION_OPERATIONALIZATION_JAN2025,"[""india_ibm_auctioned_concession_status_evidence_2023_24.csv"",""source_registry.csv""]",Source-defined; see source title and affected artifacts.,January 2025; PDF created 2025-01-22,"The slide says LoI was pending at that historical snapshot and is not a controlling grant record or proof of present operation. It prints 14 April 2024 for Mincheri, conflicting with IBM's 11 March 2024 auction date.",See source-specific validation and affected artifact counts.,"Interpretation is limited to the source's stated scope, currency, precision, access, and method constraints.","Retain source wording, provenance, quality fields, and model-use restrictions; do not fabricate missing values.","A newer or more complete authoritative source with explicit reuse, method, coordinate, and status metadata where applicable.",The source is used only for the role stated in source_registry.csv and the release manifest.,must_remain_disclosed_in_final_coverage_audit,open_source_limitation,outputs/source_registry.csv#SRC_MINES_NMMC_AUCTION_OPERATIONALIZATION_JAN2025
GAP-SOURCE-MSTC_CRITICAL_MBS_T1_T8,source_specific,"[""licensing"",""source_access"",""geographic_coverage"",""coordinate_or_geometry"",""temporal_currency"",""legal_or_operational_status""]","Block names, districts, concession areas, material portfolios, and source-published boundary coordinates for 143 non-superseded auction-offer observations.",SRC_MSTC_CRITICAL_MBS_T1_T8,"[""india_material_ontology_v1.csv"",""india_official_critical_mineral_blocks.csv"",""india_official_critical_mineral_mbs_manifest.csv"",""material_official_block_transfer_validation.csv"",""material_source_term_crosswalk_v1.csv"",""official_block_transfer_observations.csv"",""source_registry.csv""]",Source-defined; see source title and affected artifacts.,accessed 2026-09-10,Two superseded portal files are excluded. Coordinates are checked against published areas and 2011 state boundaries; legal boundaries and current status must be verified from controlling tender/grant documents.,See source-specific validation and affected artifact counts.,"Interpretation is limited to the source's stated scope, currency, precision, access, and method constraints.","Retain source wording, provenance, quality fields, and model-use restrictions; do not fabricate missing values.","A newer or more complete authoritative source with explicit reuse, method, coordinate, and status metadata where applicable.",The source is used only for the role stated in source_registry.csv and the release manifest.,must_remain_disclosed_in_final_coverage_audit,open_source_limitation,outputs/source_registry.csv#SRC_MSTC_CRITICAL_MBS_T1_T8
GAP-SOURCE-MSTC_CRITICAL_NIT_T1_T8,source_specific,"[""licensing"",""source_access"",""temporal_currency"",""legal_or_operational_status"",""model_interpretation""]","Authoritative tranche dates, lists, first/second-attempt sections, concession types, and fallback coordinate tables where standalone summaries omit them.",SRC_MSTC_CRITICAL_NIT_T1_T8,"[""india_official_critical_mineral_blocks.csv"",""india_official_critical_mineral_mbs_manifest.csv"",""material_official_block_transfer_validation.csv"",""official_block_transfer_observations.csv"",""source_registry.csv""]",Source-defined; see source title and affected artifacts.,accessed 2026-09-10,"Tender notices describe auction events, not final grants, operating mines, reserves, grade assurance, or permission to access land.",See source-specific validation and affected artifact counts.,"Interpretation is limited to the source's stated scope, currency, precision, access, and method constraints.","Retain source wording, provenance, quality fields, and model-use restrictions; do not fabricate missing values.","A newer or more complete authoritative source with explicit reuse, method, coordinate, and status metadata where applicable.",The source is used only for the role stated in source_registry.csv and the release manifest.,must_remain_disclosed_in_final_coverage_audit,open_source_limitation,outputs/source_registry.csv#SRC_MSTC_CRITICAL_NIT_T1_T8
GAP-SOURCE-MSTC_CRITICAL_RESULTS_T6_T7,source_specific,"[""licensing"",""source_access"",""geographic_coverage"",""temporal_currency""]","Named tranche-VI and tranche-VII results, auction numbers/timestamps, bidders, registration numbers, and final offers.",SRC_MSTC_CRITICAL_RESULTS_T6_T7,"[""india_official_critical_mineral_blocks.csv"",""india_official_critical_mineral_mbs_manifest.csv"",""material_official_block_transfer_validation.csv"",""official_block_transfer_observations.csv"",""source_registry.csv""]",Source-defined; see source title and affected artifacts.,accessed 2026-09-10,"Dynamic results page; mock-auction rows are excluded. Portal display may change, so values are tied to the stated access date.",See source-specific validation and affected artifact counts.,"Interpretation is limited to the source's stated scope, currency, precision, access, and method constraints.","Retain source wording, provenance, quality fields, and model-use restrictions; do not fabricate missing values.","A newer or more complete authoritative source with explicit reuse, method, coordinate, and status metadata where applicable.",The source is used only for the role stated in source_registry.csv and the release manifest.,must_remain_disclosed_in_final_coverage_audit,open_source_limitation,outputs/source_registry.csv#SRC_MSTC_CRITICAL_RESULTS_T6_T7
GAP-SOURCE-MSTC_STATE_MBS_IBM_AUCTIONS_2023_24,source_specific,"[""licensing"",""source_access"",""geographic_coverage"",""coordinate_or_geometry"",""temporal_currency"",""legal_or_operational_status"",""model_interpretation""]","Reviewed document links, source-published concession boundary coordinates, exploration summaries, geological resources, grades, climate, terrain, hydrology and access context.",SRC_MSTC_STATE_MBS_IBM_AUCTIONS_2023_24,"[""india_ibm_auctioned_concession_geometries_2023_24.geojson"",""material_official_block_transfer_validation.csv"",""official_block_transfer_observations.csv"",""source_registry.csv""]",Source-defined; see source title and affected artifacts.,source documents reviewed; portal accessed 2026-09-10,"Alpha.16 reviews all 97 IBM rows: 92 selected State MBS PDFs and five Andhra Pradesh exact-name searches with no match in the current public index. The 22 Madhya Pradesh Phase-XI and 31 Rajasthan historical matches use browser-verified pinned file identifiers so newer same-name uploads cannot silently replace the IBM 2023-24 tranche. Mine Block Summaries describe auction-stage technical context and do not independently prove current operation, present legal status, access permission or reserve classification. Source conflicts and failed geometry checks are withheld, not repaired by inference.",See source-specific validation and affected artifact counts.,"Interpretation is limited to the source's stated scope, currency, precision, access, and method constraints.","Retain source wording, provenance, quality fields, and model-use restrictions; do not fabricate missing values.","A newer or more complete authoritative source with explicit reuse, method, coordinate, and status metadata where applicable.",The source is used only for the role stated in source_registry.csv and the release manifest.,must_remain_disclosed_in_final_coverage_audit,open_source_limitation,outputs/source_registry.csv#SRC_MSTC_STATE_MBS_IBM_AUCTIONS_2023_24
GAP-SOURCE-NASA_POWER_ROLLING_12M,source_specific,"[""temporal_currency"",""method_or_unit_metadata""]","Rolling 12-month temperature, precipitation, relative humidity, and wind-speed summaries.",SRC_NASA_POWER_ROLLING_12M,"[""india_known_mining_sites.csv"",""india_mining_candidate_areas_validation_gated.csv"",""india_mining_prospectivity_grid_h3_r6.csv"",""india_strategic_materials_top50.csv"",""material_emag2_spatial_ablation.csv"",""material_emag2_spatial_ablation_folds.csv"",""material_model_support.csv"",""material_model_validation.csv"",""material_official_block_transfer_validation.csv"",""material_sentinel2_spatial_ablation.csv"",""material_sentinel2_spatial_ablation_folds.csv"",""material_soilgrids_spatial_ablation.csv"",""material_soilgrids_spatial_ablation_folds.csv"",""official_block_transfer_observations.csv"",""source_registry.csv""]",Source-defined; see source title and affected artifacts.,2025-09-01 through 2026-08-31,Meteorological data at native source resolution. Recent near-real-time values may later be superseded by long-term MERRA-2 products; the exact daily source files and checksums are cached for reproducibility.,See source-specific validation and affected artifact counts.,"Interpretation is limited to the source's stated scope, currency, precision, access, and method constraints.","Retain source wording, provenance, quality fields, and model-use restrictions; do not fabricate missing values.","A newer or more complete authoritative source with explicit reuse, method, coordinate, and status metadata where applicable.",The source is used only for the role stated in source_registry.csv and the release manifest.,must_remain_disclosed_in_final_coverage_audit,open_source_limitation,outputs/source_registry.csv#SRC_NASA_POWER_ROLLING_12M
GAP-SOURCE-NOAA_EMAG2V3,source_specific,"[""licensing"",""geographic_coverage"",""method_or_unit_metadata"",""model_interpretation""]","Two-arc-minute magnetic anomaly at a consistent 4 km altitude, source error estimate, and source-grid code sampled at H3 resolution-6 centroids, with local 3x3 source-pixel summaries.",SRC_NOAA_EMAG2V3,"[""material_emag2_spatial_ablation.csv"",""material_emag2_spatial_ablation_folds.csv"",""source_registry.csv""]",Source-defined; see source title and affected artifacts.,Version 3 published 2017-05-30; accessed 2026-09-10,"A global compilation of heterogeneous satellite, ship, airborne and precompiled sources. Resolution and error vary; values are regional geophysical context, not deposit evidence, grade, depth or economic viability. The GeoTIFF lacks embedded CRS metadata, so EPSG:4326 is assigned from NCEI ISO metadata.",See source-specific validation and affected artifact counts.,"Interpretation is limited to the source's stated scope, currency, precision, access, and method constraints.","Retain source wording, provenance, quality fields, and model-use restrictions; do not fabricate missing values.","A newer or more complete authoritative source with explicit reuse, method, coordinate, and status metadata where applicable.",The source is used only for the role stated in source_registry.csv and the release manifest.,must_remain_disclosed_in_final_coverage_audit,open_source_limitation,outputs/source_registry.csv#SRC_NOAA_EMAG2V3
GAP-SOURCE-PIB_CRITICAL_BLOCKS_T1,source_specific,"[""licensing"",""coordinate_or_geometry"",""model_interpretation""]","Official block-name, state, mineral, and concession-type inventory.",SRC_PIB_CRITICAL_BLOCKS_T1,"[""india_official_critical_mineral_blocks.csv"",""india_official_critical_mineral_mbs_manifest.csv"",""material_official_block_transfer_validation.csv"",""official_block_transfer_observations.csv"",""source_registry.csv""]",Source-defined; see source title and affected artifacts.,2023-12-13,Summary table provides no exact coordinates or polygons; records are inventory-only and excluded from spatial modelling.,See source-specific validation and affected artifact counts.,"Interpretation is limited to the source's stated scope, currency, precision, access, and method constraints.","Retain source wording, provenance, quality fields, and model-use restrictions; do not fabricate missing values.","A newer or more complete authoritative source with explicit reuse, method, coordinate, and status metadata where applicable.",The source is used only for the role stated in source_registry.csv and the release manifest.,must_remain_disclosed_in_final_coverage_audit,open_source_limitation,outputs/source_registry.csv#SRC_PIB_CRITICAL_BLOCKS_T1
GAP-SOURCE-PIB_CRITICAL_BLOCKS_T5,source_specific,"[""licensing"",""coordinate_or_geometry"",""model_interpretation""]","Official block-name, state, mineral, concession, bidder, and final-offer inventory.",SRC_PIB_CRITICAL_BLOCKS_T5,"[""india_official_critical_mineral_blocks.csv"",""india_official_critical_mineral_mbs_manifest.csv"",""material_official_block_transfer_validation.csv"",""official_block_transfer_observations.csv"",""source_registry.csv""]",Source-defined; see source title and affected artifacts.,2025-05-27,Summary table provides no exact coordinates or polygons; records are inventory-only and excluded from spatial modelling.,See source-specific validation and affected artifact counts.,"Interpretation is limited to the source's stated scope, currency, precision, access, and method constraints.","Retain source wording, provenance, quality fields, and model-use restrictions; do not fabricate missing values.","A newer or more complete authoritative source with explicit reuse, method, coordinate, and status metadata where applicable.",The source is used only for the role stated in source_registry.csv and the release manifest.,must_remain_disclosed_in_final_coverage_audit,open_source_limitation,outputs/source_registry.csv#SRC_PIB_CRITICAL_BLOCKS_T5
GAP-SOURCE-PIB_CRITICAL_BLOCKS_T8,source_specific,"[""licensing"",""geographic_coverage"",""legal_or_operational_status""]","Tranche-VIII offer status, tranche count, state totals, and mineral portfolio.",SRC_PIB_CRITICAL_BLOCKS_T8,"[""india_official_critical_mineral_blocks.csv"",""india_official_critical_mineral_mbs_manifest.csv"",""material_official_block_transfer_validation.csv"",""official_block_transfer_observations.csv"",""source_registry.csv""]",Source-defined; see source title and affected artifacts.,2026-07-15,The release provides aggregate state counts rather than a named block table; named rows are linked to MSTC mineral block summaries.,See source-specific validation and affected artifact counts.,"Interpretation is limited to the source's stated scope, currency, precision, access, and method constraints.","Retain source wording, provenance, quality fields, and model-use restrictions; do not fabricate missing values.","A newer or more complete authoritative source with explicit reuse, method, coordinate, and status metadata where applicable.",The source is used only for the role stated in source_registry.csv and the release manifest.,must_remain_disclosed_in_final_coverage_audit,open_source_limitation,outputs/source_registry.csv#SRC_PIB_CRITICAL_BLOCKS_T8
GAP-SOURCE-PIB_CRITICAL_RESULTS_T1,source_specific,"[""licensing"",""source_access"",""legal_or_operational_status"",""model_interpretation""]","Tranche-I successful-auction results, bidders, and premiums.",SRC_PIB_CRITICAL_RESULTS_T1,"[""india_official_critical_mineral_blocks.csv"",""india_official_critical_mineral_mbs_manifest.csv"",""material_official_block_transfer_validation.csv"",""official_block_transfer_observations.csv"",""source_registry.csv""]",Source-defined; see source title and affected artifacts.,2024-06-24,"A preferred-bidder result is not proof of final grant, production, reserves/resources, or legal/access feasibility.",See source-specific validation and affected artifact counts.,"Interpretation is limited to the source's stated scope, currency, precision, access, and method constraints.","Retain source wording, provenance, quality fields, and model-use restrictions; do not fabricate missing values.","A newer or more complete authoritative source with explicit reuse, method, coordinate, and status metadata where applicable.",The source is used only for the role stated in source_registry.csv and the release manifest.,must_remain_disclosed_in_final_coverage_audit,open_source_limitation,outputs/source_registry.csv#SRC_PIB_CRITICAL_RESULTS_T1
GAP-SOURCE-PIB_CRITICAL_RESULTS_T2_T3,source_specific,"[""licensing"",""coordinate_or_geometry""]","Eight successful-auction result rows with state, district, concession, and bidder.",SRC_PIB_CRITICAL_RESULTS_T2_T3,"[""india_official_critical_mineral_blocks.csv"",""india_official_critical_mineral_mbs_manifest.csv"",""material_official_block_transfer_validation.csv"",""official_block_transfer_observations.csv"",""source_registry.csv""]",Source-defined; see source title and affected artifacts.,2024-07-20,The table does not publish final price offers or exact block geometry.,See source-specific validation and affected artifact counts.,"Interpretation is limited to the source's stated scope, currency, precision, access, and method constraints.","Retain source wording, provenance, quality fields, and model-use restrictions; do not fabricate missing values.","A newer or more complete authoritative source with explicit reuse, method, coordinate, and status metadata where applicable.",The source is used only for the role stated in source_registry.csv and the release manifest.,must_remain_disclosed_in_final_coverage_audit,open_source_limitation,outputs/source_registry.csv#SRC_PIB_CRITICAL_RESULTS_T2_T3
GAP-SOURCE-PIB_CRITICAL_RESULTS_T4_A,source_specific,"[""licensing"",""coordinate_or_geometry""]",First eight tranche-IV successful-auction results.,SRC_PIB_CRITICAL_RESULTS_T4_A,"[""india_official_critical_mineral_blocks.csv"",""india_official_critical_mineral_mbs_manifest.csv"",""material_official_block_transfer_validation.csv"",""official_block_transfer_observations.csv"",""source_registry.csv""]",Source-defined; see source title and affected artifacts.,2024-11-07,The summary table does not publish exact block geometry.,See source-specific validation and affected artifact counts.,"Interpretation is limited to the source's stated scope, currency, precision, access, and method constraints.","Retain source wording, provenance, quality fields, and model-use restrictions; do not fabricate missing values.","A newer or more complete authoritative source with explicit reuse, method, coordinate, and status metadata where applicable.",The source is used only for the role stated in source_registry.csv and the release manifest.,must_remain_disclosed_in_final_coverage_audit,open_source_limitation,outputs/source_registry.csv#SRC_PIB_CRITICAL_RESULTS_T4_A
GAP-SOURCE-PIB_CRITICAL_RESULTS_T4_B,source_specific,"[""licensing"",""coordinate_or_geometry""]",Final two tranche-IV successful-auction results and tranche totals.,SRC_PIB_CRITICAL_RESULTS_T4_B,"[""india_official_critical_mineral_blocks.csv"",""india_official_critical_mineral_mbs_manifest.csv"",""material_official_block_transfer_validation.csv"",""official_block_transfer_observations.csv"",""source_registry.csv""]",Source-defined; see source title and affected artifacts.,2024-11-27,The summary table does not publish exact block geometry.,See source-specific validation and affected artifact counts.,"Interpretation is limited to the source's stated scope, currency, precision, access, and method constraints.","Retain source wording, provenance, quality fields, and model-use restrictions; do not fabricate missing values.","A newer or more complete authoritative source with explicit reuse, method, coordinate, and status metadata where applicable.",The source is used only for the role stated in source_registry.csv and the release manifest.,must_remain_disclosed_in_final_coverage_audit,open_source_limitation,outputs/source_registry.csv#SRC_PIB_CRITICAL_RESULTS_T4_B
GAP-SOURCE-USGS_MCS_2026,source_specific,"[""geographic_coverage"",""coordinate_or_geometry"",""completeness"",""legal_or_operational_status""]",Independent commodity vocabulary and India-reported commodity evidence in the v1 material ontology.,SRC_USGS_MCS_2026,"[""india_material_ontology_v1.csv"",""material_source_term_crosswalk_v1.csv"",""source_registry.csv""]",Source-defined; see source title and affected artifacts.,2026-05-27 version 1.3,Commodity statistics are not deposit locations and U.S. commodity groupings are not an Indian statutory classification.,See source-specific validation and affected artifact counts.,"Interpretation is limited to the source's stated scope, currency, precision, access, and method constraints.","Retain source wording, provenance, quality fields, and model-use restrictions; do not fabricate missing values.","A newer or more complete authoritative source with explicit reuse, method, coordinate, and status metadata where applicable.",The source is used only for the role stated in source_registry.csv and the release manifest.,must_remain_disclosed_in_final_coverage_audit,open_source_limitation,outputs/source_registry.csv#SRC_USGS_MCS_2026
GAP-SOURCE-USGS_MRDS,source_specific,"[""licensing"",""geographic_coverage"",""coordinate_or_geometry"",""temporal_currency"",""completeness""]","Known mines, past producers, prospects, occurrences, commodities, and source geological descriptions.",SRC_USGS_MRDS,"[""india_known_mining_sites.csv"",""india_material_ontology_v1.csv"",""india_mining_candidate_areas_validation_gated.csv"",""india_mining_prospectivity_grid_h3_r6.csv"",""india_strategic_materials_top50.csv"",""material_emag2_spatial_ablation.csv"",""material_emag2_spatial_ablation_folds.csv"",""material_model_support.csv"",""material_model_validation.csv"",""material_official_block_transfer_validation.csv"",""material_sentinel2_spatial_ablation.csv"",""material_sentinel2_spatial_ablation_folds.csv"",""material_soilgrids_spatial_ablation.csv"",""material_soilgrids_spatial_ablation_folds.csv"",""material_source_term_crosswalk_v1.csv"",""official_block_transfer_observations.csv"",""source_registry.csv""]",Source-defined; see source title and affected artifacts.,2022-08-23,India coverage is useful but not an exhaustive or current statutory register; many records are historical and point precision varies.,See source-specific validation and affected artifact counts.,"Interpretation is limited to the source's stated scope, currency, precision, access, and method constraints.","Retain source wording, provenance, quality fields, and model-use restrictions; do not fabricate missing values.","A newer or more complete authoritative source with explicit reuse, method, coordinate, and status metadata where applicable.",The source is used only for the role stated in source_registry.csv and the release manifest.,must_remain_disclosed_in_final_coverage_audit,open_source_limitation,outputs/source_registry.csv#SRC_USGS_MRDS
GAP-SOURCE-WORLDCLIM_ELEV,source_specific,"[""licensing"",""temporal_currency"",""method_or_unit_metadata""]","Centroid elevation, approximate slope, relief, and terrain class.",SRC_WORLDCLIM_ELEV,"[""india_known_mining_sites.csv"",""india_mining_candidate_areas_validation_gated.csv"",""india_mining_prospectivity_grid_h3_r6.csv"",""india_strategic_materials_top50.csv"",""material_emag2_spatial_ablation.csv"",""material_emag2_spatial_ablation_folds.csv"",""material_model_support.csv"",""material_model_validation.csv"",""material_official_block_transfer_validation.csv"",""material_sentinel2_spatial_ablation.csv"",""material_sentinel2_spatial_ablation_folds.csv"",""material_soilgrids_spatial_ablation.csv"",""material_soilgrids_spatial_ablation_folds.csv"",""official_block_transfer_observations.csv"",""source_registry.csv""]",Source-defined; see source title and affected artifacts.,2020 distribution,Approximately 4.5 km cells; slope and relief are reconnaissance-scale approximations.,See source-specific validation and affected artifact counts.,"Interpretation is limited to the source's stated scope, currency, precision, access, and method constraints.","Retain source wording, provenance, quality fields, and model-use restrictions; do not fabricate missing values.","A newer or more complete authoritative source with explicit reuse, method, coordinate, and status metadata where applicable.",The source is used only for the role stated in source_registry.csv and the release manifest.,must_remain_disclosed_in_final_coverage_audit,open_source_limitation,outputs/source_registry.csv#SRC_WORLDCLIM_ELEV
GAP-SOURCE-WORLDPOP_2020,source_specific,"[""licensing"",""coordinate_or_geometry"",""completeness"",""legal_or_operational_status"",""model_interpretation""]",Estimated population summed within each H3 cell.,SRC_WORLDPOP_2020,"[""india_known_mining_sites.csv"",""india_mining_candidate_areas_validation_gated.csv"",""india_mining_prospectivity_grid_h3_r6.csv"",""india_strategic_materials_top50.csv"",""material_emag2_spatial_ablation.csv"",""material_emag2_spatial_ablation_folds.csv"",""material_model_support.csv"",""material_model_validation.csv"",""material_official_block_transfer_validation.csv"",""material_sentinel2_spatial_ablation.csv"",""material_sentinel2_spatial_ablation_folds.csv"",""material_soilgrids_spatial_ablation.csv"",""material_soilgrids_spatial_ablation_folds.csv"",""official_block_transfer_observations.csv"",""source_registry.csv""]",Source-defined; see source title and affected artifacts.,2020,"Modelled 2020 population surface, not a census; unconstrained pixels and boundary differences can affect local sums.",See source-specific validation and affected artifact counts.,"Interpretation is limited to the source's stated scope, currency, precision, access, and method constraints.","Retain source wording, provenance, quality fields, and model-use restrictions; do not fabricate missing values.","A newer or more complete authoritative source with explicit reuse, method, coordinate, and status metadata where applicable.",The source is used only for the role stated in source_registry.csv and the release manifest.,must_remain_disclosed_in_final_coverage_audit,open_source_limitation,outputs/source_registry.csv#SRC_WORLDPOP_2020
