record_id,record_type,state_or_ut,block_name,block_name_mbs,mineral_source_ibm,normalized_material_ids_json,normalized_material_names_json,chemical_or_english_names_json,formulae_or_symbols_json,auction_date_ibm,concession_type_code_ibm,ibm_area_ha,mbs_area_ha,exploration_level,borehole_count,drilled_meterage_m,exploration_agency_source,borehole_summary_source,mineral_source_mbs,geological_resources_source,grade_source,mineral_zones_source,dip_strike_source,thickness_source,accessibility_source,hydrography_source,climate_source,topography_source,coordinate_method,coordinate_source_pdf_pages_json,boundary_point_ids_json,boundary_vertex_count,polygon_wkt,geometry_crs,coordinate_datum_source,centroid_latitude,centroid_longitude,computed_geodesic_area_ha,computed_to_mbs_area_difference_pct,ibm_to_mbs_area_difference_pct,polygon_valid,centroid_in_source_state,footprint_in_source_state_2011_boundary,geometry_quality_flags_json,geometry_admission_status,geometry_admission_reason,selected_mbs_file_id,selected_mbs_url,source_access_date,selected_mbs_pdf_sha256,selected_mbs_pdf_bytes,selected_mbs_pdf_page_count,current_legal_or_operational_status_verified,model_evidence_role,model_exclusion_reason
IBM-IMYB2024-AUCTION-006,official_state_mbs_boundary_context,Chhattisgarh,North of Arjunda,Mineral Block Summary for North of Arjunda Glauconite Block dtd 28-04-2023,Glauconite (Potash),"[""group:glauconite-group"",""group:potash""]","[""Glauconite group"",""Potash""]","[""Glauconite group"",""potassium chloride"",""potassium sulfate""]",[],2023-07-04,CL,600.0,600.0,G4,0,0.0,"Geological Survey of India, State Unit Chhattisgarh, Behind Ayurvedic College, Pt. Ravishanker Shukla University, Raipur - 492010 (C.G.).",Nil,Glauconite (Potash) and associated mineralization,Resources have not been estimated.,K2O ranges from 0.60% to 7.5% (average 1.88%) in pitting-trenching samples.,,The general trend of bedding plane in Singhora and Chandarpur Groups varies from NNW to NNE and dipping gently (5° -15°) towards southeast to south west and NNW to NS with dip 10°-25° towards north-east respectively.,At some places pitting and trenching was carried out to know the depth persistence of glauconitic sandstone which is assessed to be between 1 to 4m. 6,"Nearest Rail Head Gundardehi. Road Saraipali and Pithora are the major townships near the block area. These towns are connected with all major cities of Central India like Raipur, Jabalpur, Nagpur via metaled state highway Airport Raipur 7",Local Surface Drainage Pattern (Channels) - Rivers/Streams - 8,Mean annual rainfall 1200 mm; December temperature 8 C; June temperature up to 48 C.,"Physiography is represented by plain and cultivated land. Villages and settlements are well scattered throughout the area. Highest elevation is 377m above MSL on Bhaludongar, located in the south east of Bhothaldih village while 257 m above MSL in the nala bed in the east marks the lowest elevation.",source_table_visual_transcription_dms_wgs84,[1],"[1, 2, 3, 4, 5, 6, 7, 8, 9, 10]",10,"POLYGON ((83 21.279597222222222, 83.04599999999999 21.279597222222222, 83.0365 21.2938, 83.04099722222222 21.296197222222222, 83.05719722222221 21.270297222222222, 83.05049722222222 21.267097222222223, 83.04739722222222 21.271597222222223, 83.03509722222222 21.2698, 83.01309722222223 21.272399999999998, 83 21.2743, 83 21.279597222222222))",EPSG:4326,WGS 84,21.27713894,83.03215832,625.07221,4.178702,0.0,True,True,True,[],admitted_authoritative_source_footprint,"Source-labelled boundary table passed polygon validity, state-centroid and 5% area reconciliation checks.",9821,https://www.mstcecommerce.com/auctionhome/download_docs.jsp?FILE_ID=9821_Mineral_Block_Summary_of+North_of_Arjunda_Glauconite_Block_dtd_28_04_2023.pdf&path=dynamiclinks&portal=mlcl&mdTyp=-,2026-09-10,6ec0a239169e76839043eef4b6d91ae9306137a6128130465e56910eef4fe992,208633,4,False,context_only,"Geometry and technical context are authoritative to the MBS, but current operation and present legal status are not independently verified."
IBM-IMYB2024-AUCTION-008,official_state_mbs_boundary_context,Chhattisgarh,Devri Limestone Block,Mineral Block Summary of Devri Limestone Block dated 06-07-2023,Limestone,"[""group:calcium-and-limestone"",""rock:limestone""]","[""Calcium and limestone"",""Limestone""]","[""calcium"",""calcium carbonate"",""Limestone""]",[],2023-09-19,CL,630.0,630.0,G4,0,0.0,Geological Survey of India,Drilling not carried out.,Limestone,Tentative resource: 51.03 MnT.,Cement (Portland) grade.,Not available,Not available,Not available 6,"Nearest Rail Head Nearest railway station is Nipania Railway Station is about 19 kms from the block area. Road The area is well connected with Raipur city which is 97 kms away from the Deori village. The State highway is approachable from Baloda Bazar which is situated in the south of the block at 12.8 kms Airport Nearest airport is Bilasa Devi Kevat Airport, Bilaspur which is situated about 35 kms from the block area. 7","Local Surface Drainage Pattern (Channels) There are two nalas flowing from the block area which are originating from Sonbarsa RF in the south of the block, one nala is flowing through SW corner while other is along the western boundary of the block; both the nalas joins Jamunia Nadi in the north of the block. Small waterbodies are located in the NW part of the block. Rivers/ Streams Jamunia Nadi is about ~ 1.1 kms from the block area. It is flowing W to E and joins Seonath/ Shivnath river in the E. 8","Mean annual rainfall 1223 mm (IMD, 2021); December temperature 6 C; June temperature 46 C.","The topography of the block area more or less flat , the elevation range is in between 240 m to 250 m from MSL. There are two nalas flowing from the block area which is originating from Sonbarsa RF in the south of the block, one nala is flowing through SW corner while other is along the western boundary of the block; both the nalas joins Jamunia Nadi in the north of the block. Small waterbodies are located in the NW part of the block",source_table_visual_transcription_dms_wgs84,[1],"[1, 2, 3, 4]",4,"POLYGON ((82.14060722222223 21.728938888888887, 82.14058555555556 21.749532222222225, 82.16686750000001 21.749750000000002, 82.16681972222223 21.72864138888889, 82.14060722222223 21.728938888888887))",EPSG:4326,WGS 84,21.73922012,82.15377407,626.891991,0.493335,0.0,True,True,True,[],admitted_authoritative_source_footprint,"Source-labelled boundary table passed polygon validity, state-centroid and 5% area reconciliation checks.",10828,https://www.mstcecommerce.com/auctionhome/download_docs.jsp?FILE_ID=10828_Mineral+Block+Summary+of+Devri+Limestone+Block+dated+06-07-2023.pdf&path=dynamiclinks&portal=mlcl&mdTyp=-,2026-09-10,ed3d6521e2db97a5d7b45c7956cf7848445d4fbece6ea6fff3540711c06c59c9,726059,4,False,context_only,"Geometry and technical context are authoritative to the MBS, but current operation and present legal status are not independently verified."
IBM-IMYB2024-AUCTION-010,official_state_mbs_boundary_context,Chhattisgarh,Giroud Uprani Block,Mineral Block Summary of Giroud-Uprani Block dated 06-07-2023,Glauconite,"[""group:glauconite-group""]","[""Glauconite group""]","[""Glauconite group""]",[],2023-09-27,CL,,2400.0,G4,0,0.0,"Geological Survey of India, State Unit Chhattisgarh, Behind Ayurvedic College, Pt. Ravishanker Shukla University, Raipur - 492010 (C.G.).",Nil,Glauconite (Potash) and associated mineralization,Resources have not been estimated.,K2O ranges from 0.20% to 5.08% in pitting-trenching samples; EPMA values reach 8.26 wt% in altered glauconite.,,"Glauconite in the study area is present as an important mineral in quartz arenite. General strike of the glauconitic sandstone is E-W to ENE-WSW, dipping 5 to 7° towards North.","The glauconitic sandstone extends in ENE-WSW trend with approximate width varying from 0.35 Km to a maximum of 4.5 Km. It shows glauconites of various sizes (0.5mm to 2mm) and shapes (spherical, sub-spherical, cubic, mainly elliptical), color of glauconite grains varies from pale green to green 6",Nearest Rail Head Bagbahra Road District headquarter Baloda Bazar is 65 Km away from the block area Airport Raipur 7,"Local Surface Drainage Pattern (Channels) The lower order nalas exhibit parallel, dendritic drainage pattern being coarse textured in the east to medium textured in the west. All the nalas in this area are seasonal. Rivers/Streams The area is drained by Jonk River and its tributaries and distributaries. Jonk flows from south-east to north- west in the western part of the study area 8",Mean annual rainfall 1200-1500 mm; December temperature 8 C; June temperature up to 46 C.,The general elevation of the area varies from 362 m to 238 m above MSL. Highest point within the block (362 m above MSL) is in the southern part of the block. It is part of the Gindola Reserved Forest hill system. The lowest point within the block (238 m above msl) is in the Jonk riverbed in the north -western part of the block.,source_table_visual_transcription_dms_wgs84,[1],"[1, 2, 3, 4, 5, 6, 7, 8, 9, 10, 11, 12, 13]",13,"POLYGON ((82.50385263888889 21.606610444444446, 82.51628302777777 21.606642222222224, 82.51628302777777 21.617016666666668, 82.55235566666667 21.617028583333333, 82.55235566666667 21.607225194444446, 82.57367563888889 21.60741555555556, 82.57358044444445 21.623786250000002, 82.586 21.623786250000002, 82.586 21.594918916666664, 82.56244980555556 21.59356261111111, 82.52775725 21.59163525, 82.51910552777778 21.576049777777776, 82.50378602777778 21.575048111111112, 82.50385263888889 21.606610444444446))",EPSG:4326,WGS 84,21.60118487,82.54094601,2353.347627,1.943849,,True,True,True,[],admitted_authoritative_source_footprint,"Source-labelled boundary table passed polygon validity, state-centroid and 5% area reconciliation checks.",10829,https://www.mstcecommerce.com/auctionhome/download_docs.jsp?FILE_ID=10829_Mineral+Block+Summary+of+Giroud-Uprani+Block+dated+06-07-2023.pdf&path=dynamiclinks&portal=mlcl&mdTyp=-,2026-09-10,0809a4c90696d4098f19f91a3246acd6b242293e1a6a6f3af9a63a49a4e1e650,233938,4,False,context_only,"Geometry and technical context are authoritative to the MBS, but current operation and present legal status are not independently verified."
IBM-IMYB2024-AUCTION-011,official_state_mbs_boundary_context,Chhattisgarh,Tumrisur Garda II,Mineral Block Summary of Tumrisur-Garda II Gold Block dated 06-07-2023,Gold,"[""element:gold""]","[""Gold""]","[""gold""]","[""Au""]",2023-12-20,CL,240.0,240.0,G4,0,0.0,Geological Survey of India,Nil,Gold,Nil.,"0.55-0.73 ppm Au in trench samples, with isolated high values of 1.2 ppm Au.",One (strike length of 13 m with width varying from 7 m to 13 m),"In the altered mafic rocks , foliation trends in N15°W direction with subvertical easterly dip. One quartz vein of 1 m thickness and 10 m length, trending in N -S direction intrudes purple coloured altered mafic rock. In Bailadila group , the bedding in BIF trends in NNW -SSE direction with steep dip towards east. Banded Chert trends in N-S direction with steep dip towards east. The mafic volcanics are highly altered and have a general trend of N -S to NNE -SSW with intermediate easterly dip. Foliation trend in meta basalt is N15°W/S15°E direction with subvertical easterly dip. Two NW -SE trending mafic dykes Sl. No. Features Details are exposed in the northern part of the mapped area. Vein quartz trend in NW -SE, N-S and NE- SW directions.",6,"Nearest Rail Head Dalli-Rajhara (60 km from the study area) Road Bhuski village is located 34 km away from Bhanupratappur, the tehsil headquarters in SSW direction. It can be approached by Bhanupratappur- Pakhanjore Road. Durgokondal the block headquarter is located 8 km east of Bhuski village and is approachable by the same road mentioned above. Garda village is located around 5 km NNE of Bhuski village and can be approached by forest road only. Tumrisur village is located around 8 k m NNE of village Bhuski and is approachable by fair weathered road and forest road. Airport Raipur (300 Km.) 7","Local Surface Drainage Pattern (Channels) The westerly flowing Kotri river with its 1st, 2nd, 3rd order tributaries constitutes the main drainage system of the area. Rivers/Streams - 8",Mean annual rainfall around 140 cm; December-January temperature down to 10 C; May-June temperature up to 45 C.,"The area is moderate to thickly forested under classified protected forest. The maximum elevation is about 646 m and minimum is 335 m above MSL. The northern part of the study area is occupied by north -south trending linear hills, occupied by BIF.",source_table_visual_transcription_dms_wgs84,[1],"[1, 2, 3, 4]",4,"POLYGON ((80.88715 20.18861111111111, 80.894525 20.18861111111111, 80.894525 20.21675722222222, 80.88715 20.21675722222222, 80.88715 20.18861111111111))",EPSG:4326,WGS 84,20.20268417,80.8908375,240.172366,0.071819,0.0,True,True,True,[],admitted_authoritative_source_footprint,"Source-labelled boundary table passed polygon validity, state-centroid and 5% area reconciliation checks.",10832,https://www.mstcecommerce.com/auctionhome/download_docs.jsp?FILE_ID=10832_Mineral+Block+Summary+of+Tumrisur-Garda+II+Gold+Block+dated+06-07-2023.pdf&path=dynamiclinks&portal=mlcl&mdTyp=-,2026-09-10,d44c1965659a39b7551469398126fc13ba6887338a02f1c5de9717789183819c,1822257,4,False,context_only,"Geometry and technical context are authoritative to the MBS, but current operation and present legal status are not independently verified."
IBM-IMYB2024-AUCTION-012,official_state_mbs_boundary_context,Gujarat,Mevasa Block-1,Mevasa Block-1 Summary,Bauxite (Aluminous Laterite) and Laterite (minor mineral),"[""element:aluminium"",""ore:bauxite"",""ore:aluminous-laterite"",""rock:laterite""]","[""Aluminium"",""Bauxite"",""Aluminous laterite"",""Laterite""]","[""aluminium"",""Bauxite"",""Aluminous laterite"",""Laterite""]","[""Al""]",2023-07-18,ML,5.99,5.9933,G2,2,89.0,"M. K. Soil Testing Laboratory, Ahmedabad.",2 boreholes with cumulative meterage of 89.00 m (40 m and 49 m).,"Laterite and aluminous laterite (bauxite), described as cement grade.","Indicated resource (332): 2,357,197 tonnes aluminous laterite (bauxite) and 2,776,165 tonnes laterite.","Aluminous laterite (bauxite): 25.75% Al2O3, 37.73% SiO2 and 16.29% Fe2O3; laterite: 16.66% Al2O3, 50.32% SiO2 and 15.22% Fe2O3.",Aluminous laterite (bauxite) and laterite.,Horizontal bedded.,Average thickness 18.18 m for aluminous laterite (bauxite) and 19.44 m for laterite.,Bhatiya Railway Station 16.73 km; State Highway 6 at 8.37 km; Porbandar Airport 75.36 km.,Dendritic drainage; seasonal tributaries.,"Mean annual rainfall 2,594 mm; December temperature 10.6-25.2 C; June temperature 29.6-41.7 C.",Flat terrain; Survey of India toposheet 41 F/08.,source_table_visual_transcription_geographic_dms_encoded_epsg4326,[2],"[1, 2, 3, 4, 5, 6, 7, 8, 9, 10, 11]",11,"POLYGON ((69.29513055555556 22.240555555555556, 69.29656666666666 22.24067777777778, 69.29671944444445 22.240036111111113, 69.297 22.23946666666667, 69.29711666666667 22.239050000000002, 69.29661944444445 22.238111111111113, 69.295675 22.23736388888889, 69.29516111111111 22.237255555555556, 69.2949111111111 22.237619444444444, 69.29523333333333 22.2389, 69.29503055555556 22.239344444444445, 69.29513055555556 22.240555555555556))",EPSG:4326,Not stated; source publishes UTM and geographic coordinate columns,22.23907401,69.29591995,6.006522,0.220618,0.055061,True,True,True,"[""source_coordinate_datum_not_stated""]",admitted_authoritative_source_footprint,"Source-labelled boundary table passed polygon validity, state-centroid and 5% area reconciliation checks.",8880,https://www.mstcecommerce.com/auctionhome/download_docs.jsp?FILE_ID=8880_Mevasa Block-1.pdf&path=dynamiclinks&portal=mlcl&mdTyp=-,2026-09-10,785c8ebab24f24cdecb29a845d9f1f37bc8dea7157bbeae69b8a9c1dd5a28831,627221,4,False,context_only,"Geometry and technical context are authoritative to the MBS, but current operation and present legal status are not independently verified."
IBM-IMYB2024-AUCTION-013,official_state_mbs_boundary_context,Gujarat,Mevasa Block,Mevasa Block Summary,"Bauxite, and Marl","[""element:aluminium"",""ore:bauxite"",""rock:marl""]","[""Aluminium"",""Bauxite"",""Marl""]","[""aluminium"",""Bauxite"",""Marl""]","[""Al""]",2023-07-18,ML,5.53,5.532,G2,5,134.0,Vinayak Engimech Pvt. Ltd.,5 boreholes with cumulative meterage of 134.00 m.,Bauxite and marl.,"Indicated resource (332): 217,740.12 tonnes bauxite; 1,692,208.95 tonnes aluminous laterite (major mineral); 88,575.98 tonnes marl.",Bauxite: 44.64% Al2O3 and 6.15% SiO2; aluminous laterite: 39.10% Al2O3 and 16.57% SiO2; marl: 30.50% CaO and 2.10% MgO.,Bauxite and marl.,Not stated in the MBS.,"Average thickness 1.20 m bauxite, 12.07 m aluminous laterite and 0.49 m marl.",Bhatiya Railway Station approximately 22 km; Gujarat State Highways 29 and 6; Jamnagar Airport approximately 92 km.,Dendritic drainage; seasonal tributaries.,Mean annual rainfall 580.60 mm; temperature 15-42 C.,Undulatory terrain with small hillocks; Survey of India toposheets 41F/6 and 41F/7.,source_table_visual_transcription_dms_wgs84,[4],"[1, 2, 3, 4, 5, 6, 7, 8, 9, 10, 11, 12, 13, 14, 15]",15,"POLYGON ((69.30156111111111 22.252927777777778, 69.30220277777778 22.253605555555556, 69.30409722222223 22.254125, 69.30505833333333 22.254141666666666, 69.30518333333333 22.254025, 69.30515 22.25191111111111, 69.30464444444443 22.251722222222224, 69.30461666666666 22.25265277777778, 69.30380277777778 22.252444444444443, 69.30362222222222 22.252480555555554, 69.30347222222223 22.252680555555557, 69.30293333333333 22.252577777777777, 69.302875 22.252619444444445, 69.30261944444445 22.252605555555554, 69.30205555555555 22.252594444444444, 69.30156111111111 22.252927777777778))",EPSG:4326,WGS 84,22.25317289,69.30375751,5.536095,0.074027,0.036153,True,True,True,[],admitted_authoritative_source_footprint,"Source-labelled boundary table passed polygon validity, state-centroid and 5% area reconciliation checks.",8879,https://www.mstcecommerce.com/auctionhome/download_docs.jsp?FILE_ID=8879_Mevasa Block.pdf&path=dynamiclinks&portal=mlcl&mdTyp=-,2026-09-10,5bf26dff88d005fb55f0eccfc97059ff3dbb73a99a07475cd339b403c7762fc4,510136,4,False,context_only,"Geometry and technical context are authoritative to the MBS, but current operation and present legal status are not independently verified."
IBM-IMYB2024-AUCTION-014,official_state_mbs_boundary_context,Gujarat,Kukaras block (Private),Kukaras Block Summary,Limestone and Marl,"[""group:calcium-and-limestone"",""rock:limestone"",""rock:marl""]","[""Calcium and limestone"",""Limestone"",""Marl""]","[""calcium"",""calcium carbonate"",""Limestone"",""Marl""]",[],2023-07-18,ML,29.17,29.1681,G2,7,488.0,Vinayak Engimech Pvt. Ltd.,7 boreholes with cumulative meterage of 488.00 m.,Limestone and marl.,"Indicated resource (332): 7,138,102.29 tonnes cement-grade limestone, 1,868,408.99 tonnes limestone and 1,164,058.58 tonnes marl.",Cement-grade limestone: 44.74% CaO and 0.53% MgO; limestone: 37.86% CaO and 1.13% MgO; marl: 30.34% CaO and 1.00% MgO.,Limestone and marl.,Not stated in the MBS.,"Average thickness 9.15 m cement-grade limestone, 2.72 m limestone and 1.49 m marl.",Veraval Junction Railway Station; NH-8D; Diu Airport; Veraval (Mangrol) seaport.,Sub-dendritic drainage; seasonal tributaries.,"Mean annual rainfall 1,135.75 mm; December temperature 11-28 C; June temperature 28-42 C.",Flat terrain with small undulations; Survey of India toposheets 41L/9 and 41L/10.,source_table_visual_transcription_dms_wgs84,[3],"[1, 2, 3, 4, 5, 6, 7, 8, 9, 10, 11, 12, 13, 14, 15, 16, 17, 18, 19, 20, 21, 22, 23, 24, 25, 26, 27, 28, 29, 30, 31, 32, 33, 34, 35, 36, 37, 38, 39, 40, 41, 42, 43, 44, 45, 46]",46,"POLYGON ((70.52486666666667 20.94687777777778, 70.52515833333334 20.945355555555555, 70.52550833333333 20.944097222222222, 70.52603055555555 20.944419444444446, 70.52615 20.944491666666668, 70.52661944444445 20.94452777777778, 70.52755833333333 20.944872222222223, 70.52750833333333 20.94526388888889, 70.52857777777778 20.945805555555555, 70.52854722222222 20.945933333333333, 70.5291111111111 20.94609722222222, 70.529725 20.945883333333335, 70.53043333333333 20.945819444444446, 70.53074166666667 20.94576388888889, 70.53129722222222 20.945758333333334, 70.53202222222222 20.945758333333334, 70.53248333333333 20.947352777777777, 70.53294722222222 20.94935277777778, 70.53315555555555 20.950238888888887, 70.53132222222222 20.950222222222223, 70.5312611111111 20.948983333333334, 70.53125833333333 20.948333333333334, 70.53165277777778 20.947033333333334, 70.5295 20.946838888888887, 70.5293638888889 20.94812222222222, 70.52928888888889 20.948383333333332, 70.52927777777778 20.94878611111111, 70.52921666666667 20.948847222222224, 70.52881944444444 20.94922777777778, 70.52844722222223 20.949791666666666, 70.52840277777777 20.94986111111111, 70.52830277777778 20.950430555555556, 70.52714444444445 20.950444444444443, 70.52694444444444 20.950680555555554, 70.52601666666666 20.950594444444445, 70.52580833333333 20.95053611111111, 70.5258 20.949461111111113, 70.52609166666666 20.949458333333332, 70.52612222222223 20.949213888888888, 70.52633055555556 20.948663888888888, 70.52625 20.94863888888889, 70.52725 20.947544444444446, 70.52689444444444 20.947169444444445, 70.5256888888889 20.946952777777778, 70.52524166666666 20.946919444444443, 70.52498055555556 20.9469, 70.52486666666667 20.94687777777778))",EPSG:4326,WGS 84,20.9475575,70.52859673,29.329768,0.554262,0.006514,True,True,True,[],admitted_authoritative_source_footprint,"Source-labelled boundary table passed polygon validity, state-centroid and 5% area reconciliation checks.",8883,https://www.mstcecommerce.com/auctionhome/download_docs.jsp?FILE_ID=8883_Kukaras Block.pdf&path=dynamiclinks&portal=mlcl&mdTyp=-,2026-09-10,39c652b74aa41a3803e15396028ae7582f2a69b0bc55053fe43d840d7aad30cb,540793,4,False,context_only,"Geometry and technical context are authoritative to the MBS, but current operation and present legal status are not independently verified."
IBM-IMYB2024-AUCTION-021,official_state_mbs_boundary_context,Karnataka,"Block No. 04, HRG","Summary of mine block - Block No.4, HRG",Iron Ore,"[""element:iron"",""ore:iron-ore""]","[""Iron"",""Iron ore""]","[""iron"",""Iron ore""]","[""Fe""]",2023-07-24,ML,40.04,40.04,G3,16,727.0,"KIOCL, based on erstwhile-lessee exploration data for 32.00 ha.","16 core boreholes with cumulative meterage of 727.00 m, drilled by the erstwhile lessee in 32.00 ha.",Iron ore and banded hematite quartzite (BHQ),5.32 million tonnes of iron ore.,Average 64.66% Fe.,"One band, flanked by shale on either side.",N35W-S35E strike with steep 75-80 degree dips toward ENE.,Refer to the Geological Report.,"Ranjithpura Railway Station; 15 km from Sandur and 60 km from Ballari; Vidyanagar Airport, Toranagallu.",Dendritic drainage; Tungabhadra River and Narihalla stream.,Mean annual rainfall 40-80 cm; December temperature 21-26 C; June temperature 24-29 C.,"Undulating, hilly terrain.",source_table_visual_transcription_geographic_dms_encoded_epsg4326,[1],"[1, 2, 3, 4, 5, 6, 7]",7,"POLYGON ((76.64058916388889 15.026973897222224, 76.6383105388889 15.024878669444446, 76.63356660555556 15.030694027777779, 76.63333970555556 15.032261608333334, 76.63688982222223 15.033433641666667, 76.6378220388889 15.032338283333335, 76.6385849888889 15.032561719444445, 76.64058916388889 15.026973897222224))",EPSG:4326,Not stated; source labels DGPS latitude/longitude,15.02957138,76.63714937,40.041658,0.004141,0.0,True,True,True,"[""source_coordinate_datum_not_stated""]",admitted_authoritative_source_footprint,"Source-labelled boundary table passed polygon validity, state-centroid and 5% area reconciliation checks.",9324,https://www.mstcecommerce.com/auctionhome/download_docs.jsp?FILE_ID=9324_Summary_of_mine_block.pdf&path=dynamiclinks&portal=mlcl&mdTyp=-,2026-09-10,841eead6506c2bbca039bf18d110e708d17ee76a5e08563ab753b0d655cb5c1b,567602,3,False,context_only,"Geometry and technical context are authoritative to the MBS, but current operation and present legal status are not independently verified."
IBM-IMYB2024-AUCTION-023,official_state_mbs_boundary_context,Karnataka,Jaisinghpura North Block,Summary of mine block - Jaisinghpura North Iron Ore,Iron Ore,"[""element:iron"",""ore:iron-ore""]","[""Iron"",""Iron ore""]","[""iron"",""Iron ore""]","[""Fe""]",2023-08-21,ML,298.59,298.59,G3,61,3956.3,Mineral Exploration and Consultancy Limited (MECL).,"61 boreholes (37 core and 24 reverse-circulation) with cumulative meterage of 3,956.30 m; 40 by MECL and 21 by erstwhile lessees.",Iron ore,"17.66 million tonnes total: 9.89 million tonnes massive, 5.64 million tonnes laminated, and 2.13 million tonnes siliceous iron ore.",Massive iron ore averages 66.61% Fe; laminated 56.56% Fe; siliceous 40.57% Fe.,"Three prominent, approximately parallel BIF reefs trending northwest-southeast.",Northwest-southeast strike with 65-85 degree dips toward southwest.,Refer to the Geological Report.,"Ingaligi Railway Station; 20 km from Hosapete and Sandur and 75 km from Ballari; Vidyanagar Airport, Toranagallu.",Dendritic drainage; Tungabhadra River and Narihalla stream.,Mean annual rainfall 40-80 cm; December temperature 21-26 C; June temperature 24-29 C.,"Undulating, hilly terrain.",source_table_visual_transcription_geographic_dms_encoded_epsg4326,[1],"[1, 2, 3, 4, 5, 6, 7, 8, 9, 10, 11]",11,"POLYGON ((76.4575525 15.191768333333334, 76.45118916666667 15.195886666666667, 76.453075 15.197924722222222, 76.45043166666667 15.201210277777777, 76.44073694444445 15.207410555555555, 76.43490277777778 15.212113888888888, 76.43772055555556 15.213328333333333, 76.43890861111112 15.215216944444444, 76.44341833333334 15.212581666666665, 76.45751 15.207405555555555, 76.46508361111111 15.2027325, 76.4575525 15.191768333333334))",EPSG:4326,Not stated; source labels DGPS latitude/longitude,15.20412704,76.45177221,298.717231,0.042611,0.0,True,True,True,"[""source_coordinate_datum_not_stated""]",admitted_authoritative_source_footprint,"Source-labelled boundary table passed polygon validity, state-centroid and 5% area reconciliation checks.",10084,https://www.mstcecommerce.com/auctionhome/download_docs.jsp?FILE_ID=10084_Summary_minebl_JaisingpuraNorth (1).pdf&path=dynamiclinks&portal=mlcl&mdTyp=-,2026-09-10,971fce43e6fbdc915aa03aca1e823c736c9f00f789c654685cc3b488580a49b8,561446,3,False,context_only,"Geometry and technical context are authoritative to the MBS, but current operation and present legal status are not independently verified."
IBM-IMYB2024-AUCTION-024,official_state_mbs_boundary_context,Karnataka,Basavanagudda,Summary of mine block Basavangudda Block_2nd attempt,Gold,"[""element:gold""]","[""Gold""]","[""gold""]","[""Au""]",2023-08-21,CL,2501.9,2501.9,G4,0,0.0,Geological Survey of India.,Nil.,Gold ore,Mineral resources have not been estimated at G4 level.,A 240 m mineralized zone has a reported weighted average of 0.178 g/t Au over 3.5 m.,One 240 m mineralized zone was established in earlier work; the source notes scope for additional zones.,North-south to NNE-SSW strike; east dipping.,Not applicable.,Tumkur Railway Station; State Highway 69 passes 5 km south of the block; Bengaluru Airport.,Dendritic drainage; Chikka Tore stream flows northwest through the block toward the Suvarna Mukhi River.,Mean annual rainfall 55-65 cm; December temperature 26-28 C; June temperature 35-38 C.,"Undulating, hilly terrain.",source_table_visual_transcription_geographic_dms_encoded_epsg4326,[1],"[""A"", ""B"", ""C"", ""D"", ""E""]",5,"POLYGON ((76.70197906666667 13.73998416111111, 76.68804334166667 13.659974344444445, 76.66591346111112 13.661130383333333, 76.67497811111112 13.744998472222221, 76.6969809888889 13.739995358333333, 76.70197906666667 13.73998416111111))",EPSG:4326,Not stated; source labels DGPS latitude/longitude,13.70277527,76.68280487,2436.562934,2.611498,0.0,True,True,True,"[""source_coordinate_datum_not_stated""]",admitted_authoritative_source_footprint,"Source-labelled boundary table passed polygon validity, state-centroid and 5% area reconciliation checks.",8522,https://www.mstcecommerce.com/auctionhome/download_docs.jsp?FILE_ID=8522_Summary of mine block - Basavangudda Block.pdf&path=dynamiclinks&portal=mlcl&mdTyp=-,2026-09-10,82dd134d6418b02617224da6b79d22f47ded811556f13be69614542d1c1cefda,451350,4,False,context_only,"Geometry and technical context are authoritative to the MBS, but current operation and present legal status are not independently verified."
IBM-IMYB2024-AUCTION-025,official_state_mbs_boundary_context,Karnataka,Nidodi Bauxite Block,Summary of mine block Niddodi_2nd attempt,Bauxite,"[""element:aluminium"",""ore:bauxite""]","[""Aluminium"",""Bauxite""]","[""aluminium"",""Bauxite""]","[""Al""]",2023-09-21,CL,52.82,52.82,G4,0,0.0,Geological Survey of India.,Nil.,Bauxite in the block title and grade text; the quantity row anomalously prints 'Iron ore'.,"145,000 tonnes (0.145 million tonnes); the source quantity row contains the mineral-label anomaly noted separately.",Bauxite grade bands by Al2O3: Grade I above 51%; Grade II 48-51%; Grade III 45-48%; Grade IV 38-45%.,Four bauxite grade classes calculated by area of influence around pits using a tonnage factor of two.,Not applicable for the bulk commodity; mineralization is controlled by weathering.,Not applicable.,Mangaluru Railway Station; Niddodi is 35 km from Mangalore and 32 km south-southwest of Karkala; Mangaluru Airport.,Plateau with sparse first-order drainage; no river or stream is listed.,"Mean annual rainfall 3,635 mm; December temperature 21 C; June temperature 42 C.",Undulating plateau.,source_table_visual_transcription_geographic_dms_encoded_epsg4326,[1],"[""A"", ""B"", ""C"", ""D""]",4,"POLYGON ((74.92300791666668 13.045916305555556, 74.92659950000001 13.053045722222222, 74.93211058333334 13.049385222222222, 74.92785 13.04384, 74.92300791666668 13.045916305555556))",EPSG:4326,Not stated; source labels DGPS latitude/longitude,13.04820623,74.92740816,52.878349,0.110468,0.0,True,True,True,"[""source_coordinate_datum_not_stated""]",admitted_authoritative_source_footprint,"Source-labelled boundary table passed polygon validity, state-centroid and 5% area reconciliation checks.",9168,https://www.mstcecommerce.com/auctionhome/download_docs.jsp?FILE_ID=9168_Summary_Niddodi_17032023.pdf&path=dynamiclinks&portal=mlcl&mdTyp=-,2026-09-10,7e6ca278e3634a81a64b249965619d027c4dd0b34d65e9704478093be4cbf020,451916,3,False,context_only,"Geometry and technical context are authoritative to the MBS, but current operation and present legal status are not independently verified."
IBM-IMYB2024-AUCTION-050,official_state_mbs_boundary_context,Maharashtra,Surjagad – 1 Iron Ore Block,Summary of Surjagad-1(2-1-23),Iron Ore,"[""element:iron"",""ore:iron-ore""]","[""Iron"",""Iron ore""]","[""iron"",""Iron ore""]","[""Fe""]",2023-05-09,CL,1526.0,1526.0,G4,0,0.0,"Directorate of Geology and Mining (DGM), Maharashtra.",Nil.,Iron ore,Not estimated (NA).,66-68% Fe lumps.,"Nine massive iron-ore zones, 10-150 m long and 10-50 m wide.",Northeast-southwest strike; dip 70-80 degrees southeast.,Assumed thickness 15-60 m.,Wadsa Railway Station; NH-353D; block about 7 km northwest of Puske village; Nagpur Airport.,Dendritic drainage; Bandia River and Jambia Nala.,Mean annual rainfall 450 mm; source prints December temperature up to 42 C and June temperature up to 7 C (apparent seasonal-label anomaly retained).,Hilly terrain and valleys.,source_table_visual_transcription_geographic_dms_encoded_epsg4326,[1],"[1, 2, 3, 4]",4,"POLYGON ((80.41426944444444 19.676705555555557, 80.42978055555557 19.694175, 80.46635277777779 19.661430555555555, 80.44182222222223 19.639872222222223, 80.41426944444444 19.676705555555557))",EPSG:4326,Not stated; source publishes geographic DMS boundary points,19.66718615,80.43907406,1534.853865,0.580201,0.0,True,True,True,"[""source_coordinate_datum_not_stated""]",admitted_authoritative_source_footprint,"Source-labelled boundary table passed polygon validity, state-centroid and 5% area reconciliation checks.",8550,https://www.mstcecommerce.com/auctionhome/download_docs.jsp?FILE_ID=8550_Summary_of_Surjagad-1(2-1-23).pdf&path=dynamiclinks&portal=mlcl&mdTyp=-,2026-09-10,c9925ae2a80071f88723b4a380b45db1e5ea6f4607d2521f68b89a0c2a612018,87639,2,False,context_only,"Geometry and technical context are authoritative to the MBS, but current operation and present legal status are not independently verified."
IBM-IMYB2024-AUCTION-051,official_state_mbs_boundary_context,Maharashtra,Surjagad – 2 Iron Ore Block,Summary of Surjagad-2(2-1-23),Iron Ore,"[""element:iron"",""ore:iron-ore""]","[""Iron"",""Iron ore""]","[""iron"",""Iron ore""]","[""Fe""]",2023-05-09,CL,886.0,886.0,G4,0,0.0,"Directorate of Geology and Mining (DGM), Maharashtra.",Nil.,Iron ore,Not estimated (NA).,Above 65% Fe lumps; range 63-68% Fe.,Six massive iron-ore zones at Gandhmaka Meta and two at Edasgunj Meta; reported lengths 20-150 m and widths about 10-20 m.,"Gandhmaka Meta: northeast-southwest, dip 80 degrees southeast; Edasgunj Meta: east-northeast-west-southwest, dip 80 degrees southeast.",Assumed thickness 15-60 m at Gandhmaka Meta and 20-30 m at Edasgunj Meta.,Wadsa Railway Station; NH-353D approaches via Modaske and Puske villages; Nagpur Airport.,Dendritic drainage; Bandia River and Jambia Nala.,Mean annual rainfall 450 mm; source prints December temperature up to 42 C and June temperature up to 7 C (apparent seasonal-label anomaly retained).,Hilly terrain and valleys.,source_table_visual_transcription_geographic_dms_encoded_epsg4326,[1],"[1, 2, 3, 4, 5, 6]",6,"POLYGON ((80.43001944444445 19.694588888888887, 80.43578333333333 19.701994444444445, 80.455825 19.68775, 80.4596138888889 19.69278611111111, 80.48119166666667 19.67474166666667, 80.46663333333333 19.66169722222222, 80.43001944444445 19.694588888888887))",EPSG:4326,Not stated; source publishes geographic DMS boundary points,19.68155365,80.4567946,885.732766,0.030162,0.0,True,True,True,"[""source_coordinate_datum_not_stated""]",admitted_authoritative_source_footprint,"Source-labelled boundary table passed polygon validity, state-centroid and 5% area reconciliation checks.",8551,https://www.mstcecommerce.com/auctionhome/download_docs.jsp?FILE_ID=8551_Summary_of_Surjagad-2(2-1-23).pdf&path=dynamiclinks&portal=mlcl&mdTyp=-,2026-09-10,b4e1aa8947b98e8ead0b620431c630b841662e923da3ccd468cafdd6299d596d,89048,2,False,context_only,"Geometry and technical context are authoritative to the MBS, but current operation and present legal status are not independently verified."
IBM-IMYB2024-AUCTION-052,official_state_mbs_boundary_context,Maharashtra,Surjagad – 3 Iron Ore Block,Summary of Surjagad-3(2-1-23),Iron Ore,"[""element:iron"",""ore:iron-ore""]","[""Iron"",""Iron ore""]","[""iron"",""Iron ore""]","[""Fe""]",2023-05-09,CL,640.0,640.0,G4,0,0.0,"Directorate of Geology and Mining (DGM), Maharashtra.",Nil.,Iron ore,Not estimated (NA).,Above 65% Fe lumps; range 63-68% Fe.,Three massive iron-ore zones at Morgal Meta and one at Warshankoti; reported lengths 30-60 m and widths 3-20 m.,Northeast-southwest strike; dip 70-80 degrees southeast.,Assumed thickness 15-60 m at Morgal Meta and 15 m at Warshankoti.,Wadsa Railway Station; NH-353D; Morgal Meta and Warshankoti about 5 km northwest of Modaske village; Nagpur Airport.,Dendritic drainage; Bandia River and Jambia Nala.,Mean annual rainfall 450 mm; source prints December temperature up to 42 C and June temperature up to 7 C (apparent seasonal-label anomaly retained).,Hilly terrain and valleys.,source_table_visual_transcription_geographic_dms_encoded_epsg4326,[1],"[1, 2, 3, 4]",4,"POLYGON ((80.43598333333334 19.702252777777776, 80.45119444444445 19.72083888888889, 80.46908611111111 19.70607777777778, 80.45576111111112 19.68825, 80.43598333333334 19.702252777777776))",EPSG:4326,Not stated; source publishes geographic DMS boundary points,19.7043803,80.45283665,636.153169,0.601067,0.0,True,True,True,"[""source_coordinate_datum_not_stated""]",admitted_authoritative_source_footprint,"Source-labelled boundary table passed polygon validity, state-centroid and 5% area reconciliation checks.",8552,https://www.mstcecommerce.com/auctionhome/download_docs.jsp?FILE_ID=8552_Summary_of_Surjagad-3(2-1-23).pdf&path=dynamiclinks&portal=mlcl&mdTyp=-,2026-09-10,ae03cf6cd65d5b89795b9e389c4644766cff5ef48b56dfcec20744f1cc76759f,88380,2,False,context_only,"Geometry and technical context are authoritative to the MBS, but current operation and present legal status are not independently verified."
IBM-IMYB2024-AUCTION-053,official_state_mbs_boundary_context,Maharashtra,Surjagad – 4 Iron Ore Block,Summary of Surjagad-4(2-1-23),Iron Ore,"[""element:iron"",""ore:iron-ore""]","[""Iron"",""Iron ore""]","[""iron"",""Iron ore""]","[""Fe""]",2023-05-12,CL,397.0,397.0,G4,0,0.0,"Directorate of Geology and Mining (DGM), Maharashtra.",Nil.,Iron ore,Not estimated (NA).,Average 62.58% Fe lumps; range 58.53-66.63% Fe.,"Eight lensoid iron-ore zones, 20-220 m long and 10-25 m wide.",Northeast-southwest strike; dip 70-80 degrees southeast.,Assumed thickness 30-60 m.,Wadsa Railway Station; NH-353D; Nagpur Airport.,Dendritic drainage; Bandia River and Jambia Nala.,Mean annual rainfall 450 mm; source prints December temperature up to 42 C and June temperature up to 7 C (apparent seasonal-label anomaly retained).,Hilly terrain and valleys.,source_table_visual_transcription_geographic_dms_encoded_epsg4326,[1],"[1, 2, 3, 4]",4,"POLYGON ((80.459925 19.69319722222222, 80.46676944444445 19.702294444444444, 80.49011666666667 19.684108333333334, 80.48156111111112 19.67513055555556, 80.459925 19.69319722222222))",EPSG:4326,Not stated; source publishes geographic DMS boundary points,19.68859381,80.4747786,397.941168,0.23707,0.0,True,True,True,"[""source_coordinate_datum_not_stated""]",admitted_authoritative_source_footprint,"Source-labelled boundary table passed polygon validity, state-centroid and 5% area reconciliation checks.",8553,https://www.mstcecommerce.com/auctionhome/download_docs.jsp?FILE_ID=8553_Summary_of_Surjagad-4(2-1-23).pdf&path=dynamiclinks&portal=mlcl&mdTyp=-,2026-09-10,d3747b7bafe393f330a54c5e1df0332fef865e52be3f6c2145329a7d2d8d1ae3,88182,2,False,context_only,"Geometry and technical context are authoritative to the MBS, but current operation and present legal status are not independently verified."
IBM-IMYB2024-AUCTION-055,official_state_mbs_boundary_context,Maharashtra,Surjagad – 6 Iron Ore Block,Summary of Surjagad-6(2-1-23),Iron Ore,"[""element:iron"",""ore:iron-ore""]","[""Iron"",""Iron ore""]","[""iron"",""Iron ore""]","[""Fe""]",2023-05-17,CL,658.0,658.0,G4,0,0.0,"Directorate of Geology and Mining (DGM), Maharashtra.",Nil.,Iron ore,Not estimated (NA).,60-62% Fe lumps.,Not stated (not applicable in the MBS).,Northeast-southwest strike; dip 55 degrees southeast.,Not stated in the MBS.,"Wadsa Railway Station; NH-353D, approaching through Nandwadi village; Nagpur Airport.",Dendritic drainage; Bandia River and Jambia Nala.,Mean annual rainfall 450 mm; source prints December temperature up to 42 C and June temperature up to 7 C (apparent seasonal-label anomaly retained).,Hilly terrain and valleys.,source_table_visual_transcription_geographic_dms_encoded_epsg4326,[1],"[1, 2, 3, 4]",4,"POLYGON ((80.45138333333334 19.721055555555555, 80.46780555555556 19.739952777777777, 80.48448888888889 19.728316666666665, 80.46930277777778 19.70636111111111, 80.45138333333334 19.721055555555555))",EPSG:4326,Not stated; source publishes geographic DMS boundary points,19.72362685,80.46816662,651.561327,0.978522,0.0,True,True,True,"[""source_coordinate_datum_not_stated""]",admitted_authoritative_source_footprint,"Source-labelled boundary table passed polygon validity, state-centroid and 5% area reconciliation checks.",8555,https://www.mstcecommerce.com/auctionhome/download_docs.jsp?FILE_ID=8555_Summary_of_Surjagad-6(2-1-23).pdf&path=dynamiclinks&portal=mlcl&mdTyp=-,2026-09-10,9e6002cd35026b2fdd89c449abf72007357494a3bed637df6a937a1e520c595f,87432,2,False,context_only,"Geometry and technical context are authoritative to the MBS, but current operation and present legal status are not independently verified."
IBM-IMYB2024-AUCTION-057,official_state_mbs_boundary_context,Maharashtra,Minzhari Copper Block,Summary of Minzhari Copper Block,Copper,"[""element:copper""]","[""Copper""]","[""copper""]","[""Cu""]",2023-11-21,CL,1743.0,1743.24,G3,10,1746.9,Geological Survey of India.,"10 boreholes with cumulative meterage of 1,746.90 m at 200 m strike spacing.",Copper,"1.13 million tonnes copper ore at 0.2% cut-off over about 1,400 m strike length; resource category 333.",Average 0.39% Cu at 0.2% cut-off.,"Echelon, dilatational curvilinear quartz veins over a 3.0 km strike length.",Strike NNW-SSE to NNE-SSW.,Thickness 2-30 m.,Sindewahi Railway Station about 15 km; block about 10 km from Navegaon via State Highway 09; Nagpur Airport about 210 km.,"Dendritic drainage; Human River, Kalvari Nallah, Bokardoh Nadi and Saoli Nadi.","Mean annual rainfall 1,000-1,500 mm; December temperature 15 C; June temperature 48 C.","Undulating, hilly terrain at about 180-240 m above mean sea level.",source_table_visual_transcription_geographic_dms_encoded_epsg4326,[1],"[1, 2, 3, 4, 5]",5,"POLYGON ((79.57520277777778 20.3594, 79.60209722222221 20.3611, 79.59459722222222 20.3076, 79.56929722222222 20.3076, 79.56739722222221 20.339199999999998, 79.57520277777778 20.3594))",EPSG:4326,Not stated; source publishes geographic DMS boundary points,20.33427685,79.58400388,1746.607777,0.193191,0.013767,True,True,True,"[""source_coordinate_datum_not_stated""]",admitted_authoritative_source_footprint,"Source-labelled boundary table passed polygon validity, state-centroid and 5% area reconciliation checks.",11640,https://www.mstcecommerce.com/auctionhome/download_docs.jsp?FILE_ID=11640_Summary_of_Minzari_Block.pdf&path=dynamiclinks&portal=mlcl&mdTyp=-,2026-09-10,1ea78ae6d4cd0485845db4eb72f207a2c5318d7c7d38cdcde9a5c804089e1000,39640,2,False,context_only,"Geometry and technical context are authoritative to the MBS, but current operation and present legal status are not independently verified."
IBM-IMYB2024-AUCTION-058,official_state_mbs_boundary_context,Maharashtra,Savali Manganese Block,Summary of Savali Manganese Block,Manganese,"[""element:manganese""]","[""Manganese""]","[""manganese""]","[""Mn""]",2023-11-22,CL,1200.0,1200.0,G4,3,281.5,Geological Survey of India.,3 boreholes with cumulative meterage of 281.5 m.,Manganese ore; braunite with subordinate psilomelane and source-spelled 'pysolusite'.,0.065 million tonnes; resource category 334.,"Bedrock sample 0.74-22.24% Mn; 12 of 39 pit/trench samples 10.50-41.67% Mn, remaining samples below 5.35% Mn with 0.02-0.37% P2O5; 8 of 14 core samples 9.31-17.20% Mn, remaining samples below 1.2%.",Three lensoid manganese-ore bodies controlled by the core of a tight isoclinal synclinal fold; two magnetic/gravity anomalies are described.,Trend N40-60W to S40-60E; dip 35-65 degrees south or southwest.,Thickness 7.4 m.,Nagpur Railway Station; 12 km from NH-7; Nagpur Airport.,Dendritic to sub-dendritic drainage; Pench River.,Mean annual rainfall printed as 800 cm; December temperature 8-12 C; June temperature up to 47 C (source unit retained).,Gentle undulating terrain.,source_table_visual_transcription_geographic_dms_encoded_epsg4326,[1],"[1, 2, 3, 4]",4,"POLYGON ((79.048 21.4239, 79.077 21.4239, 79.077 21.3879, 79.048 21.387999999999998, 79.048 21.4239))",EPSG:4326,Not stated; source publishes geographic DMS boundary points,21.40592499,79.06250672,1196.892678,0.258944,0.0,True,True,True,"[""source_coordinate_datum_not_stated""]",admitted_authoritative_source_footprint,"Source-labelled boundary table passed polygon validity, state-centroid and 5% area reconciliation checks.",11642,https://www.mstcecommerce.com/auctionhome/download_docs.jsp?FILE_ID=11642_Summary_of_Savali_Block.pdf&path=dynamiclinks&portal=mlcl&mdTyp=-,2026-09-10,11a881961bd40d7290154d4776adb5b75af7a5c014d249756147abda37baa2f4,44200,3,False,context_only,"Geometry and technical context are authoritative to the MBS, but current operation and present legal status are not independently verified."
IBM-IMYB2024-AUCTION-091,official_state_mbs_boundary_context,Uttar Pradesh,Bharhari,2_Phase_4_MBS_Bharhari_Iron_Ore_Block,Iron Ore,"[""element:iron"",""ore:iron-ore""]","[""Iron"",""Iron ore""]","[""iron"",""Iron ore""]","[""Fe""]",2023-11-24,CL,134.77,134.77,G3,8,822.7,"Geological Survey of India, Northern Region, Lucknow.",8 boreholes (Meterage: 822.70M),Iron ore,14.89 million tonnes inferred iron ore resource over 7.9 ha.,Average 34.73% Fe at 30% Fe cut-off; approximately 90% lumps and 10% fines.,1 to 4 zones,General trend of the ore zone is ENE-WSW with diping towards south 50°-75°.,"1.48m to 30.40 m Strike length: 2.62 km, Strike width:30m 6 Grade 14.89 MT (14892538.98 Ton) with an average grade of 34.73 % Fe with 30% Fe cutoff (Approx. 90% Lumps, and 10% Fines) 2 7","Nearest Rail Head Chopan (about 18 km from block) Road SH 5 Airport Babatpur, Varanasi 8",Local Surface Drainage pattern (Channels) Sub Dendritic Rivers/ Streams Son River 9,Mean annual rainfall 125 cm; temperature 30-46 C; source also prints average 25 C.,Rugged terrain.,source_table_visual_transcription_dms_wgs84,[1],"[""A"", ""B"", ""C"", ""D"", ""E"", ""F""]",6,"POLYGON ((82.86152277777778 24.563351944444445, 82.87305916666666 24.56631416666667, 82.88680583333334 24.568710555555555, 82.88777555555556 24.5635625, 82.87554194444444 24.562013333333333, 82.86254277777778 24.5594575, 82.86152277777778 24.563351944444445))",EPSG:4326,WGS 84,24.5641042,82.87513626,134.51511,0.18913,0.0,True,True,True,[],admitted_authoritative_source_footprint,"Source-labelled boundary table passed polygon validity, state-centroid and 5% area reconciliation checks.",11742,https://www.mstcecommerce.com/auctionhome/download_docs.jsp?FILE_ID=11742_2_Phase_4_MBS_Bharhari_Iron_Ore_Block.pdf&path=dynamiclinks&portal=mlcl&mdTyp=-,2026-09-10,dc4d98263c4ef6f716413f4a198f0d38aabb3a42538d8ff6d576d275bbab902a,482923,3,False,context_only,"Geometry and technical context are authoritative to the MBS, but current operation and present legal status are not independently verified."
IBM-IMYB2024-AUCTION-092,official_state_mbs_boundary_context,Uttar Pradesh,Sona Pahari,5_Phase_4_MBS_Sonapahari_Gold_Block,Gold,"[""element:gold""]","[""Gold""]","[""gold""]","[""Au""]",2023-11-23,CL,79.0,79.0,G3,19,2359.9,"Geological Survey of India, Northern Region, Lucknow.",19 boreholes Inclined (Meterage: 2359.90M),Gold,"52,806.25 tonnes inferred gold-ore resource over 16.8 ha in sub-block H.",Average 3.03 g/t Au at 0.5 g/t cut-off.,1 zones,Zone 1 located in sub block H is about 170 m long. Subsidiary shear developed in the sub block H trend N65W and S65E. It is quiet important from the point of view of mineralization and have shown good 2 concentration of sulfides and high value of Au in the area.,1.26 m to 3.9 m 6 Grade 3.03g/t of Au 7,"Nearest Rail Head Chopan Road SH5 and 5A Airport Babatpur, Varanasi 8",Local Surface Drainage pattern (Channels) Dendritic Rivers/ Streams Son river 9,Mean annual rainfall 110-115 cm; December temperature 5-28 C; May-June temperature 24-41 C.,Rugged terrain.,source_table_visual_transcription_dms_wgs84,[1],"[""A"", ""B"", ""C"", ""D"", ""E"", ""F"", ""G"", ""H"", ""I""]",9,"POLYGON ((83.02812694444444 24.36388888888889, 83.02806194444445 24.366111111111113, 83.02410611111111 24.366111111111113, 83.02402777777777 24.369083333333332, 83.02566666666667 24.370250000000002, 83.029385 24.3696625, 83.03097583333333 24.370181388888888, 83.03696305555556 24.370175, 83.03714333333333 24.36388888888889, 83.02812694444444 24.36388888888889))",EPSG:4326,WGS 84,24.3672006,83.03122403,79.448935,0.568272,0.0,True,True,True,[],admitted_authoritative_source_footprint,"Source-labelled boundary table passed polygon validity, state-centroid and 5% area reconciliation checks.",11745,https://www.mstcecommerce.com/auctionhome/download_docs.jsp?FILE_ID=11745_5_Phase_4_MBS_Sonapahari_Gold_Block.pdf&path=dynamiclinks&portal=mlcl&mdTyp=-,2026-09-10,8341f0c83f22217c5838c845418e08e73ade01ed9bfe6db89c2a3bd9df08b2a3,173068,3,False,context_only,"Geometry and technical context are authoritative to the MBS, but current operation and present legal status are not independently verified."
IBM-IMYB2024-AUCTION-093,official_state_mbs_boundary_context,Goa,Block V- Advalpale-Thivim Mineral Block,Block V- Advalpale-Thivim Mineral Block,Iron Ore,"[""element:iron"",""ore:iron-ore""]","[""Iron"",""Iron ore""]","[""iron"",""Iron ore""]","[""Fe""]",2023-04-21,ML,36.22,36.2202,G1; G2; G3,120,6504.9,"Exploration was carried out by Ms Lithoferro. Their office is located at Khalap Chambers, Market Road, Mapusa, Goa, Pin code 403507.",120 Boreholes with cumulative meterage of 6504.90 m,Iron ore (hematite),"In-situ geological resource 3.828 million tons; estimated resource in dumps 417,020 tons, as on 2022-06-01.",In-situ fines Fe 57.43%; lumps Fe 59.58%. Dump material is 45% to below 51% Fe.,"The Geological investigation in the said lease area including subsurface data obtained from the boreholes drilled and study of opencast workings reveal that it is a single ore band having strike length around 900m to 1000m , width of the deposit is 20m to 25m and average thickness is 25m with vertical explored thickness 40m to 50m.",The general strike is NW -SE to WNW -ESE with dip varying from 35 0 to 45 0 north to north easterly. The deposit is traversed by as many as seven dip and oblique faults ranging in throw from 15m to 90m. Generally the faults are filled by barren laterite dykes or fault gouge.,is 25m with vertical explored thickness 40m to 50m. Trend (Dip and Strike) The general strike is NW -SE to WNW -ESE with dip varying from 35 0 to 45 0 north to north easterly. The deposit is traversed by as many as seven dip and oblique faults ranging in throw from 15m to 90m. Generally the faults are filled by barren laterite dykes or fault gouge. Average Thickness 25 m (Inclusive low grade and powdery ore) 6,Nearest Rail Head Tivim railway station at a distance of 4.2 kms. Road Mine is located at a distance of about 2.7 kms due North from State Highway (Mapusa-Bicholim) Page 3 of 4 Features Details Barge loading jetty and port Sircaim Jetty is at 4kms and Marmugoa Harbour is about 50 kms Airport Dabolim Airport is at 50 kms and Mopa Airport is about 40 kms 7,Local Surface Drainage Pattern (Channels) There is no perennial source of water within the lease area. The surface drainage is diverted in to series of settling ponds through garland drains. Rivers/ Streams No River or streams within the lease 8,Mean annual rainfall 3500 mm; winter temperature 16-21 C; summer temperature 36-38 C.,The area comprises of plateau top hill running Northwest - Southeast direction with northeastern part of plateau top hill range having a moderate slope in comparison to southwest part of hill. The highest elevation is 115 m from MSL while the lowest in -situ level is 28 m from MSL located in the village. However the present pit bottom is 12.33 m from MSL in the Northwestern side of the lease. Page 4 of 4,source_table_text_extraction_utm43n_to_wgs84,[1],"[1, 2, 3, 4, 5, 6, 7, 8, 9, 10, 11]",11,"POLYGON ((73.88779058646064 15.645044152895293, 73.88026903602045 15.648356866411572, 73.88030389701645 15.647959416445063, 73.88025831906444 15.646063336368783, 73.88024128848069 15.645559708700466, 73.88082844179362 15.645251327360572, 73.8813856412276 15.644888624848207, 73.88277446708055 15.643899710999692, 73.88532396631099 15.640124247089396, 73.88655602941381 15.639428135226854, 73.8869501300821 15.64166635689203, 73.88779058646064 15.645044152895293))",EPSG:4326,WGS 84,15.64430004,73.88427949,36.236388,0.044693,0.000552,True,True,True,[],admitted_authoritative_source_footprint,"Source-labelled boundary table passed polygon validity, state-centroid and 5% area reconciliation checks.",8366,https://www.mstcecommerce.com/auctionhome/download_docs.jsp?FILE_ID=8366_Block_V_Advalpale_Thivim_Mineral_Block.pdf&path=dynamiclinks&portal=mlcl&mdTyp=-,2026-09-10,49f4d609e6a458c305f1afdf03a31a2d935f6a02ec4b68dda166dba93bc2e301,538380,4,False,context_only,"Geometry and technical context are authoritative to the MBS, but current operation and present legal status are not independently verified."
IBM-IMYB2024-AUCTION-095,official_state_mbs_boundary_context,Goa,Block VII-Cudnem Mineral Block,Block VII-Cudnem Mineral Block Final,Iron Ore,"[""element:iron"",""ore:iron-ore""]","[""Iron"",""Iron ore""]","[""iron"",""Iron ore""]","[""Fe""]",2023-04-26,ML,75.3,75.3004,G1; G2; G3,94,5886.9,"Sociade De Fomento Industrial Pvt. Ltd P.O. Box No 31Erasmo Cavalho Street, Margao South Goa District, Goa..",94 Boreholes with cumulative meterage 5886.90m Out of total drilled 94 boreholes 62 boreholes were considered for resources estimation,Iron ore (hematite),"In-situ geological resource 8.282 million tons; estimated resource in dumps 2,221,350 tons, as on 2022-06-01.",In-situ fines Fe 55.72%; lumps Fe 57.87%. Dump material is 45% to below 51% Fe.,"Two ore bands First band in the south and west part of the lease belongs to Cudnem - Dignem-Surla deposit having the strike length of 500m, width of 50m to 80m and average thickness is 25m with vertical explored thickness 50m to 55m Second band in the east and no rth-west portion of the lease belongs to Pissurlem -Sonshi deposit having strike length around 600m , width of 100m to 120m .and average thickness is 35m with a maximum vertical explored depth of 134m along section 5P -5P’",Cudnem-Dignem-Surla deposit: The general strike is NW -SE In general the dip on the north -eastern limb ranges from 42 0 to 85 0' towards N.35 0E direction and the maximum amount of dip is in the north-western tip of the deposit. The dip of the south -western limb varies from 200 to 450 towards S 350 W. Pissurlem-Sonshi deposit: The general strike is NW -SE dipping toward NE at 45 0 to 700.,"is 25m with vertical explored thickness 50m to 55m Second band in the east and no rth-west portion of the lease belongs to Pissurlem -Sonshi deposit having strike length around 600m , width of 100m to 120m .and average thickness is 35m with a maximum vertical explored depth of 134m along section 5P -5P’ Trend (Dip and Strike) Cudnem-Dignem-Surla deposit: The general strike is NW -SE In general the dip on the north -eastern limb ranges from 42 0 to 85 0' towards N.35 0E direction and the maximum amount of dip is in the north-western tip of the deposit. The dip of the south -western limb varies from 200 to 450 towards S 350 W. Pissurlem-Sonshi deposit: The general strike is NW -SE dipping toward NE at 45 0 to 700. Average Thickness Cudnem-Dignem-Surla Bands ea has 25m average thicknes. Pissurlem-Sonshi band has 25m to 40m average thickness 6","Nearest Rail Head The nearest Railway st ation is Tivim which is about 29 km due north west and is connected by a metal road. Road The mining lease can be appro ached by road at a distance of 5kms from Sanquelim town towards South East through Sanquelim -Honda- Usgao Road. The nearest railway stat ion is Tivim which is at about 29kms and the nearest Goa International Airport (Daboli m Airport) is at a distance of 49kms from the lease area. Barge loading Jetty and port name Nearest barge loading jetty is in Ammona at a distance of 12kms from the block. Nearest Port is Marmugoa at 50kms from the block. Airport Dabolim at 49 km, Mopa Airport (about 55 km) Page 3 of 5 Features Details 7","Local Surface Drainage Pattern (Channels) During monsoon the rainwater runoff from the mine working area and waste dump are diverted to the mine pits through trenches and garland drains where primary settling of sediment take place. Pumped out water will be diverted into settling ponds and filter beds, where lime & flocculants is added to expedite the sediment settling rate and only clear water is allowed to flow out of mining lease area. Trenches are cleared before the onset of monsoon every year, so that all the water from dumps and mine working faces is diverted to a settling pond. Rivers/ Streams Towards north of the lease, a Nalla flows from east to northwest ultimately joining the main river downstream. There is a perennial river (Cudnem River) is running along the northern boundary of the lease which is one of the tributaries to Madei River. 8",Annual rainfall printed as around 4000 m in the MBS (source-unit anomaly retained); winter temperature 16-21 C; summer temperature 36-38 C.,The mining lease comprises of a two hills running NW-SE direction separated by gently dipping valley about 150m wide. The mining lease is situated in the intermediate highlands between seacoast on the west and Sayadhri hill ranges in the east. Thus the climate of this lease area is different from that of coastal area. The highest elevation is 85m (MSL) in the Southern side of the lease area and the lowest elevation is seen in Pit No 4 with 7.5m (MSL) is seen in pit 4 in south western side of block area. [Note*: Supportive evidence of estimating of resources/reserve provided by lessee is only in the form of geological sections/planes which are enclosed in Plates. No Summarized geological litholog of boreholes drilled and the chemical analytical results of core samples collected from the boreholes drilled are available in department. Only some chemical analytical sheets are available with mining plan annexure which is provided in the annexure of GR.] Page 4 of 5,source_table_text_extraction_utm43n_to_wgs84,[1],"[1, 2, 3, 4, 5, 6, 7, 8]",8,"POLYGON ((74.03960883616378 15.543002613510119, 74.03519395111786 15.539515439958748, 74.03335214041995 15.53809630856782, 74.03207947015625 15.534580926106289, 74.03297785593526 15.529619221859345, 74.03428485276335 15.53017444137005, 74.0372336096704 15.530866095757172, 74.03999609344362 15.537208424932265, 74.03960883616378 15.543002613510119))",EPSG:4326,WGS 84,15.53582406,74.03615222,75.340714,0.053537,0.000531,True,True,True,[],admitted_authoritative_source_footprint,"Source-labelled boundary table passed polygon validity, state-centroid and 5% area reconciliation checks.",8368,https://www.mstcecommerce.com/auctionhome/download_docs.jsp?FILE_ID=8368_Block_VII_Cudnem_Mineral_Block_Final.pdf&path=dynamiclinks&portal=mlcl&mdTyp=-,2026-09-10,41ba1f7862a90e5ba7ba230e0a6cdb8cfc6e0b3698fe5104e0386f24a8830144,540375,5,False,context_only,"Geometry and technical context are authoritative to the MBS, but current operation and present legal status are not independently verified."
IBM-IMYB2024-AUCTION-096,official_state_mbs_boundary_context,Goa,Block VIII-Thivim-Pirna Mineral Block,Block VIII-Thivim-Pirna Mineral Block,Iron Ore,"[""element:iron"",""ore:iron-ore""]","[""Iron"",""Iron ore""]","[""iron"",""Iron ore""]","[""Fe""]",2023-04-27,ML,72.05,72.0544,G1; G2,35,1583.6,"Exploration was carried out by Ms Salgaocar Mining Industries. Salgaocar Bhavan, Altinho, Panjim, Goa, Pin code 400 001.",35 Boreholes with cumulative meterage of 1583.60 m,Iron ore (hematite),"In-situ geological resource 1.687 million tons; estimated resource in dumps 208,210 tons, as on 2022-06-01.",In-situ fines Fe 54.13%; lumps Fe 55.63%. Dump material is 45% to below 51% Fe.,The geological investigation in the said lease area including subsurface data obtained from the boreholes drilled and study of opencast workings reveals that there are 3 parallel iron ore band are present in the south-eastern part of the lease area. The general strike direction is N300W-S300E with local variation and dipping 350 to 600 towards East. Band 1 is having strike length of 150m and average width of 15m and an average thickness of 20m. Band 2 is having strike length of 250m and average width of 30 m and Page 3 of 5 Features Details an average thickness of 20 m. Band 3 is having strike length of 90m and average width of 60m and average thickness of 20m.,The deposit has a general strike is NW -SE to WNW -ESE with dip varying from 350 to 600 towards East.,of 20m. Band 2 is having strike length of 250m and average width of 30 m and Page 3 of 5 Features Details an average thickness of 20 m. Band 3 is having strike length of 90m and average width of 60m and average thickness of 20m. Trend (Dip and Strike) The deposit has a general strike is NW -SE to WNW -ESE with dip varying from 350 to 600 towards East. Average Thickness Band 1- Average thickness 20m (150m Length and 15m width) Band 2 - Average thickness 20m (250m Length and 30m width) Band 3- Average thickness 20m (90m Length and 60m width) 6,Nearest Rail Head Thivim railway station at a distance of 5.2 kms. Road Mine is located at a distance of about 3 .7 kms due North from State Highway (Mapusa-Bicholim) Barge Loading and Port Nearest barge loading Jetty is Sircaim Jetty at Sircaim Village at a distance of 4kms and nearest harbor is Marmugoa Harbour at about 60kms from the lease Airport Mopa Airport is about 40kms & Dabolim is at 6 0 kms. from the block/lease. 7,Local Surface Drainage Pattern (Channels) There is no perennial source of water within the lease area. The surface drainage is diverted in to series of settling ponds through garland drains. Rivers/ Streams No River or streams within the lease 8,Mean annual rainfall 3500 mm; winter temperature 16-21 C; summer temperature 36-38 C.,"The mining lease falls in Pirna and Tivim villages of Bardez Taluka, north Goa District. The lease area occupies a hill rage, the two articulated parts of which are almost right to each other with intervening valley. The southern hill range is about 300m long and trends East -West direction while Northern hill extends over a length of 800m which trends North -South direction which trends North -South direction. Hill rises about 75m from the general ground level. The highest elevation is 115m above MSL towards North-Western boundary whereas the lowest elevation is 24.60m above MSL (Pit bottom) towards south -Eastern part of the mining lease. Page 4 of 5",source_table_visual_transcription_dms_wgs84,[1],"[1, 2, 3, 4, 5, 7, 8, 9, 10, 11]",10,"POLYGON ((73.8787011111111 15.655777500000001, 73.87394444444443 15.65581, 73.87380444444443 15.654551666666666, 73.87294555555555 15.64833, 73.87548361111111 15.645598055555554, 73.88024138888888 15.645559722222222, 73.88025833333333 15.646063333333332, 73.88030388888889 15.647959444444444, 73.88026916666666 15.648356944444444, 73.87916305555555 15.652592777777778, 73.8787011111111 15.655777500000001))",EPSG:4326,WGS 84,15.65049139,73.87664289,72.210291,0.216352,0.006106,True,True,True,"[""source_point_id_6_absent""]",admitted_authoritative_source_footprint,"Source-labelled boundary table passed polygon validity, state-centroid and 5% area reconciliation checks.",8369,https://www.mstcecommerce.com/auctionhome/download_docs.jsp?FILE_ID=8369_Block_VIII_Thivim_Pirna_Mineral_Block.pdf&path=dynamiclinks&portal=mlcl&mdTyp=-,2026-09-10,c2b450d8c0215c3a3b3c8fc46a4b8263677c870b050be36d26f749c2c540b28f,542909,5,False,context_only,"Geometry and technical context are authoritative to the MBS, but current operation and present legal status are not independently verified."
IBM-IMYB2024-AUCTION-097,official_state_mbs_boundary_context,Goa,Block IX-Surla-Sonshi Mineral Block,Block IX-Surla-Sonshi Mineral Block Final,Iron Ore,"[""element:iron"",""ore:iron-ore""]","[""Iron"",""Iron ore""]","[""iron"",""Iron ore""]","[""Fe""]",2023-04-28,ML,254.51,254.51,G1; G2,494,53453.6,"Sesa Resources Limited, 20 EDC Complex, Patto Panaji , North Goa District, Goa 403001",494 Boreholes with cumulative meterage 53453.60m Total 494 boreholes were considered for resources estimation,Iron ore (hematite),"In-situ geological resource 65.728 million tons; estimated resource in dumps 2,686,620 tons, as on 2022-06-01.",In-situ fines Fe 44.63%; lumps Fe 46.38%. Dump material is 45% to below 51% Fe.,Surla-Sonshi comprises two major nearly parallel ore bodies called as Southern Ore Body (exposed in Surla Pit) and Northern Ore body (Exposed along north-eastern side of the lease boundary. Ore body strike length of 700m and width of 120m.,The general strike is NW -SE with occasional dips varying 35° to 50°.There are two ore bodies named northern and southern bands. The southern ore band is the part of Surla-Dignem deposit and folded forming an anticline about 600m len gth with an average width of 120m. The northern band is the part of Pissurlem-Sonshi deposit. This portion of the deposit generally dipping north-easterly with minor role forms westerly dips at palaces and it is the western limb of bottom most (Delhi band) of Pissurlem deposit.,Surla-Dignem deposit with an average width of 120m. 6,Nearest Rail Head The nearest railway station is Tivim which is at about 27kms. Road The mining lease can be approached by road at a distance of 8 kms from Sanquelim town towards South East through Sanquelim -HondaUsgao Road. Airport Goa International Airport (Dabolim Airport) is at a distance of 50kms and Mopa Airport is at a distance of around 60kms Page 5 of 7 7,Local Surface Drainage Pattern (Channels) The area is charcterised by dentritic type of drainage pattern. Locally the mining lease has no distinct drainage pattern except localized surface flows from elevations during monsoon. Small seasonal nallah/stream exist at central part of the lease boundar y During monsoon most of the surface flow of water is collected through series of settling ponds and clear water is allowed to the seasonal nalah. Rivers/ Streams There is one seasonal nalla by name Advoi Nala is running outside the lease in the southern part of the lease 8,"Mean annual rainfall 3750 mm (minimum 3500 mm, maximum 4000 mm); winter temperature 20 C; summer temperature 38 C.","Surla Sonshi Iron Ore Mine (M.L. No 04/AMLG (ML -3)/SRL/17), comprising TC No. 21/54, 20/54 & 5/54 is occupying slopes & valleys of Dignem and Pissurlem ridges. Sonshi valley forms centre of leasehold area. Lease is disposed in a general northwest -southeast direction. The highest elevation is 191m (MSL) in the south east part of lease area close to BP 37. The lowest elevation is about -15m (MSL) in the pit bottom on the North Eastern.Surla Sonshi Iron Ore Mine is situated in the intermediate highlands between seacoast on the west and Sayadhri hill ranges in the east. [Note*: Supportive evidence of estimating of resources/reserve provided by lessee is only in the form of geological sections/planes which are enclosed in Plates. No Summarized geological litholog of boreholes drilled and the chemical analytical results of core samples collected from the boreholes drilled are available in department. Only some chemical analytical sheets are available with mining plan annexure which is provided in the annexure of GR.] Page 6 of 7",source_table_text_extraction_utm43n_to_wgs84,"[1, 2, 3]","[1, 2, 3, 4, 5, 6, 7, 8, 9, 10, 11, 12, 13, 14, 15, 16, 17, 18, 19, 20, 21, 22, 23, 24, 25, 26, 27, 28, 29, 30, 31, 32, 33, 34, 35, 36, 37, 38, 39, 40, 41, 42, 43, 44, 45, 46, 47, 48, 49, 50, 51, 52, 53, 54, 55, 56, 57, 58, 59, 60, 61, 62, 63, 64, 65]",65,"POLYGON ((74.04565137047415 15.530961341777342, 74.04622803888837 15.530527508214998, 74.04656866920867 15.529962069231887, 74.0476033905867 15.529310514890003, 74.04807595003284 15.528990711249577, 74.04826639476529 15.528795061299817, 74.04890363326743 15.527902636329072, 74.0494069837028 15.527164906285318, 74.04979837238776 15.526812609975122, 74.05035735293691 15.52649451890407, 74.05069909480311 15.52620897631438, 74.05106661963515 15.525679584100297, 74.05146985001461 15.525113794196605, 74.05169676915334 15.524509582994948, 74.05198863344903 15.52418730511067, 74.05252306650178 15.523866360781604, 74.05321182268295 15.523366263762394, 74.05355310592262 15.523377830719102, 74.05372645027879 15.523120166317293, 74.05434948101241 15.522594047591188, 74.05476877242022 15.522410000237382, 74.05492072225903 15.522336039310712, 74.05545233628513 15.522080002381097, 74.0556752721815 15.52194979730878, 74.05588257512797 15.52181278873189, 74.05612038287998 15.521654825125403, 74.05644403330938 15.521466305797158, 74.05711872756574 15.520955294119606, 74.05721293890062 15.52071538898961, 74.05766958882157 15.520495266638315, 74.05781990019426 15.520342999649452, 74.05810312748928 15.52011221701024, 74.05863909740428 15.51974515238433, 74.05897564478158 15.519295555220697, 74.05927472253084 15.519016111440305, 74.05945916678843 15.518819166748356, 74.05978055510295 15.518360000093434, 74.06032666651305 15.518048055185464, 74.06081365182926 15.517806823177871, 74.06146444404173 15.517484444657633, 74.06220916643879 15.517830277573625, 74.0629533499739 15.517950058257508, 74.06360611121468 15.517911388498089, 74.06409165234871 15.517701794778166, 74.06483861080278 15.517475833080145, 74.06533388892917 15.517326944562198, 74.06623638932037 15.517030833006537, 74.0670566667126 15.516900833342957, 74.06481194431983 15.511314722534483, 74.05477722482122 15.515878079780338, 74.05164544732109 15.520475250304909, 74.0483578779785 15.51662615292714, 74.04689111831104 15.518215636059892, 74.04632798671055 15.519051262281536, 74.04605279597386 15.52013253795577, 74.0454334901212 15.520603507339144, 74.04509349624585 15.521289392830576, 74.04459421849484 15.521946019345108, 74.04419199728737 15.522442850071823, 74.04057685901859 15.516494021454882, 74.03408399991037 15.521607840086642, 74.0362097565992 15.522962788337026, 74.03675366584604 15.522908781265375, 74.03774581398362 15.523227192094213, 74.0413856457408 15.526647083601295, 74.04565137047415 15.530961341777342))",EPSG:4326,WGS 84,15.52088745,74.0499469,248.023417,2.548656,0.0,True,True,True,[],admitted_authoritative_source_footprint,"Source-labelled boundary table passed polygon validity, state-centroid and 5% area reconciliation checks.",8370,https://www.mstcecommerce.com/auctionhome/download_docs.jsp?FILE_ID=8370_Block_IX_Surla_Sonshi_Mineral_Block_Final.pdf&path=dynamiclinks&portal=mlcl&mdTyp=-,2026-09-10,c9502ea0af3a12650a4fef1ec933acd6fcf92cc199697a34b089dff53eaa7e6c,592050,7,False,context_only,"Geometry and technical context are authoritative to the MBS, but current operation and present legal status are not independently verified."
