ontology_rank,material_id,material_name,entity_type,official_india_critical_2023,official_india_critical_member_2023,legacy_top50_rank,model_target_v0_6,atomic_number,ima_status,ima_approved_formula,ima_list_page,english_names_json,chemical_names_json,symbols_or_formulae_json,aliases_json,representative_ores_or_forms_json,use_categories_json,parent_material_ids_json,evidence_source_ids_json,authority_status,model_support_level_v0_6,model_known_evidence_records_v0_6,source_term_occurrences_total,mrds_india_source_term_occurrences,ibm_nmi_2025_source_term_occurrences,ibm_mcdr_events_source_term_occurrences,ibm_abandoned_mine_sites_source_term_occurrences,critical_mineral_auction_events_source_term_occurrences,usgs_mcs2026_india_rows_source_term_occurrences,ontology_notes
1,element:antimony,Antimony,element,True,True,1.0,True,51.0,G,Sb,12.0,"[""Antimony""]","[""antimony""]","[""Sb""]",[],"[""stibnite (Sb2S3)""]","[""flame retardants"",""alloys"",""electronics""]",[],"[""SRC_IBM_NMI_2025"",""SRC_IMA_CNMNC_MINERAL_LIST_2026_09"",""SRC_INDIA_CRITICAL_2023"",""SRC_IUPAC_PERIODIC_TABLE_2022"",""SRC_USGS_MCS_2026"",""SRC_USGS_MRDS""]",iupac_element,low,1,9,1,6,0,0,0,2,Legacy v0.6 model target retained without expanding model eligibility.
2,element:beryllium,Beryllium,element,True,True,2.0,True,4.0,,,,"[""Beryllium""]","[""beryllium""]","[""Be""]",[],"[""beryl (Be3Al2Si6O18)""]","[""aerospace alloys"",""electronics""]",[],"[""SRC_INDIA_CRITICAL_2023"",""SRC_IUPAC_PERIODIC_TABLE_2022""]",iupac_element,none,0,0,0,0,0,0,0,0,Legacy v0.6 model target retained without expanding model eligibility.
3,element:bismuth,Bismuth,element,True,True,3.0,True,83.0,,,,"[""Bismuth""]","[""bismuth""]","[""Bi""]",[],"[""bismuthinite (Bi2S3)""]","[""low-melting alloys"",""pharmaceuticals""]",[],"[""SRC_INDIA_CRITICAL_2023"",""SRC_IUPAC_PERIODIC_TABLE_2022""]",iupac_element,none,0,0,0,0,0,0,0,0,Legacy v0.6 model target retained without expanding model eligibility.
4,element:cadmium,Cadmium,element,True,True,30.0,True,48.0,A,Cd,34.0,"[""Cadmium""]","[""cadmium""]","[""Cd""]",[],"[""zinc-processing by-product"",""greenockite (CdS)""]","[""nickel-cadmium batteries"",""coatings"",""solar cells""]",[],"[""SRC_IMA_CNMNC_MINERAL_LIST_2026_09"",""SRC_INDIA_CRITICAL_2023"",""SRC_IUPAC_PERIODIC_TABLE_2022"",""SRC_USGS_MRDS""]",iupac_element,low,4,4,4,0,0,0,0,0,Legacy v0.6 model target retained without expanding model eligibility.
5,element:cobalt,Cobalt,element,True,True,4.0,True,27.0,,,,"[""Cobalt""]","[""cobalt""]","[""Co""]",[],"[""cobaltite (CoAsS)""]","[""lithium-ion batteries"",""superalloys""]",[],"[""SRC_IBM_NMI_2025"",""SRC_INDIA_CRITICAL_2023"",""SRC_IUPAC_PERIODIC_TABLE_2022"",""SRC_MSTC_CRITICAL_MBS_T1_T8"",""SRC_USGS_MRDS""]",iupac_element,low,4,20,4,6,0,0,10,0,Legacy v0.6 model target retained without expanding model eligibility.
6,element:copper,Copper,element,True,True,5.0,True,29.0,G,Cu,49.0,"[""Copper""]","[""copper""]","[""Cu""]",[],"[""chalcopyrite (CuFeS2)"",""bornite (Cu5FeS4)""]","[""electrical grids"",""motors"",""electronics""]",[],"[""SRC_IBM_ABANDONED_MINE_SITES"",""SRC_IBM_MCDR_INSPECTIONS_2023_2026"",""SRC_IBM_NMI_2025"",""SRC_IMA_CNMNC_MINERAL_LIST_2026_09"",""SRC_INDIA_CRITICAL_2023"",""SRC_IUPAC_PERIODIC_TABLE_2022"",""SRC_MSTC_CRITICAL_MBS_T1_T8"",""SRC_USGS_MCS_2026"",""SRC_USGS_MRDS""]",iupac_element,high,174,244,179,47,8,1,4,5,Legacy v0.6 model target retained without expanding model eligibility.
7,element:gallium,Gallium,element,True,True,6.0,True,31.0,,,,"[""Gallium""]","[""gallium""]","[""Ga""]",[],"[""by-product of bauxite and zinc processing""]","[""semiconductors"",""LEDs"",""solar cells""]",[],"[""SRC_INDIA_CRITICAL_2023"",""SRC_IUPAC_PERIODIC_TABLE_2022"",""SRC_MSTC_CRITICAL_MBS_T1_T8"",""SRC_USGS_MRDS""]",iupac_element,low,1,5,1,0,0,0,4,0,Legacy v0.6 model target retained without expanding model eligibility.
8,element:germanium,Germanium,element,True,True,7.0,True,32.0,,,,"[""Germanium""]","[""germanium""]","[""Ge""]",[],"[""by-product of zinc ores and coal ash""]","[""fiber optics"",""infrared optics"",""semiconductors""]",[],"[""SRC_INDIA_CRITICAL_2023"",""SRC_IUPAC_PERIODIC_TABLE_2022""]",iupac_element,none,0,0,0,0,0,0,0,0,Legacy v0.6 model target retained without expanding model eligibility.
9,element:hafnium,Hafnium,element,True,True,9.0,True,72.0,,,,"[""Hafnium""]","[""hafnium""]","[""Hf""]",[],"[""zircon-associated hafnium""]","[""superalloys"",""nuclear control rods"",""semiconductors""]",[],"[""SRC_INDIA_CRITICAL_2023"",""SRC_IUPAC_PERIODIC_TABLE_2022""]",iupac_element,none,0,0,0,0,0,0,0,0,Legacy v0.6 model target retained without expanding model eligibility.
10,element:indium,Indium,element,True,True,10.0,True,49.0,,,,"[""Indium""]","[""indium""]","[""In""]",[],"[""zinc-processing by-product""]","[""displays"",""transparent conductors"",""solar cells""]",[],"[""SRC_INDIA_CRITICAL_2023"",""SRC_IUPAC_PERIODIC_TABLE_2022""]",iupac_element,none,0,0,0,0,0,0,0,0,Legacy v0.6 model target retained without expanding model eligibility.
11,element:lithium,Lithium,element,True,True,11.0,True,3.0,,,,"[""Lithium""]","[""lithium""]","[""Li""]",[],"[""spodumene (LiAlSi2O6)"",""lepidolite"",""brines""]","[""lithium-ion batteries"",""ceramics"",""greases""]",[],"[""SRC_INDIA_CRITICAL_2023"",""SRC_IUPAC_PERIODIC_TABLE_2022"",""SRC_MSTC_CRITICAL_MBS_T1_T8"",""SRC_USGS_MRDS""]",iupac_element,low,1,9,1,0,0,0,8,0,Legacy v0.6 model target retained without expanding model eligibility.
12,element:molybdenum,Molybdenum,element,True,True,12.0,True,42.0,,,,"[""Molybdenum""]","[""molybdenum""]","[""Mo""]",[],"[""molybdenite (MoS2)""]","[""alloy steel"",""catalysts"",""electronics""]",[],"[""SRC_IBM_NMI_2025"",""SRC_INDIA_CRITICAL_2023"",""SRC_IUPAC_PERIODIC_TABLE_2022"",""SRC_MSTC_CRITICAL_MBS_T1_T8"",""SRC_USGS_MRDS""]",iupac_element,low,4,23,4,10,0,0,9,0,Legacy v0.6 model target retained without expanding model eligibility.
13,element:nickel,Nickel,element,True,True,14.0,True,28.0,A,Ni,154.0,"[""Nickel""]","[""nickel""]","[""Ni""]",[],"[""pentlandite ((Fe,Ni)9S8)"",""laterite ores""]","[""battery cathodes"",""stainless steel"",""superalloys""]",[],"[""SRC_IBM_NMI_2025"",""SRC_IMA_CNMNC_MINERAL_LIST_2026_09"",""SRC_INDIA_CRITICAL_2023"",""SRC_IUPAC_PERIODIC_TABLE_2022"",""SRC_MSTC_CRITICAL_MBS_T1_T8"",""SRC_USGS_MRDS""]",iupac_element,medium,7,30,7,10,0,0,13,0,Legacy v0.6 model target retained without expanding model eligibility.
14,element:niobium,Niobium,element,True,True,13.0,True,41.0,,,,"[""Niobium""]","[""niobium""]","[""Nb""]",[],"[""columbite ((Fe,Mn)Nb2O6)"",""pyrochlore""]","[""high-strength steel"",""superconductors""]",[],"[""SRC_INDIA_CRITICAL_2023"",""SRC_IUPAC_PERIODIC_TABLE_2022"",""SRC_MSTC_CRITICAL_MBS_T1_T8""]",iupac_element,none,0,2,0,0,0,0,2,0,Legacy v0.6 model target retained without expanding model eligibility.
15,element:phosphorus,Phosphorus,element,True,True,16.0,True,15.0,,,,"[""Phosphorus""]","[""phosphorus""]","[""P""]",[],"[""apatite (Ca5(PO4)3(F,Cl,OH))"",""phosphorite""]","[""fertilizers"",""chemicals""]",[],"[""SRC_IBM_ABANDONED_MINE_SITES"",""SRC_IBM_MCDR_INSPECTIONS_2023_2026"",""SRC_IBM_NMI_2025"",""SRC_INDIA_CRITICAL_2023"",""SRC_IUPAC_PERIODIC_TABLE_2022"",""SRC_MSTC_CRITICAL_MBS_T1_T8"",""SRC_USGS_MCS_2026"",""SRC_USGS_MRDS""]",iupac_element,high,85,154,91,33,3,2,22,3,Legacy v0.6 model target retained without expanding model eligibility.
16,element:rhenium,Rhenium,element,True,True,19.0,True,75.0,,,,"[""Rhenium""]","[""rhenium""]","[""Re""]",[],"[""molybdenite-associated rhenium""]","[""superalloys"",""catalysts""]",[],"[""SRC_INDIA_CRITICAL_2023"",""SRC_IUPAC_PERIODIC_TABLE_2022""]",iupac_element,none,0,0,0,0,0,0,0,0,Legacy v0.6 model target retained without expanding model eligibility.
17,element:selenium,Selenium,element,True,True,29.0,True,34.0,G,Se,196.0,"[""Selenium""]","[""selenium""]","[""Se""]",[],"[""copper-refining by-product""]","[""solar cells"",""glass"",""electronics""]",[],"[""SRC_IMA_CNMNC_MINERAL_LIST_2026_09"",""SRC_INDIA_CRITICAL_2023"",""SRC_IUPAC_PERIODIC_TABLE_2022"",""SRC_USGS_MCS_2026"",""SRC_USGS_MRDS""]",iupac_element,low,2,5,2,0,0,0,0,3,Legacy v0.6 model target retained without expanding model eligibility.
18,element:silicon,Silicon,element,True,True,20.0,True,14.0,A,Si,200.0,"[""Silicon""]","[""silicon"",""silicon dioxide""]","[""Si""]",[],"[""quartz (SiO2)"",""silica sand""]","[""semiconductors"",""solar cells"",""glass"",""polymers and fillers""]",[],"[""SRC_IBM_ABANDONED_MINE_SITES"",""SRC_IBM_MCDR_INSPECTIONS_2023_2026"",""SRC_IMA_CNMNC_MINERAL_LIST_2026_09"",""SRC_INDIA_CRITICAL_2023"",""SRC_IUPAC_PERIODIC_TABLE_2022"",""SRC_USGS_MCS_2026"",""SRC_USGS_MRDS""]",iupac_element,high,110,224,139,0,65,16,0,4,Legacy v0.6 model target retained without expanding model eligibility.
19,element:strontium,Strontium,element,True,True,21.0,True,38.0,,,,"[""Strontium""]","[""strontium""]","[""Sr""]",[],"[""celestite (SrSO4)"",""strontianite (SrCO3)""]","[""ceramics"",""magnets"",""pyrotechnics""]",[],"[""SRC_INDIA_CRITICAL_2023"",""SRC_IUPAC_PERIODIC_TABLE_2022""]",iupac_element,none,0,0,0,0,0,0,0,0,Legacy v0.6 model target retained without expanding model eligibility.
20,element:tantalum,Tantalum,element,True,True,22.0,True,73.0,,,,"[""Tantalum""]","[""tantalum""]","[""Ta""]",[],"[""tantalite ((Fe,Mn)Ta2O6)""]","[""capacitors"",""superalloys"",""medical devices""]",[],"[""SRC_INDIA_CRITICAL_2023"",""SRC_IUPAC_PERIODIC_TABLE_2022""]",iupac_element,none,0,0,0,0,0,0,0,0,Legacy v0.6 model target retained without expanding model eligibility.
21,element:tellurium,Tellurium,element,True,True,23.0,True,52.0,,,,"[""Tellurium""]","[""tellurium""]","[""Te""]",[],"[""copper-refining by-product""]","[""thin-film solar cells"",""thermoelectrics"",""alloys""]",[],"[""SRC_INDIA_CRITICAL_2023"",""SRC_IUPAC_PERIODIC_TABLE_2022""]",iupac_element,none,0,0,0,0,0,0,0,0,Legacy v0.6 model target retained without expanding model eligibility.
22,element:tin,Tin,element,True,True,24.0,True,50.0,G,Sn,217.0,"[""Tin""]","[""tin""]","[""Sn""]",[],"[""cassiterite (SnO2)""]","[""solder"",""tinplate"",""chemicals""]",[],"[""SRC_IBM_MCDR_INSPECTIONS_2023_2026"",""SRC_IBM_NMI_2025"",""SRC_IMA_CNMNC_MINERAL_LIST_2026_09"",""SRC_INDIA_CRITICAL_2023"",""SRC_IUPAC_PERIODIC_TABLE_2022"",""SRC_MSTC_CRITICAL_MBS_T1_T8""]",iupac_element,none,0,23,0,12,7,0,4,0,Legacy v0.6 model target retained without expanding model eligibility.
23,element:titanium,Titanium,element,True,True,25.0,True,22.0,A,Ti,218.0,"[""Titanium""]","[""titanium"",""titanium dioxide""]","[""Ti""]",[],"[""ilmenite (FeTiO3)"",""rutile (TiO2)""]","[""aerospace alloys"",""pigments"",""polymers""]",[],"[""SRC_IBM_NMI_2025"",""SRC_IMA_CNMNC_MINERAL_LIST_2026_09"",""SRC_INDIA_CRITICAL_2023"",""SRC_IUPAC_PERIODIC_TABLE_2022"",""SRC_MSTC_CRITICAL_MBS_T1_T8"",""SRC_USGS_MCS_2026"",""SRC_USGS_MRDS""]",iupac_element,high,39,119,75,18,0,0,17,9,Legacy v0.6 model target retained without expanding model eligibility.
24,element:tungsten,Tungsten,element,True,True,26.0,True,74.0,A,W,222.0,"[""Tungsten""]","[""tungsten""]","[""W""]",[],"[""wolframite ((Fe,Mn)WO4)"",""scheelite (CaWO4)""]","[""cutting tools"",""electronics"",""alloys""]",[],"[""SRC_IBM_NMI_2025"",""SRC_IMA_CNMNC_MINERAL_LIST_2026_09"",""SRC_INDIA_CRITICAL_2023"",""SRC_IUPAC_PERIODIC_TABLE_2022"",""SRC_MSTC_CRITICAL_MBS_T1_T8"",""SRC_USGS_MRDS""]",iupac_element,low,3,36,4,18,0,0,14,0,Legacy v0.6 model target retained without expanding model eligibility.
25,element:vanadium,Vanadium,element,True,True,27.0,True,23.0,A,V,226.0,"[""Vanadium""]","[""vanadium""]","[""V""]",[],"[""vanadiferous magnetite"",""vanadinite (Pb5(VO4)3Cl)""]","[""flow batteries"",""steel alloys"",""catalysts""]",[],"[""SRC_IBM_NMI_2025"",""SRC_IMA_CNMNC_MINERAL_LIST_2026_09"",""SRC_INDIA_CRITICAL_2023"",""SRC_IUPAC_PERIODIC_TABLE_2022"",""SRC_MSTC_CRITICAL_MBS_T1_T8"",""SRC_USGS_MRDS""]",iupac_element,medium,10,73,10,26,0,0,37,0,Legacy v0.6 model target retained without expanding model eligibility.
26,element:zirconium,Zirconium,element,True,True,28.0,True,40.0,,,,"[""Zirconium""]","[""zirconium""]","[""Zr""]",[],"[""zircon (ZrSiO4)""]","[""nuclear cladding"",""ceramics"",""foundry""]",[],"[""SRC_IBM_NMI_2025"",""SRC_INDIA_CRITICAL_2023"",""SRC_IUPAC_PERIODIC_TABLE_2022"",""SRC_MSTC_CRITICAL_MBS_T1_T8"",""SRC_USGS_MRDS""]",iupac_element,medium,12,38,30,6,0,0,2,0,Legacy v0.6 model target retained without expanding model eligibility.
27,group:potash,Potash,industrial_material_group,True,True,17.0,True,,,,,"[""Potash""]","[""potassium chloride"",""potassium sulfate""]",[],[],"[""sylvite (KCl)"",""carnallite (KMgCl3·6H2O)"",""glauconite""]","[""fertilizers"",""chemicals""]",[],"[""SRC_IBM_NMI_2025"",""SRC_INDIA_CRITICAL_2023"",""SRC_MSTC_CRITICAL_MBS_T1_T8""]",source_observed_curated_classification,none,0,51,0,12,0,0,39,0,Legacy v0.6 model target retained without expanding model eligibility.
28,group:platinum-group-elements,Platinum-group elements,material_group,True,True,15.0,True,,,,,"[""Platinum-group elements""]","[""platinum"",""palladium"",""rhodium"",""ruthenium"",""iridium"",""osmium""]",[],[],"[""platinum-group minerals""]","[""catalysts"",""fuel cells"",""electronics""]",[],"[""SRC_IBM_NMI_2025"",""SRC_INDIA_CRITICAL_2023"",""SRC_MSTC_CRITICAL_MBS_T1_T8"",""SRC_USGS_MRDS""]",source_observed_curated_classification,medium,8,28,14,6,0,0,8,0,Legacy v0.6 model target retained without expanding model eligibility.
29,group:rare-earth-elements,Rare-earth elements,material_group,True,True,18.0,True,,,,,"[""Rare-earth elements""]","[""scandium"",""yttrium"",""lanthanum"",""cerium"",""praseodymium"",""neodymium"",""promethium"",""samarium"",""europium"",""gadolinium"",""terbium"",""dysprosium"",""holmium"",""erbium"",""thulium"",""ytterbium"",""lutetium""]",[],[],"[""monazite ((Ce,La,Nd,Th)PO4)"",""bastnaesite ((Ce,La)CO3F)""]","[""permanent magnets"",""electronics"",""catalysts""]",[],"[""SRC_IBM_NMI_2025"",""SRC_INDIA_CRITICAL_2023"",""SRC_MSTC_CRITICAL_MBS_T1_T8"",""SRC_USGS_MCS_2026"",""SRC_USGS_MRDS""]",source_observed_curated_classification,medium,9,66,21,15,0,0,27,3,Legacy v0.6 model target retained without expanding model eligibility.
30,mineral:graphite,Graphite,mineral_species,True,True,8.0,True,,G,C,85.0,"[""Graphite""]","[""carbon""]","[""C""]",[],"[""natural graphite""]","[""battery anodes"",""refractories"",""lubricants""]",[],"[""SRC_IBM_MCDR_INSPECTIONS_2023_2026"",""SRC_IBM_NMI_2025"",""SRC_IMA_CNMNC_MINERAL_LIST_2026_09"",""SRC_INDIA_CRITICAL_2023"",""SRC_MSTC_CRITICAL_MBS_T1_T8"",""SRC_USGS_MCS_2026"",""SRC_USGS_MRDS""]",ima_cnmnc_valid_species,medium,15,114,16,22,17,0,56,3,Legacy v0.6 model target retained without expanding model eligibility.
31,element:aluminium,Aluminium,element,False,False,31.0,True,13.0,A,Al,8.0,"[""Aluminium""]","[""aluminium""]","[""Al""]",[],"[""bauxite"",""gibbsite (Al(OH)3)"",""boehmite (AlO(OH))""]","[""transport"",""electrical systems"",""packaging""]",[],"[""SRC_IBM_ABANDONED_MINE_SITES"",""SRC_IBM_MCDR_INSPECTIONS_2023_2026"",""SRC_IBM_NMI_2025"",""SRC_IMA_CNMNC_MINERAL_LIST_2026_09"",""SRC_IUPAC_PERIODIC_TABLE_2022"",""SRC_MSTC_CRITICAL_MBS_T1_T8"",""SRC_USGS_MCS_2026"",""SRC_USGS_MRDS""]",iupac_element,high,110,260,130,31,82,2,8,7,Legacy v0.6 model target retained without expanding model eligibility.
32,element:barium,Barium,element,False,False,48.0,True,56.0,,,,"[""Barium""]","[""barium"",""barium sulfate""]","[""Ba""]",[],"[""barite (BaSO4)""]","[""drilling fluids"",""fillers"",""chemicals""]",[],"[""SRC_IUPAC_PERIODIC_TABLE_2022"",""SRC_USGS_MCS_2026"",""SRC_USGS_MRDS""]",iupac_element,low,3,12,8,0,0,0,0,4,Legacy v0.6 model target retained without expanding model eligibility.
33,element:boron,Boron,element,False,False,45.0,True,5.0,,,,"[""Boron""]","[""boron""]","[""B""]",[],"[""borates""]","[""glass"",""detergents"",""magnets""]",[],"[""SRC_IBM_NMI_2025"",""SRC_IUPAC_PERIODIC_TABLE_2022"",""SRC_USGS_MRDS""]",iupac_element,low,1,4,1,3,0,0,0,0,Legacy v0.6 model target retained without expanding model eligibility.
34,element:chromium,Chromium,element,False,False,34.0,True,24.0,A,Cr,45.0,"[""Chromium""]","[""chromium""]","[""Cr""]",[],"[""chromite (FeCr2O4)""]","[""stainless steel"",""superalloys"",""refractories""]",[],"[""SRC_IBM_ABANDONED_MINE_SITES"",""SRC_IBM_MCDR_INSPECTIONS_2023_2026"",""SRC_IBM_NMI_2025"",""SRC_IMA_CNMNC_MINERAL_LIST_2026_09"",""SRC_IUPAC_PERIODIC_TABLE_2022"",""SRC_MSTC_CRITICAL_MBS_T1_T8"",""SRC_USGS_MCS_2026"",""SRC_USGS_MRDS""]",iupac_element,high,72,138,85,17,19,1,10,6,Legacy v0.6 model target retained without expanding model eligibility.
35,element:fluorine,Fluorine,element,False,False,46.0,True,9.0,,,,"[""Fluorine""]","[""fluorine"",""calcium fluoride""]","[""F""]",[],"[""fluorite (CaF2)""]","[""fluorochemicals"",""aluminium smelting"",""polymers""]",[],"[""SRC_IBM_MCDR_INSPECTIONS_2023_2026"",""SRC_IBM_NMI_2025"",""SRC_IUPAC_PERIODIC_TABLE_2022"",""SRC_USGS_MRDS""]",iupac_element,low,3,16,6,9,1,0,0,0,Legacy v0.6 model target retained without expanding model eligibility.
36,element:gold,Gold,element,False,False,37.0,True,79.0,G,Au,84.0,"[""Gold""]","[""gold""]","[""Au""]",[],"[""native gold""]","[""electronics"",""investment"",""jewellery""]",[],"[""SRC_IBM_ABANDONED_MINE_SITES"",""SRC_IBM_MCDR_INSPECTIONS_2023_2026"",""SRC_IBM_NMI_2025"",""SRC_IMA_CNMNC_MINERAL_LIST_2026_09"",""SRC_IUPAC_PERIODIC_TABLE_2022"",""SRC_MSTC_CRITICAL_MBS_T1_T8"",""SRC_USGS_MRDS""]",iupac_element,medium,16,66,20,32,11,2,1,0,Legacy v0.6 model target retained without expanding model eligibility.
37,element:iron,Iron,element,False,False,32.0,True,26.0,G,Fe,102.0,"[""Iron""]","[""iron""]","[""Fe""]",[],"[""hematite (Fe2O3)"",""magnetite (Fe3O4)""]","[""steel"",""infrastructure"",""machinery""]",[],"[""SRC_IBM_ABANDONED_MINE_SITES"",""SRC_IBM_MCDR_INSPECTIONS_2023_2026"",""SRC_IBM_NMI_2025"",""SRC_IMA_CNMNC_MINERAL_LIST_2026_09"",""SRC_IUPAC_PERIODIC_TABLE_2022"",""SRC_MSTC_CRITICAL_MBS_T1_T8"",""SRC_USGS_MCS_2026"",""SRC_USGS_MRDS""]",iupac_element,high,238,553,240,58,234,2,6,13,Legacy v0.6 model target retained without expanding model eligibility.
38,element:lead,Lead,element,False,False,35.0,True,82.0,G,Pb,122.0,"[""Lead""]","[""lead""]","[""Pb""]",[],"[""galena (PbS)""]","[""lead-acid batteries"",""radiation shielding""]",[],"[""SRC_IBM_ABANDONED_MINE_SITES"",""SRC_IBM_MCDR_INSPECTIONS_2023_2026"",""SRC_IBM_NMI_2025"",""SRC_IMA_CNMNC_MINERAL_LIST_2026_09"",""SRC_IUPAC_PERIODIC_TABLE_2022"",""SRC_MSTC_CRITICAL_MBS_T1_T8"",""SRC_USGS_MCS_2026"",""SRC_USGS_MRDS""]",iupac_element,high,34,123,35,59,22,1,3,3,Legacy v0.6 model target retained without expanding model eligibility.
39,element:magnesium,Magnesium,element,False,False,47.0,True,12.0,,,,"[""Magnesium""]","[""magnesium"",""magnesium carbonate""]","[""Mg""]",[],"[""magnesite (MgCO3)"",""dolomite (CaMg(CO3)2)""]","[""light alloys"",""refractories"",""chemicals""]",[],"[""SRC_IBM_MCDR_INSPECTIONS_2023_2026"",""SRC_IBM_NMI_2025"",""SRC_IUPAC_PERIODIC_TABLE_2022"",""SRC_USGS_MCS_2026"",""SRC_USGS_MRDS""]",iupac_element,low,4,62,4,17,36,0,0,5,Legacy v0.6 model target retained without expanding model eligibility.
40,element:manganese,Manganese,element,False,False,33.0,True,25.0,,,,"[""Manganese""]","[""manganese""]","[""Mn""]",[],"[""pyrolusite (MnO2)"",""braunite""]","[""battery cathodes"",""steel alloys""]",[],"[""SRC_IBM_ABANDONED_MINE_SITES"",""SRC_IBM_MCDR_INSPECTIONS_2023_2026"",""SRC_IBM_NMI_2025"",""SRC_IUPAC_PERIODIC_TABLE_2022"",""SRC_MSTC_CRITICAL_MBS_T1_T8"",""SRC_USGS_MCS_2026"",""SRC_USGS_MRDS""]",iupac_element,high,130,300,130,25,124,2,16,3,Legacy v0.6 model target retained without expanding model eligibility.
41,element:silver,Silver,element,False,False,38.0,True,47.0,G,Ag,200.0,"[""Silver""]","[""silver""]","[""Ag""]",[],"[""native silver"",""argentite (Ag2S)""]","[""solar cells"",""electronics"",""jewellery""]",[],"[""SRC_IBM_NMI_2025"",""SRC_IMA_CNMNC_MINERAL_LIST_2026_09"",""SRC_IUPAC_PERIODIC_TABLE_2022"",""SRC_USGS_MCS_2026"",""SRC_USGS_MRDS""]",iupac_element,high,21,52,23,26,0,0,0,3,Legacy v0.6 model target retained without expanding model eligibility.
42,element:thorium,Thorium,element,False,False,40.0,True,90.0,,,,"[""Thorium""]","[""thorium""]","[""Th""]",[],"[""monazite-associated thorium""]","[""potential nuclear fuel"",""specialty alloys""]",[],"[""SRC_IUPAC_PERIODIC_TABLE_2022"",""SRC_USGS_MCS_2026"",""SRC_USGS_MRDS""]",iupac_element,medium,5,7,6,0,0,0,0,1,Legacy v0.6 model target retained without expanding model eligibility.
43,element:uranium,Uranium,element,False,False,39.0,True,92.0,,,,"[""Uranium""]","[""uranium""]","[""U""]",[],"[""uraninite (UO2)""]","[""nuclear energy""]",[],"[""SRC_IUPAC_PERIODIC_TABLE_2022"",""SRC_USGS_MRDS""]",iupac_element,low,1,1,1,0,0,0,0,0,Legacy v0.6 model target retained without expanding model eligibility.
44,element:zinc,Zinc,element,False,False,36.0,True,30.0,G,Zn,241.0,"[""Zinc""]","[""zinc""]","[""Zn""]",[],"[""sphalerite (ZnS)""]","[""galvanizing"",""alloys"",""batteries""]",[],"[""SRC_IBM_ABANDONED_MINE_SITES"",""SRC_IBM_MCDR_INSPECTIONS_2023_2026"",""SRC_IBM_NMI_2025"",""SRC_IMA_CNMNC_MINERAL_LIST_2026_09"",""SRC_IUPAC_PERIODIC_TABLE_2022"",""SRC_MSTC_CRITICAL_MBS_T1_T8"",""SRC_USGS_MCS_2026"",""SRC_USGS_MRDS""]",iupac_element,high,24,113,25,59,22,1,3,3,Legacy v0.6 model target retained without expanding model eligibility.
45,commodity:coal,Coal,energy_commodity,False,False,41.0,True,,,,,"[""Coal""]",[],[],[],"[""bituminous coal"",""sub-bituminous coal""]","[""energy"",""coke"",""chemical feedstock""]",[],[],source_observed_curated_classification,none,0,0,0,0,0,0,0,0,Legacy v0.6 model target retained without expanding model eligibility.
46,commodity:lignite,Lignite,energy_commodity,False,False,42.0,True,,,,,"[""Lignite""]",[],[],[],"[""brown coal""]","[""energy"",""chemical feedstock""]",[],[],source_observed_curated_classification,none,0,0,0,0,0,0,0,0,Legacy v0.6 model target retained without expanding model eligibility.
47,commodity:natural-gas,Natural gas,energy_commodity,False,False,44.0,True,,,,,"[""Natural gas""]","[""methane""]",[],[],"[""natural gas""]","[""energy"",""hydrogen"",""plastics and chemical feedstock""]",[],[],source_observed_curated_classification,none,0,0,0,0,0,0,0,0,Legacy v0.6 model target retained without expanding model eligibility.
48,commodity:petroleum,Petroleum,energy_commodity,False,False,43.0,True,,,,,"[""Petroleum""]",[],[],[],"[""crude oil"",""natural bitumen""]","[""energy"",""plastics and petrochemical feedstock""]",[],[],source_observed_curated_classification,none,0,0,0,0,0,0,0,0,Legacy v0.6 model target retained without expanding model eligibility.
49,group:kaolin,Kaolin,industrial_mineral_group,False,False,50.0,True,,,,,"[""Kaolin""]","[""kaolinite"",""aluminium silicate hydroxide""]",[],[],"[""kaolinite clay""]","[""ceramics"",""paper"",""paint"",""plastics filler""]",[],"[""SRC_USGS_MRDS""]",source_observed_curated_classification,low,3,3,3,0,0,0,0,0,Legacy v0.6 model target retained without expanding model eligibility.
50,group:calcium-and-limestone,Calcium and limestone,material_group,False,False,49.0,True,,,,,"[""Calcium and limestone""]","[""calcium"",""calcium carbonate""]",[],[],"[""limestone (CaCO3)"",""calcite (CaCO3)""]","[""cement"",""steelmaking"",""plastics filler""]",[],"[""SRC_IBM_ABANDONED_MINE_SITES"",""SRC_IBM_MCDR_INSPECTIONS_2023_2026"",""SRC_IBM_NMI_2025"",""SRC_MSTC_CRITICAL_MBS_T1_T8"",""SRC_USGS_MRDS""]",source_observed_curated_classification,medium,6,780,8,49,711,10,2,0,Legacy v0.6 model target retained without expanding model eligibility.
51,material:iron-and-steel,Iron and steel,alloy_or_industrial_material,False,False,,False,,,,,"[""Iron and steel""]",[],[],[],[],[],[],"[""SRC_USGS_MCS_2026""]",source_observed_curated_classification,,0,4,0,0,0,0,0,4,Commodity group including iron and steel products.
52,group:magnesium-compounds,Magnesium compounds,compound_group,False,False,,False,,,,,"[""Magnesium compounds""]",[],[],[],[],[],[],"[""SRC_USGS_MCS_2026""]",source_observed_curated_classification,,0,4,0,0,0,0,0,4,Commodity group; no single chemical formula.
53,compound:alumina,Alumina,compound_or_industrial_material,False,False,,False,,,,,"[""Alumina""]","[""alumina""]","[""Al2O3""]",[],[],[],[],"[""SRC_USGS_MCS_2026""]",source_observed_curated_classification,,0,2,0,0,0,0,0,2,Aluminium oxide commodity.
54,compound:nitrogen-fixed-ammonia,Nitrogen (fixed)—ammonia,compound_or_industrial_material,False,False,,False,,,,,"[""Nitrogen (fixed)—ammonia""]","[""nitrogen (fixed)—ammonia""]","[""NH3""]",[],[],[],[],"[""SRC_USGS_MCS_2026""]",source_observed_curated_classification,,0,2,0,0,0,0,0,2,Fixed-nitrogen commodity represented by ammonia.
55,compound:soda-ash,Soda ash,compound_or_industrial_material,False,False,,False,,,,,"[""Soda ash""]","[""soda ash""]","[""Na2CO3""]",[],[],[],[],"[""SRC_USGS_MRDS""]",source_observed_curated_classification,,0,1,1,0,0,0,0,0,Commercial sodium carbonate commodity.
56,compound:sodium-sulfate,Sodium sulfate,compound_or_industrial_material,False,False,,False,,,,,"[""Sodium sulfate""]","[""sodium sulfate""]","[""Na2SO4""]",[],[],[],[],"[""SRC_USGS_MRDS""]",source_observed_curated_classification,,0,1,1,0,0,0,0,0,Sodium sulfate chemical commodity.
57,compound:sulfuric-acid,Sulfuric acid,compound_or_industrial_material,False,False,,False,,,,,"[""Sulfuric acid""]","[""sulfuric acid""]","[""H2SO4""]",[],[],[],[],"[""SRC_USGS_MRDS""]",source_observed_curated_classification,,0,3,3,0,0,0,0,0,Sulfuric-acid chemical commodity.
58,compound:titanium-dioxide-pigment,Titanium dioxide pigment,compound_or_industrial_material,False,False,,False,,,,,"[""Titanium dioxide pigment""]","[""titanium dioxide pigment""]","[""TiO2""]",[],[],[],[],"[""SRC_USGS_MCS_2026""]",source_observed_curated_classification,,0,1,0,0,0,0,0,1,Pigment-grade titanium dioxide product.
59,element:arsenic,Arsenic,element,False,False,,False,33.0,G,As,14.0,"[""Arsenic""]","[""arsenic""]","[""As""]",[],[],[],[],"[""SRC_IMA_CNMNC_MINERAL_LIST_2026_09"",""SRC_IUPAC_PERIODIC_TABLE_2022"",""SRC_USGS_MRDS""]",iupac_element,,0,2,2,0,0,0,0,0,Element independently present in a source-observed India material or commodity term.
60,element:bromine,Bromine,element,False,False,,False,35.0,,,,"[""Bromine""]","[""bromine""]","[""Br""]",[],[],[],[],"[""SRC_IUPAC_PERIODIC_TABLE_2022"",""SRC_USGS_MCS_2026""]",iupac_element,,0,3,0,0,0,0,0,3,Element independently present in a source-observed India material or commodity term.
61,element:calcium,Calcium,element,False,False,,False,20.0,,,,"[""Calcium""]","[""calcium""]","[""Ca""]",[],[],[],[],"[""SRC_IUPAC_PERIODIC_TABLE_2022"",""SRC_USGS_MRDS""]",iupac_element,,0,1,1,0,0,0,0,0,Element independently present in a source-observed India material or commodity term.
62,element:cerium,Cerium,element,False,True,,False,58.0,,,,"[""Cerium""]","[""cerium""]","[""Ce""]",[],[],[],"[""group:rare-earth-elements""]","[""SRC_INDIA_CRITICAL_2023"",""SRC_IUPAC_PERIODIC_TABLE_2022""]",iupac_element,,0,0,0,0,0,0,0,0,Independently identified member of the official aggregate Rare-earth elements; not an independently scored v0.6 target.
63,element:cesium,Cesium,element,False,False,,False,55.0,,,,"[""Cesium""]","[""cesium""]","[""Cs""]",[],[],[],[],"[""SRC_IUPAC_PERIODIC_TABLE_2022"",""SRC_MSTC_CRITICAL_MBS_T1_T8""]",iupac_element,,0,2,0,0,0,0,2,0,Element independently present in a source-observed India material or commodity term.
64,element:dysprosium,Dysprosium,element,False,True,,False,66.0,,,,"[""Dysprosium""]","[""dysprosium""]","[""Dy""]",[],[],[],"[""group:rare-earth-elements""]","[""SRC_INDIA_CRITICAL_2023"",""SRC_IUPAC_PERIODIC_TABLE_2022""]",iupac_element,,0,0,0,0,0,0,0,0,Independently identified member of the official aggregate Rare-earth elements; not an independently scored v0.6 target.
65,element:erbium,Erbium,element,False,True,,False,68.0,,,,"[""Erbium""]","[""erbium""]","[""Er""]",[],[],[],"[""group:rare-earth-elements""]","[""SRC_INDIA_CRITICAL_2023"",""SRC_IUPAC_PERIODIC_TABLE_2022""]",iupac_element,,0,0,0,0,0,0,0,0,Independently identified member of the official aggregate Rare-earth elements; not an independently scored v0.6 target.
66,element:europium,Europium,element,False,True,,False,63.0,,,,"[""Europium""]","[""europium""]","[""Eu""]",[],[],[],"[""group:rare-earth-elements""]","[""SRC_INDIA_CRITICAL_2023"",""SRC_IUPAC_PERIODIC_TABLE_2022""]",iupac_element,,0,0,0,0,0,0,0,0,Independently identified member of the official aggregate Rare-earth elements; not an independently scored v0.6 target.
67,element:gadolinium,Gadolinium,element,False,True,,False,64.0,,,,"[""Gadolinium""]","[""gadolinium""]","[""Gd""]",[],[],[],"[""group:rare-earth-elements""]","[""SRC_INDIA_CRITICAL_2023"",""SRC_IUPAC_PERIODIC_TABLE_2022""]",iupac_element,,0,0,0,0,0,0,0,0,Independently identified member of the official aggregate Rare-earth elements; not an independently scored v0.6 target.
68,element:holmium,Holmium,element,False,True,,False,67.0,,,,"[""Holmium""]","[""holmium""]","[""Ho""]",[],[],[],"[""group:rare-earth-elements""]","[""SRC_INDIA_CRITICAL_2023"",""SRC_IUPAC_PERIODIC_TABLE_2022""]",iupac_element,,0,0,0,0,0,0,0,0,Independently identified member of the official aggregate Rare-earth elements; not an independently scored v0.6 target.
69,element:iridium,Iridium,element,False,True,,False,77.0,Rd,Ir,102.0,"[""Iridium""]","[""iridium""]","[""Ir""]",[],[],[],"[""group:platinum-group-elements""]","[""SRC_IMA_CNMNC_MINERAL_LIST_2026_09"",""SRC_INDIA_CRITICAL_2023"",""SRC_IUPAC_PERIODIC_TABLE_2022"",""SRC_USGS_MRDS""]",iupac_element,,0,3,3,0,0,0,0,0,Independently identified member of the official aggregate Platinum-group elements; not an independently scored v0.6 target.
70,element:lanthanum,Lanthanum,element,False,True,,False,57.0,,,,"[""Lanthanum""]","[""lanthanum""]","[""La""]",[],[],[],"[""group:rare-earth-elements""]","[""SRC_INDIA_CRITICAL_2023"",""SRC_IUPAC_PERIODIC_TABLE_2022""]",iupac_element,,0,0,0,0,0,0,0,0,Independently identified member of the official aggregate Rare-earth elements; not an independently scored v0.6 target.
71,element:lutetium,Lutetium,element,False,True,,False,71.0,,,,"[""Lutetium""]","[""lutetium""]","[""Lu""]",[],[],[],"[""group:rare-earth-elements""]","[""SRC_INDIA_CRITICAL_2023"",""SRC_IUPAC_PERIODIC_TABLE_2022""]",iupac_element,,0,0,0,0,0,0,0,0,Independently identified member of the official aggregate Rare-earth elements; not an independently scored v0.6 target.
72,element:neodymium,Neodymium,element,False,True,,False,60.0,,,,"[""Neodymium""]","[""neodymium""]","[""Nd""]",[],[],[],"[""group:rare-earth-elements""]","[""SRC_INDIA_CRITICAL_2023"",""SRC_IUPAC_PERIODIC_TABLE_2022""]",iupac_element,,0,0,0,0,0,0,0,0,Independently identified member of the official aggregate Rare-earth elements; not an independently scored v0.6 target.
73,element:osmium,Osmium,element,False,True,,False,76.0,Rd,Os,161.0,"[""Osmium""]","[""osmium""]","[""Os""]",[],[],[],"[""group:platinum-group-elements""]","[""SRC_IMA_CNMNC_MINERAL_LIST_2026_09"",""SRC_INDIA_CRITICAL_2023"",""SRC_IUPAC_PERIODIC_TABLE_2022"",""SRC_USGS_MRDS""]",iupac_element,,0,3,3,0,0,0,0,0,Independently identified member of the official aggregate Platinum-group elements; not an independently scored v0.6 target.
74,element:palladium,Palladium,element,False,True,,False,46.0,G,Pd,163.0,"[""Palladium""]","[""palladium""]","[""Pd""]",[],[],[],"[""group:platinum-group-elements""]","[""SRC_IMA_CNMNC_MINERAL_LIST_2026_09"",""SRC_INDIA_CRITICAL_2023"",""SRC_IUPAC_PERIODIC_TABLE_2022"",""SRC_USGS_MRDS""]",iupac_element,,0,1,1,0,0,0,0,0,Independently identified member of the official aggregate Platinum-group elements; not an independently scored v0.6 target.
75,element:platinum,Platinum,element,False,True,,False,78.0,G,Pt,173.0,"[""Platinum""]","[""platinum""]","[""Pt""]",[],[],[],"[""group:platinum-group-elements""]","[""SRC_IMA_CNMNC_MINERAL_LIST_2026_09"",""SRC_INDIA_CRITICAL_2023"",""SRC_IUPAC_PERIODIC_TABLE_2022"",""SRC_USGS_MRDS""]",iupac_element,,0,7,7,0,0,0,0,0,Independently identified member of the official aggregate Platinum-group elements; not an independently scored v0.6 target.
76,element:praseodymium,Praseodymium,element,False,True,,False,59.0,,,,"[""Praseodymium""]","[""praseodymium""]","[""Pr""]",[],[],[],"[""group:rare-earth-elements""]","[""SRC_INDIA_CRITICAL_2023"",""SRC_IUPAC_PERIODIC_TABLE_2022""]",iupac_element,,0,0,0,0,0,0,0,0,Independently identified member of the official aggregate Rare-earth elements; not an independently scored v0.6 target.
77,element:promethium,Promethium,element,False,True,,False,61.0,,,,"[""Promethium""]","[""promethium""]","[""Pm""]",[],[],[],"[""group:rare-earth-elements""]","[""SRC_INDIA_CRITICAL_2023"",""SRC_IUPAC_PERIODIC_TABLE_2022""]",iupac_element,,0,0,0,0,0,0,0,0,Independently identified member of the official aggregate Rare-earth elements; not an independently scored v0.6 target.
78,element:rhodium,Rhodium,element,False,True,,False,45.0,A,Rh,185.0,"[""Rhodium""]","[""rhodium""]","[""Rh""]",[],[],[],"[""group:platinum-group-elements""]","[""SRC_IMA_CNMNC_MINERAL_LIST_2026_09"",""SRC_INDIA_CRITICAL_2023"",""SRC_IUPAC_PERIODIC_TABLE_2022"",""SRC_USGS_MRDS""]",iupac_element,,0,1,1,0,0,0,0,0,Independently identified member of the official aggregate Platinum-group elements; not an independently scored v0.6 target.
79,element:rubidium,Rubidium,element,False,False,,False,37.0,,,,"[""Rubidium""]","[""rubidium""]","[""Rb""]",[],[],[],[],"[""SRC_IUPAC_PERIODIC_TABLE_2022"",""SRC_MSTC_CRITICAL_MBS_T1_T8""]",iupac_element,,0,4,0,0,0,0,4,0,Element independently present in a source-observed India material or commodity term.
80,element:ruthenium,Ruthenium,element,False,True,,False,44.0,,,,"[""Ruthenium""]","[""ruthenium""]","[""Ru""]",[],[],[],"[""group:platinum-group-elements""]","[""SRC_INDIA_CRITICAL_2023"",""SRC_IUPAC_PERIODIC_TABLE_2022""]",iupac_element,,0,0,0,0,0,0,0,0,Independently identified member of the official aggregate Platinum-group elements; not an independently scored v0.6 target.
81,element:samarium,Samarium,element,False,True,,False,62.0,,,,"[""Samarium""]","[""samarium""]","[""Sm""]",[],[],[],"[""group:rare-earth-elements""]","[""SRC_INDIA_CRITICAL_2023"",""SRC_IUPAC_PERIODIC_TABLE_2022""]",iupac_element,,0,0,0,0,0,0,0,0,Independently identified member of the official aggregate Rare-earth elements; not an independently scored v0.6 target.
82,element:scandium,Scandium,element,False,True,,False,21.0,,,,"[""Scandium""]","[""scandium""]","[""Sc""]",[],[],[],"[""group:rare-earth-elements""]","[""SRC_INDIA_CRITICAL_2023"",""SRC_IUPAC_PERIODIC_TABLE_2022""]",iupac_element,,0,0,0,0,0,0,0,0,Independently identified member of the official aggregate Rare-earth elements; not an independently scored v0.6 target.
83,element:sulfur,Sulfur,element,False,False,,False,16.0,,,,"[""Sulfur""]","[""sulfur""]","[""S""]",[],[],[],[],"[""SRC_IBM_NMI_2025"",""SRC_IUPAC_PERIODIC_TABLE_2022"",""SRC_USGS_MCS_2026"",""SRC_USGS_MRDS""]",iupac_element,,0,56,51,3,0,0,0,2,Element independently present in a source-observed India material or commodity term.
84,element:terbium,Terbium,element,False,True,,False,65.0,,,,"[""Terbium""]","[""terbium""]","[""Tb""]",[],[],[],"[""group:rare-earth-elements""]","[""SRC_INDIA_CRITICAL_2023"",""SRC_IUPAC_PERIODIC_TABLE_2022""]",iupac_element,,0,0,0,0,0,0,0,0,Independently identified member of the official aggregate Rare-earth elements; not an independently scored v0.6 target.
85,element:thulium,Thulium,element,False,True,,False,69.0,,,,"[""Thulium""]","[""thulium""]","[""Tm""]",[],[],[],"[""group:rare-earth-elements""]","[""SRC_INDIA_CRITICAL_2023"",""SRC_IUPAC_PERIODIC_TABLE_2022""]",iupac_element,,0,0,0,0,0,0,0,0,Independently identified member of the official aggregate Rare-earth elements; not an independently scored v0.6 target.
86,element:ytterbium,Ytterbium,element,False,True,,False,70.0,,,,"[""Ytterbium""]","[""ytterbium""]","[""Yb""]",[],[],[],"[""group:rare-earth-elements""]","[""SRC_INDIA_CRITICAL_2023"",""SRC_IUPAC_PERIODIC_TABLE_2022""]",iupac_element,,0,0,0,0,0,0,0,0,Independently identified member of the official aggregate Rare-earth elements; not an independently scored v0.6 target.
87,element:yttrium,Yttrium,element,False,True,,False,39.0,,,,"[""Yttrium""]","[""yttrium""]","[""Y""]",[],[],[],"[""group:rare-earth-elements""]","[""SRC_INDIA_CRITICAL_2023"",""SRC_IUPAC_PERIODIC_TABLE_2022"",""SRC_MSTC_CRITICAL_MBS_T1_T8""]",iupac_element,,0,3,0,0,0,0,3,0,Independently identified member of the official aggregate Rare-earth elements; not an independently scored v0.6 target.
88,material:abrasives-manufactured,Abrasives (manufactured),industrial_material,False,False,,False,,,,,"[""Abrasives (manufactured)""]",[],[],[],[],[],[],"[""SRC_USGS_MCS_2026""]",source_observed_curated_classification,,0,4,0,0,0,0,0,4,Manufactured-material commodity; composition varies.
89,material:calcareous-shell-material,Calcareous shell material,industrial_material,False,False,,False,,,,,"[""Calcareous shell material""]",[],[],[],[],[],[],"[""SRC_IBM_MCDR_INSPECTIONS_2023_2026""]",source_observed_curated_classification,,0,2,0,0,2,0,0,0,Source term limeshell; composition varies.
90,material:cement,Cement,industrial_material,False,False,,False,,,,,"[""Cement""]",[],[],[],[],[],[],"[""SRC_USGS_MCS_2026""]",source_observed_curated_classification,,0,4,0,0,0,0,0,4,Manufactured binder; composition varies.
91,material:fire-clay,Fire clay,industrial_material,False,False,,False,,,,,"[""Fire clay""]",[],[],[],[],[],[],"[""SRC_IBM_ABANDONED_MINE_SITES""]",source_observed_curated_classification,,0,9,0,0,0,9,0,0,Refractory clay commodity comprising variable clay-mineral assemblages.
92,material:iron-oxide-pigments,Iron oxide pigments,industrial_material,False,False,,False,,,,,"[""Iron oxide pigments""]",[],[],[],[],[],[],"[""SRC_IBM_ABANDONED_MINE_SITES"",""SRC_USGS_MCS_2026""]",source_observed_curated_classification,,0,15,0,0,0,12,0,3,Pigment commodity comprising natural or synthetic iron oxides.
93,material:moulding-sand,Moulding sand,industrial_material,False,False,,False,,,,,"[""Moulding sand""]",[],[],[],[],[],[],"[""SRC_IBM_MCDR_INSPECTIONS_2023_2026""]",source_observed_curated_classification,,0,5,0,0,5,0,0,0,Foundry-sand commodity; composition and specifications vary.
94,material:ochre,Ochre,industrial_material,False,False,,False,,,,,"[""Ochre""]",[],[],[],[],[],[],"[""SRC_IBM_ABANDONED_MINE_SITES""]",source_observed_curated_classification,,0,12,0,0,0,12,0,0,Natural earthy pigment material; mineral composition varies.
95,material:sand-and-gravel-industrial,Sand and gravel (industrial),industrial_material,False,False,,False,,,,,"[""Sand and gravel (industrial)""]",[],[],[],[],[],[],"[""SRC_USGS_MCS_2026""]",source_observed_curated_classification,,0,2,0,0,0,0,0,2,Specification-based aggregate commodity; composition varies.
96,material:siliceous-earth,Siliceous earth,industrial_material,False,False,,False,,,,,"[""Siliceous earth""]",[],[],[],[],[],[],"[""SRC_IBM_MCDR_INSPECTIONS_2023_2026""]",source_observed_curated_classification,,0,19,0,0,19,0,0,0,Silica-rich earthy material; composition varies.
97,material:titanium-sponge-metal,Titanium sponge metal,industrial_material,False,False,,False,,,,,"[""Titanium sponge metal""]","[""titanium sponge metal""]","[""Ti""]",[],[],[],[],"[""SRC_USGS_MCS_2026""]",source_observed_curated_classification,,0,3,0,0,0,0,0,3,Porous titanium metal intermediate.
98,material:white-earth,White earth,industrial_material,False,False,,False,,,,,"[""White earth""]",[],[],[],[],[],[],"[""SRC_IBM_ABANDONED_MINE_SITES""]",source_observed_curated_classification,,0,1,0,0,0,1,0,0,Nonspecific source commodity term retained without a chemical formula.
99,group:asbestos,Asbestos,industrial_mineral_group,False,False,,False,,,,,"[""Asbestos""]",[],[],[],[],[],[],"[""SRC_IBM_NMI_2025"",""SRC_USGS_MRDS""]",source_observed_curated_classification,,0,18,1,17,0,0,0,0,Commercial fibrous-mineral group; not one mineral species.
100,group:clay,Clay,industrial_mineral_group,False,False,,False,,,,,"[""Clay""]",[],[],[],[],[],[],"[""SRC_IBM_ABANDONED_MINE_SITES"",""SRC_USGS_MCS_2026"",""SRC_USGS_MRDS""]",source_observed_curated_classification,,0,17,2,0,0,9,0,6,Particle-size/material class comprising multiple clay minerals.
101,group:base-metals,Base metals,material_group,False,False,,False,,,,,"[""Base metals""]",[],[],[],[],[],[],"[""SRC_MSTC_CRITICAL_MBS_T1_T8""]",source_observed_curated_classification,,0,2,0,0,0,0,2,0,Nonspecific commodity group.
102,group:gemstones,Gemstones,material_group,False,False,,False,,,,,"[""Gemstones""]",[],[],[],[],[],[],"[""SRC_USGS_MCS_2026""]",source_observed_curated_classification,,0,1,0,0,0,0,0,1,Use-based group rather than a mineral species.
103,group:rare-metals,Rare metals,material_group,False,False,,False,,,,,"[""Rare metals""]",[],[],[],[],[],[],"[""SRC_MSTC_CRITICAL_MBS_T1_T8""]",source_observed_curated_classification,,0,6,0,0,0,0,6,0,Nonspecific exploration/commodity group.
104,group:semi-precious-gemstones,Semi-precious gemstones,material_group,False,False,,False,,,,,"[""Semi-precious gemstones""]",[],[],[],[],[],[],"[""SRC_IBM_MCDR_INSPECTIONS_2023_2026""]",source_observed_curated_classification,,0,1,0,0,1,0,0,0,Use-based historical commodity group.
105,group:apatite-group,Apatite group,mineral_group,False,False,,False,,,,,"[""Apatite group""]",[],[],[],[],[],[],"[""SRC_IBM_NMI_2025"",""SRC_USGS_MRDS""]",source_observed_curated_classification,,0,24,9,15,0,0,0,0,Group-level source term; species and formula vary.
106,group:biotite-group,Biotite group,mineral_group,False,False,,False,,,,,"[""Biotite group""]",[],[],[],[],[],[],"[""SRC_USGS_MRDS""]",source_observed_curated_classification,,0,12,12,0,0,0,0,0,Group-level term under modern mica nomenclature.
107,group:chlorite-group,Chlorite group,mineral_group,False,False,,False,,,,,"[""Chlorite group""]",[],[],[],[],[],[],"[""SRC_USGS_MRDS""]",source_observed_curated_classification,,0,21,21,0,0,0,0,0,Group-level source term; species and formula vary.
108,group:feldspar-group,Feldspar group,mineral_group,False,False,,False,,,,,"[""Feldspar group""]",[],[],[],[],[],[],"[""SRC_IBM_ABANDONED_MINE_SITES"",""SRC_IBM_MCDR_INSPECTIONS_2023_2026"",""SRC_USGS_MCS_2026"",""SRC_USGS_MRDS""]",source_observed_curated_classification,,0,39,4,0,20,12,0,3,Group-level source term; species and formula vary.
109,group:garnet-group,Garnet group,mineral_group,False,False,,False,,,,,"[""Garnet group""]",[],[],[],[],[],[],"[""SRC_IBM_MCDR_INSPECTIONS_2023_2026"",""SRC_IBM_NMI_2025"",""SRC_USGS_MCS_2026"",""SRC_USGS_MRDS""]",source_observed_curated_classification,,0,63,30,15,14,0,0,4,Group-level source term; species and formula vary.
110,group:glauconite-group,Glauconite group,mineral_group,False,False,,False,,,,,"[""Glauconite group""]",[],[],[],[],[],[],"[""SRC_MSTC_CRITICAL_MBS_T1_T8""]",source_observed_curated_classification,,0,26,0,0,0,0,26,0,Group-level/ill-defined source term under modern nomenclature.
111,group:hornblende-group,Hornblende group,mineral_group,False,False,,False,,,,,"[""Hornblende group""]",[],[],[],[],[],[],"[""SRC_USGS_MRDS""]",source_observed_curated_classification,,0,2,2,0,0,0,0,0,Field/group term covering several amphibole species.
112,group:kyanite-and-related-minerals,Kyanite and related minerals,mineral_group,False,False,,False,,,,,"[""Kyanite and related minerals""]","[""kyanite and related minerals""]","[""Al2SiO5""]",[],[],[],[],"[""SRC_USGS_MCS_2026""]",source_observed_curated_classification,,0,3,0,0,0,0,0,3,Industrial grouping of Al2SiO5 polymorphs.
113,group:mica-group,Mica group,mineral_group,False,False,,False,,,,,"[""Mica group""]",[],[],[],[],[],[],"[""SRC_IBM_ABANDONED_MINE_SITES"",""SRC_IBM_MCDR_INSPECTIONS_2023_2026"",""SRC_USGS_MCS_2026"",""SRC_USGS_MRDS""]",source_observed_curated_classification,,0,16,1,0,4,3,0,8,Group-level source term; species and formula vary.
114,group:monazite-group,Monazite group,mineral_group,False,False,,False,,,,,"[""Monazite group""]",[],[],[],[],[],[],"[""SRC_USGS_MRDS""]",source_observed_curated_classification,,0,10,10,0,0,0,0,0,REE-phosphate mineral group; species depends on dominant REE.
115,group:olivine-group,Olivine group,mineral_group,False,False,,False,,,,,"[""Olivine group""]",[],[],[],[],[],[],"[""SRC_USGS_MRDS""]",source_observed_curated_classification,,0,2,2,0,0,0,0,0,Solid-solution mineral group; composition varies.
116,group:pyroxene-group,Pyroxene group,mineral_group,False,False,,False,,,,,"[""Pyroxene group""]",[],[],[],[],[],[],"[""SRC_USGS_MRDS""]",source_observed_curated_classification,,0,2,2,0,0,0,0,0,Group-level source term; species and formula vary.
117,group:serpentine-group,Serpentine group,mineral_group,False,False,,False,,,,,"[""Serpentine group""]",[],[],[],[],[],[],"[""SRC_USGS_MRDS""]",source_observed_curated_classification,,0,2,2,0,0,0,0,0,Group-level source term; species and formula vary.
118,group:tetrahedrite-group,Tetrahedrite group,mineral_group,False,False,,False,,,,,"[""Tetrahedrite group""]",[],[],[],[],[],[],"[""SRC_USGS_MRDS""]",source_observed_curated_classification,,0,3,3,0,0,0,0,0,Group-level source term; species depends on dominant constituents.
119,group:tourmaline-group,Tourmaline group,mineral_group,False,False,,False,,,,,"[""Tourmaline group""]",[],[],[],[],[],[],"[""SRC_USGS_MRDS""]",source_observed_curated_classification,,0,3,3,0,0,0,0,0,Group-level source term; species and formula vary.
120,group:wolframite-group,Wolframite group,mineral_group,False,False,,False,,,,,"[""Wolframite group""]","[""wolframite group""]","[""(Fe,Mn)WO4""]",[],[],[],[],"[""SRC_USGS_MRDS""]",source_observed_curated_classification,,0,1,1,0,0,0,0,0,Solid-solution ore-mineral series/group term.
121,historical:psilomelane,Psilomelane,mineral_mixture_or_obsolete_name,False,False,,False,,,,,"[""Psilomelane""]",[],[],[],[],[],[],"[""SRC_USGS_MRDS""]",source_observed_curated_classification,,0,33,33,0,0,0,0,0,Historical field term for hard manganese oxides; not one valid IMA species.
122,ore:limonite,Limonite,mineral_mixture_or_ore,False,False,,False,,,,,"[""Limonite""]",[],[],[],[],[],[],"[""SRC_USGS_MRDS""]",source_observed_curated_classification,,0,15,15,0,0,0,0,0,Field/ore term for hydrated iron oxides; not one mineral species.
123,ore:manganese-oxide-mixture,Manganese oxide mixture,mineral_mixture_or_ore,False,False,,False,,,,,"[""Manganese oxide mixture""]",[],[],[],[],[],[],"[""SRC_USGS_MRDS""]",source_observed_curated_classification,,0,1,1,0,0,0,0,0,Hydrous manganese-oxide source term; composition varies.
124,ore:wad,Wad,mineral_mixture_or_ore,False,False,,False,,,,,"[""Wad""]",[],[],[],[],[],[],"[""SRC_USGS_MRDS""]",source_observed_curated_classification,,0,9,9,0,0,0,0,0,Soft hydrous manganese-oxide mixture; not one mineral species.
125,variety:sericite,Sericite,mineral_mixture_or_variety,False,False,,False,,,,,"[""Sericite""]",[],[],[],[],[],[],"[""SRC_USGS_MRDS""]",source_observed_curated_classification,,0,11,11,0,0,0,0,0,Fine-grained white mica field term; not one mineral species.
126,mineral:acanthite,Acanthite,mineral_species,False,False,,False,,G,Ag2S,3.0,"[""Acanthite""]","[""acanthite""]","[""Ag2S""]",[],[],[],[],"[""SRC_IMA_CNMNC_MINERAL_LIST_2026_09"",""SRC_USGS_MRDS""]",ima_cnmnc_valid_species,,0,1,1,0,0,0,0,0,Mineral species observed in an India source and verified against the IMA-CNMNC list.
127,mineral:anatase,Anatase,mineral_species,False,False,,False,,A,TiO2,10.0,"[""Anatase""]","[""anatase""]","[""TiO2""]",[],[],[],[],"[""SRC_IMA_CNMNC_MINERAL_LIST_2026_09"",""SRC_USGS_MRDS""]",ima_cnmnc_valid_species,,0,3,3,0,0,0,0,0,Mineral species observed in an India source and verified against the IMA-CNMNC list.
128,mineral:andalusite,Andalusite,mineral_species,False,False,,False,,G,Al2SiO5,10.0,"[""Andalusite""]","[""andalusite""]","[""Al2SiO5""]",[],[],[],[],"[""SRC_IBM_NMI_2025"",""SRC_IMA_CNMNC_MINERAL_LIST_2026_09"",""SRC_USGS_MRDS""]",ima_cnmnc_valid_species,,0,5,1,4,0,0,0,0,Mineral species observed in an India source and verified against the IMA-CNMNC list.
129,mineral:anhydrite,Anhydrite,mineral_species,False,False,,False,,G,Ca(SO4),11.0,"[""Anhydrite""]","[""anhydrite""]","[""Ca(SO4)""]",[],[],[],[],"[""SRC_IMA_CNMNC_MINERAL_LIST_2026_09"",""SRC_USGS_MRDS""]",ima_cnmnc_valid_species,,0,1,1,0,0,0,0,0,Mineral species observed in an India source and verified against the IMA-CNMNC list.
130,mineral:arsenopyrite,Arsenopyrite,mineral_species,False,False,,False,,A,FeAsS,15.0,"[""Arsenopyrite""]","[""arsenopyrite""]","[""FeAsS""]",[],[],[],[],"[""SRC_IMA_CNMNC_MINERAL_LIST_2026_09"",""SRC_USGS_MRDS""]",ima_cnmnc_valid_species,,0,4,4,0,0,0,0,0,Mineral species observed in an India source and verified against the IMA-CNMNC list.
131,mineral:autunite,Autunite,mineral_species,False,False,,False,,G,Ca(UO2)2(PO4)2(H2O)11,18.0,"[""Autunite""]","[""autunite""]","[""Ca(UO2)2(PO4)2(H2O)11""]",[],[],[],[],"[""SRC_IMA_CNMNC_MINERAL_LIST_2026_09"",""SRC_USGS_MRDS""]",ima_cnmnc_valid_species,,0,1,1,0,0,0,0,0,Mineral species observed in an India source and verified against the IMA-CNMNC list.
132,mineral:azurite,Azurite,mineral_species,False,False,,False,,G,Cu3(CO3)2(OH)2,18.0,"[""Azurite""]","[""azurite""]","[""Cu3(CO3)2(OH)2""]",[],[],[],[],"[""SRC_IMA_CNMNC_MINERAL_LIST_2026_09"",""SRC_USGS_MRDS""]",ima_cnmnc_valid_species,,0,19,19,0,0,0,0,0,Mineral species observed in an India source and verified against the IMA-CNMNC list.
133,mineral:baryte,Baryte,mineral_species,False,False,,False,,A,Ba(SO4),21.0,"[""Baryte""]","[""baryte""]","[""Ba(SO4)""]",[],[],[],[],"[""SRC_IBM_ABANDONED_MINE_SITES"",""SRC_IMA_CNMNC_MINERAL_LIST_2026_09"",""SRC_USGS_MCS_2026"",""SRC_USGS_MRDS""]",ima_cnmnc_valid_species,,0,13,8,0,0,1,0,4,Mineral species observed in an India source and verified against the IMA-CNMNC list.
134,mineral:birnessite,Birnessite,mineral_species,False,False,,False,,G,"(Na,Ca,K)0.6(Mn4+,Mn3+)2O4(H2O)1.5",26.0,"[""Birnessite""]","[""birnessite""]","[""(Na,Ca,K)0.6(Mn4+,Mn3+)2O4(H2O)1.5""]",[],[],[],[],"[""SRC_IMA_CNMNC_MINERAL_LIST_2026_09"",""SRC_USGS_MRDS""]",ima_cnmnc_valid_species,,0,1,1,0,0,0,0,0,Mineral species observed in an India source and verified against the IMA-CNMNC list.
135,mineral:bismuthinite,Bismuthinite,mineral_species,False,False,,False,,G,Bi2S3,26.0,"[""Bismuthinite""]","[""bismuthinite""]","[""Bi2S3""]",[],[],[],[],"[""SRC_IMA_CNMNC_MINERAL_LIST_2026_09"",""SRC_USGS_MRDS""]",ima_cnmnc_valid_species,,0,1,1,0,0,0,0,0,Mineral species observed in an India source and verified against the IMA-CNMNC list.
136,mineral:bixbyite-mn,Bixbyite-(Mn),mineral_species,False,False,,False,,Rd,Mn2O3,27.0,"[""Bixbyite-(Mn)""]","[""bixbyite-(mn)""]","[""Mn2O3""]",[],[],[],[],"[""SRC_IMA_CNMNC_MINERAL_LIST_2026_09"",""SRC_USGS_MRDS""]",ima_cnmnc_valid_species,,0,2,2,0,0,0,0,0,Mineral species observed in an India source and verified against the IMA-CNMNC list.
137,mineral:borax,Borax,mineral_species,False,False,,False,,G,Na2B4O5(OH)4(H2O)8,28.0,"[""Borax""]","[""borax""]","[""Na2B4O5(OH)4(H2O)8""]",[],[],[],[],"[""SRC_IBM_NMI_2025"",""SRC_IMA_CNMNC_MINERAL_LIST_2026_09""]",ima_cnmnc_valid_species,,0,3,0,3,0,0,0,0,Mineral species observed in an India source and verified against the IMA-CNMNC list.
138,mineral:bornite,Bornite,mineral_species,False,False,,False,,A,Cu5FeS4,29.0,"[""Bornite""]","[""bornite""]","[""Cu5FeS4""]",[],[],[],[],"[""SRC_IMA_CNMNC_MINERAL_LIST_2026_09"",""SRC_USGS_MRDS""]",ima_cnmnc_valid_species,,0,10,10,0,0,0,0,0,Mineral species observed in an India source and verified against the IMA-CNMNC list.
139,mineral:braunite,Braunite,mineral_species,False,False,,False,,G,Mn2+Mn3+6O8(SiO4),30.0,"[""Braunite""]","[""braunite""]","[""Mn2+Mn3+6O8(SiO4)""]",[],[],[],[],"[""SRC_IMA_CNMNC_MINERAL_LIST_2026_09"",""SRC_USGS_MRDS""]",ima_cnmnc_valid_species,,0,21,21,0,0,0,0,0,Mineral species observed in an India source and verified against the IMA-CNMNC list.
140,mineral:bohmite,Böhmite,mineral_species,False,False,,False,,G,AlO(OH),28.0,"[""Böhmite""]","[""böhmite""]","[""AlO(OH)""]",[],[],[],[],"[""SRC_IMA_CNMNC_MINERAL_LIST_2026_09"",""SRC_USGS_MRDS""]",ima_cnmnc_valid_species,,0,5,5,0,0,0,0,0,Mineral species observed in an India source and verified against the IMA-CNMNC list.
141,mineral:calcite,Calcite,mineral_species,False,False,,False,,G,Ca(CO3),35.0,"[""Calcite""]","[""calcite""]","[""Ca(CO3)""]",[],[],[],[],"[""SRC_IBM_ABANDONED_MINE_SITES"",""SRC_IMA_CNMNC_MINERAL_LIST_2026_09"",""SRC_USGS_MRDS""]",ima_cnmnc_valid_species,,0,8,7,0,0,1,0,0,Mineral species observed in an India source and verified against the IMA-CNMNC list.
142,mineral:cassiterite,Cassiterite,mineral_species,False,False,,False,,G,SnO2,38.0,"[""Cassiterite""]","[""cassiterite""]","[""SnO2""]",[],[],[],[],"[""SRC_IMA_CNMNC_MINERAL_LIST_2026_09"",""SRC_USGS_MRDS""]",ima_cnmnc_valid_species,,0,1,1,0,0,0,0,0,Mineral species observed in an India source and verified against the IMA-CNMNC list.
143,mineral:chalcanthite,Chalcanthite,mineral_species,False,False,,False,,G,Cu(SO4)(H2O)4·H2O,40.0,"[""Chalcanthite""]","[""chalcanthite""]","[""Cu(SO4)(H2O)4·H2O""]",[],[],[],[],"[""SRC_IMA_CNMNC_MINERAL_LIST_2026_09"",""SRC_USGS_MRDS""]",ima_cnmnc_valid_species,,0,1,1,0,0,0,0,0,Mineral species observed in an India source and verified against the IMA-CNMNC list.
144,mineral:chalcocite,Chalcocite,mineral_species,False,False,,False,,G,Cu2S,40.0,"[""Chalcocite""]","[""chalcocite""]","[""Cu2S""]",[],[],[],[],"[""SRC_IMA_CNMNC_MINERAL_LIST_2026_09"",""SRC_USGS_MRDS""]",ima_cnmnc_valid_species,,0,7,7,0,0,0,0,0,Mineral species observed in an India source and verified against the IMA-CNMNC list.
145,mineral:chalcopyrite,Chalcopyrite,mineral_species,False,False,,False,,G,CuFeS2,40.0,"[""Chalcopyrite""]","[""chalcopyrite""]","[""CuFeS2""]",[],[],[],[],"[""SRC_IMA_CNMNC_MINERAL_LIST_2026_09"",""SRC_USGS_MRDS""]",ima_cnmnc_valid_species,,0,46,46,0,0,0,0,0,Mineral species observed in an India source and verified against the IMA-CNMNC list.
146,mineral:chromite,Chromite,mineral_species,False,False,,False,,G,Fe2+Cr2O4,45.0,"[""Chromite""]","[""chromite""]","[""Fe2+Cr2O4""]",[],[],[],[],"[""SRC_IBM_ABANDONED_MINE_SITES"",""SRC_IBM_MCDR_INSPECTIONS_2023_2026"",""SRC_IBM_NMI_2025"",""SRC_IMA_CNMNC_MINERAL_LIST_2026_09"",""SRC_USGS_MRDS""]",ima_cnmnc_valid_species,,0,43,6,17,19,1,0,0,Mineral species observed in an India source and verified against the IMA-CNMNC list.
147,mineral:chrysocolla,Chrysocolla,mineral_species,False,False,,False,,A,(Cu2-xAlx)H2-xSi2O5(OH)4·nH2O,45.0,"[""Chrysocolla""]","[""chrysocolla""]","[""(Cu2-xAlx)H2-xSi2O5(OH)4·nH2O""]",[],[],[],[],"[""SRC_IMA_CNMNC_MINERAL_LIST_2026_09"",""SRC_USGS_MRDS""]",ima_cnmnc_valid_species,,0,2,2,0,0,0,0,0,Mineral species observed in an India source and verified against the IMA-CNMNC list.
148,mineral:clinozoisite,Clinozoisite,mineral_species,False,False,,False,,A,Ca2Al3(Si2O7)(SiO4)O(OH),47.0,"[""Clinozoisite""]","[""clinozoisite""]","[""Ca2Al3(Si2O7)(SiO4)O(OH)""]",[],[],[],[],"[""SRC_IMA_CNMNC_MINERAL_LIST_2026_09"",""SRC_USGS_MRDS""]",ima_cnmnc_valid_species,,0,1,1,0,0,0,0,0,Mineral species observed in an India source and verified against the IMA-CNMNC list.
149,mineral:corundum,Corundum,mineral_species,False,False,,False,,G,Al2O3,50.0,"[""Corundum""]","[""corundum""]","[""Al2O3""]",[],[],[],[],"[""SRC_IMA_CNMNC_MINERAL_LIST_2026_09"",""SRC_USGS_MRDS""]",ima_cnmnc_valid_species,,0,1,1,0,0,0,0,0,Mineral species observed in an India source and verified against the IMA-CNMNC list.
150,mineral:covellite,Covellite,mineral_species,False,False,,False,,G,CuS,50.0,"[""Covellite""]","[""covellite""]","[""CuS""]",[],[],[],[],"[""SRC_IMA_CNMNC_MINERAL_LIST_2026_09"",""SRC_USGS_MRDS""]",ima_cnmnc_valid_species,,0,6,6,0,0,0,0,0,Mineral species observed in an India source and verified against the IMA-CNMNC list.
151,mineral:cryptomelane,Cryptomelane,mineral_species,False,False,,False,,A,K(Mn4+7Mn3+)O16,51.0,"[""Cryptomelane""]","[""cryptomelane""]","[""K(Mn4+7Mn3+)O16""]",[],[],[],[],"[""SRC_IMA_CNMNC_MINERAL_LIST_2026_09"",""SRC_USGS_MRDS""]",ima_cnmnc_valid_species,,0,3,3,0,0,0,0,0,Mineral species observed in an India source and verified against the IMA-CNMNC list.
152,mineral:cubanite,Cubanite,mineral_species,False,False,,False,,G,CuFe2S3,51.0,"[""Cubanite""]","[""cubanite""]","[""CuFe2S3""]",[],[],[],[],"[""SRC_IMA_CNMNC_MINERAL_LIST_2026_09"",""SRC_USGS_MRDS""]",ima_cnmnc_valid_species,,0,1,1,0,0,0,0,0,Mineral species observed in an India source and verified against the IMA-CNMNC list.
153,mineral:cuprite,Cuprite,mineral_species,False,False,,False,,G,Cu2O,52.0,"[""Cuprite""]","[""cuprite""]","[""Cu2O""]",[],[],[],[],"[""SRC_IMA_CNMNC_MINERAL_LIST_2026_09"",""SRC_USGS_MRDS""]",ima_cnmnc_valid_species,,0,9,9,0,0,0,0,0,Mineral species observed in an India source and verified against the IMA-CNMNC list.
154,mineral:diamond,Diamond,mineral_species,False,False,,False,,G,C,57.0,"[""Diamond""]","[""diamond""]","[""C""]",[],[],[],[],"[""SRC_IBM_MCDR_INSPECTIONS_2023_2026"",""SRC_IBM_NMI_2025"",""SRC_IMA_CNMNC_MINERAL_LIST_2026_09"",""SRC_USGS_MCS_2026""]",ima_cnmnc_valid_species,,0,10,0,7,2,0,0,1,Mineral species observed in an India source and verified against the IMA-CNMNC list.
155,mineral:dickite,Dickite,mineral_species,False,False,,False,,G,Al2Si2O5(OH)4,57.0,"[""Dickite""]","[""dickite""]","[""Al2Si2O5(OH)4""]",[],[],[],[],"[""SRC_IMA_CNMNC_MINERAL_LIST_2026_09"",""SRC_USGS_MRDS""]",ima_cnmnc_valid_species,,0,1,1,0,0,0,0,0,Mineral species observed in an India source and verified against the IMA-CNMNC list.
156,mineral:diopside,Diopside,mineral_species,False,False,,False,,A,CaMgSi2O6,57.0,"[""Diopside""]","[""diopside""]","[""CaMgSi2O6""]",[],[],[],[],"[""SRC_IMA_CNMNC_MINERAL_LIST_2026_09"",""SRC_USGS_MRDS""]",ima_cnmnc_valid_species,,0,3,3,0,0,0,0,0,Mineral species observed in an India source and verified against the IMA-CNMNC list.
157,mineral:dolomite,Dolomite,mineral_species,False,False,,False,,G,CaMg(CO3)2,58.0,"[""Dolomite""]","[""dolomite""]","[""CaMg(CO3)2""]",[],[],[],[],"[""SRC_IBM_ABANDONED_MINE_SITES"",""SRC_IBM_MCDR_INSPECTIONS_2023_2026"",""SRC_IMA_CNMNC_MINERAL_LIST_2026_09"",""SRC_USGS_MRDS""]",ima_cnmnc_valid_species,,0,22,6,0,14,2,0,0,Mineral species observed in an India source and verified against the IMA-CNMNC list.
158,mineral:enargite,Enargite,mineral_species,False,False,,False,,G,Cu3AsS4,63.0,"[""Enargite""]","[""enargite""]","[""Cu3AsS4""]",[],[],[],[],"[""SRC_IMA_CNMNC_MINERAL_LIST_2026_09"",""SRC_USGS_MRDS""]",ima_cnmnc_valid_species,,0,1,1,0,0,0,0,0,Mineral species observed in an India source and verified against the IMA-CNMNC list.
159,mineral:epidote,Epidote,mineral_species,False,False,,False,,G,Ca2(Al2Fe3+)(Si2O7)(SiO4)O(OH),63.0,"[""Epidote""]","[""epidote""]","[""Ca2(Al2Fe3+)(Si2O7)(SiO4)O(OH)""]",[],[],[],[],"[""SRC_IBM_MCDR_INSPECTIONS_2023_2026"",""SRC_IMA_CNMNC_MINERAL_LIST_2026_09"",""SRC_USGS_MRDS""]",ima_cnmnc_valid_species,,0,3,2,0,1,0,0,0,Mineral species observed in an India source and verified against the IMA-CNMNC list.
160,mineral:fluorite,Fluorite,mineral_species,False,False,,False,,G,CaF2,75.0,"[""Fluorite""]","[""fluorite""]","[""CaF2""]",[],[],[],[],"[""SRC_IBM_MCDR_INSPECTIONS_2023_2026"",""SRC_IBM_NMI_2025"",""SRC_IMA_CNMNC_MINERAL_LIST_2026_09"",""SRC_USGS_MRDS""]",ima_cnmnc_valid_species,,0,16,6,9,1,0,0,0,Mineral species observed in an India source and verified against the IMA-CNMNC list.
161,mineral:galaxite,Galaxite,mineral_species,False,False,,False,,G,Mn2+Al2O4,79.0,"[""Galaxite""]","[""galaxite""]","[""Mn2+Al2O4""]",[],[],[],[],"[""SRC_IMA_CNMNC_MINERAL_LIST_2026_09"",""SRC_USGS_MRDS""]",ima_cnmnc_valid_species,,0,1,1,0,0,0,0,0,Mineral species observed in an India source and verified against the IMA-CNMNC list.
162,mineral:galena,Galena,mineral_species,False,False,,False,,G,PbS,79.0,"[""Galena""]","[""galena""]","[""PbS""]",[],[],[],[],"[""SRC_IMA_CNMNC_MINERAL_LIST_2026_09"",""SRC_USGS_MRDS""]",ima_cnmnc_valid_species,,0,12,12,0,0,0,0,0,Mineral species observed in an India source and verified against the IMA-CNMNC list.
163,mineral:gibbsite,Gibbsite,mineral_species,False,False,,False,,A,Al(OH)3,82.0,"[""Gibbsite""]","[""gibbsite""]","[""Al(OH)3""]",[],[],[],[],"[""SRC_IMA_CNMNC_MINERAL_LIST_2026_09"",""SRC_USGS_MRDS""]",ima_cnmnc_valid_species,,0,12,12,0,0,0,0,0,Mineral species observed in an India source and verified against the IMA-CNMNC list.
164,mineral:goethite,Goethite,mineral_species,False,False,,False,,A,FeO(OH),84.0,"[""Goethite""]","[""goethite""]","[""FeO(OH)""]",[],[],[],[],"[""SRC_IMA_CNMNC_MINERAL_LIST_2026_09"",""SRC_USGS_MRDS""]",ima_cnmnc_valid_species,,0,24,24,0,0,0,0,0,Mineral species observed in an India source and verified against the IMA-CNMNC list.
165,mineral:gypsum,Gypsum,mineral_species,False,False,,False,,G,Ca(SO4)(H2O)2,88.0,"[""Gypsum""]","[""gypsum""]","[""Ca(SO4)(H2O)2""]",[],[],[],[],"[""SRC_IBM_ABANDONED_MINE_SITES"",""SRC_IBM_MCDR_INSPECTIONS_2023_2026"",""SRC_IMA_CNMNC_MINERAL_LIST_2026_09"",""SRC_USGS_MCS_2026"",""SRC_USGS_MRDS""]",ima_cnmnc_valid_species,,0,12,2,0,5,2,0,3,Mineral species observed in an India source and verified against the IMA-CNMNC list.
166,mineral:halite,Halite,mineral_species,False,False,,False,,G,NaCl,89.0,"[""Halite""]","[""halite""]","[""NaCl""]",[],[],[],[],"[""SRC_IBM_MCDR_INSPECTIONS_2023_2026"",""SRC_IBM_NMI_2025"",""SRC_IMA_CNMNC_MINERAL_LIST_2026_09"",""SRC_MSTC_CRITICAL_MBS_T1_T8"",""SRC_USGS_MCS_2026"",""SRC_USGS_MRDS""]",ima_cnmnc_valid_species,,0,20,1,5,1,0,11,2,Mineral species observed in an India source and verified against the IMA-CNMNC list.
167,mineral:hausmannite,Hausmannite,mineral_species,False,False,,False,,G,Mn2+Mn3+2O4,90.0,"[""Hausmannite""]","[""hausmannite""]","[""Mn2+Mn3+2O4""]",[],[],[],[],"[""SRC_IMA_CNMNC_MINERAL_LIST_2026_09"",""SRC_USGS_MRDS""]",ima_cnmnc_valid_species,,0,1,1,0,0,0,0,0,Mineral species observed in an India source and verified against the IMA-CNMNC list.
168,mineral:hematite,Hematite,mineral_species,False,False,,False,,A,Fe2O3,92.0,"[""Hematite""]","[""hematite""]","[""Fe2O3""]",[],[],[],[],"[""SRC_IBM_NMI_2025"",""SRC_IMA_CNMNC_MINERAL_LIST_2026_09"",""SRC_USGS_MRDS""]",ima_cnmnc_valid_species,,0,204,170,34,0,0,0,0,Mineral species observed in an India source and verified against the IMA-CNMNC list.
169,mineral:hollandite,Hollandite,mineral_species,False,False,,False,,Rd,Ba(Mn4+6Mn3+2)O16,95.0,"[""Hollandite""]","[""hollandite""]","[""Ba(Mn4+6Mn3+2)O16""]",[],[],[],[],"[""SRC_IMA_CNMNC_MINERAL_LIST_2026_09"",""SRC_USGS_MRDS""]",ima_cnmnc_valid_species,,0,2,2,0,0,0,0,0,Mineral species observed in an India source and verified against the IMA-CNMNC list.
170,mineral:ilmenite,Ilmenite,mineral_species,False,False,,False,,G,Fe2+Ti4+O3,100.0,"[""Ilmenite""]","[""ilmenite""]","[""Fe2+Ti4+O3""]",[],[],[],[],"[""SRC_IMA_CNMNC_MINERAL_LIST_2026_09"",""SRC_MSTC_CRITICAL_MBS_T1_T8"",""SRC_USGS_MRDS""]",ima_cnmnc_valid_species,,0,21,19,0,0,0,2,0,Mineral species observed in an India source and verified against the IMA-CNMNC list.
171,mineral:jacobsite,Jacobsite,mineral_species,False,False,,False,,A,Mn2+Fe3+2O4,103.0,"[""Jacobsite""]","[""jacobsite""]","[""Mn2+Fe3+2O4""]",[],[],[],[],"[""SRC_IMA_CNMNC_MINERAL_LIST_2026_09"",""SRC_USGS_MRDS""]",ima_cnmnc_valid_species,,0,12,12,0,0,0,0,0,Mineral species observed in an India source and verified against the IMA-CNMNC list.
172,mineral:kaolinite,Kaolinite,mineral_species,False,False,,False,,A,Al2Si2O5(OH)4,109.0,"[""Kaolinite""]","[""kaolinite""]","[""Al2Si2O5(OH)4""]",[],[],[],[],"[""SRC_IMA_CNMNC_MINERAL_LIST_2026_09"",""SRC_USGS_MRDS""]",ima_cnmnc_valid_species,,0,2,2,0,0,0,0,0,Mineral species observed in an India source and verified against the IMA-CNMNC list.
173,mineral:kyanite,Kyanite,mineral_species,False,False,,False,,A,Al2OSiO4,119.0,"[""Kyanite""]","[""kyanite""]","[""Al2OSiO4""]",[],[],[],[],"[""SRC_IBM_ABANDONED_MINE_SITES"",""SRC_IBM_MCDR_INSPECTIONS_2023_2026"",""SRC_IBM_NMI_2025"",""SRC_IMA_CNMNC_MINERAL_LIST_2026_09"",""SRC_USGS_MCS_2026"",""SRC_USGS_MRDS""]",ima_cnmnc_valid_species,,0,36,6,23,3,1,0,3,Mineral species observed in an India source and verified against the IMA-CNMNC list.
174,mineral:lime,Lime,mineral_species,False,False,,False,,G,CaO,125.0,"[""Lime""]","[""lime""]","[""CaO""]",[],[],[],[],"[""SRC_IMA_CNMNC_MINERAL_LIST_2026_09"",""SRC_USGS_MCS_2026""]",ima_cnmnc_valid_species,,0,2,0,0,0,0,0,2,Mineral species observed in an India source and verified against the IMA-CNMNC list.
175,mineral:magnesite,Magnesite,mineral_species,False,False,,False,,A,Mg(CO3),132.0,"[""Magnesite""]","[""magnesite""]","[""Mg(CO3)""]",[],[],[],[],"[""SRC_IBM_MCDR_INSPECTIONS_2023_2026"",""SRC_IBM_NMI_2025"",""SRC_IMA_CNMNC_MINERAL_LIST_2026_09"",""SRC_USGS_MRDS""]",ima_cnmnc_valid_species,,0,34,4,17,13,0,0,0,Mineral species observed in an India source and verified against the IMA-CNMNC list.
176,mineral:magnetite,Magnetite,mineral_species,False,False,,False,,G,Fe2+Fe3+2O4,132.0,"[""Magnetite""]","[""magnetite""]","[""Fe2+Fe3+2O4""]",[],[],[],[],"[""SRC_IBM_NMI_2025"",""SRC_IMA_CNMNC_MINERAL_LIST_2026_09"",""SRC_MSTC_CRITICAL_MBS_T1_T8"",""SRC_USGS_MRDS""]",ima_cnmnc_valid_species,,0,80,53,24,0,0,3,0,Mineral species observed in an India source and verified against the IMA-CNMNC list.
177,mineral:malachite,Malachite,mineral_species,False,False,,False,,G,Cu2(CO3)(OH)2,133.0,"[""Malachite""]","[""malachite""]","[""Cu2(CO3)(OH)2""]",[],[],[],[],"[""SRC_IMA_CNMNC_MINERAL_LIST_2026_09"",""SRC_USGS_MRDS""]",ima_cnmnc_valid_species,,0,50,50,0,0,0,0,0,Mineral species observed in an India source and verified against the IMA-CNMNC list.
178,mineral:manganite,Manganite,mineral_species,False,False,,False,,G,Mn3+O(OH),134.0,"[""Manganite""]","[""manganite""]","[""Mn3+O(OH)""]",[],[],[],[],"[""SRC_IMA_CNMNC_MINERAL_LIST_2026_09"",""SRC_USGS_MRDS""]",ima_cnmnc_valid_species,,0,15,15,0,0,0,0,0,Mineral species observed in an India source and verified against the IMA-CNMNC list.
179,mineral:millerite,Millerite,mineral_species,False,False,,False,,G,NiS,144.0,"[""Millerite""]","[""millerite""]","[""NiS""]",[],[],[],[],"[""SRC_IMA_CNMNC_MINERAL_LIST_2026_09"",""SRC_USGS_MRDS""]",ima_cnmnc_valid_species,,0,1,1,0,0,0,0,0,Mineral species observed in an India source and verified against the IMA-CNMNC list.
180,mineral:molybdenite,Molybdenite,mineral_species,False,False,,False,,G,MoS2,146.0,"[""Molybdenite""]","[""molybdenite""]","[""MoS2""]",[],[],[],[],"[""SRC_IMA_CNMNC_MINERAL_LIST_2026_09"",""SRC_USGS_MRDS""]",ima_cnmnc_valid_species,,0,2,2,0,0,0,0,0,Mineral species observed in an India source and verified against the IMA-CNMNC list.
181,mineral:montmorillonite,Montmorillonite,mineral_species,False,False,,False,,G,"(Na,Ca)0.3(Al,Mg)2Si4O10(OH)2·nH2O",147.0,"[""Montmorillonite""]","[""montmorillonite""]","[""(Na,Ca)0.3(Al,Mg)2Si4O10(OH)2·nH2O""]",[],[],[],[],"[""SRC_IMA_CNMNC_MINERAL_LIST_2026_09"",""SRC_USGS_MRDS""]",ima_cnmnc_valid_species,,0,1,1,0,0,0,0,0,Mineral species observed in an India source and verified against the IMA-CNMNC list.
182,mineral:muscovite,Muscovite,mineral_species,False,False,,False,,A,KAl2(Si3Al)O10(OH)2,150.0,"[""Muscovite""]","[""muscovite""]","[""KAl2(Si3Al)O10(OH)2""]",[],[],[],[],"[""SRC_IMA_CNMNC_MINERAL_LIST_2026_09"",""SRC_USGS_MRDS""]",ima_cnmnc_valid_species,,0,11,11,0,0,0,0,0,Mineral species observed in an India source and verified against the IMA-CNMNC list.
183,mineral:nepheline,Nepheline,mineral_species,False,False,,False,,Rd,Na3K(Al4Si4O16),154.0,"[""Nepheline""]","[""nepheline""]","[""Na3K(Al4Si4O16)""]",[],[],[],[],"[""SRC_IMA_CNMNC_MINERAL_LIST_2026_09"",""SRC_USGS_MCS_2026""]",ima_cnmnc_valid_species,,0,3,0,0,0,0,0,3,Mineral species observed in an India source and verified against the IMA-CNMNC list.
184,mineral:pentlandite,Pentlandite,mineral_species,False,False,,False,,G,"(Ni,Fe)9S8",168.0,"[""Pentlandite""]","[""pentlandite""]","[""(Ni,Fe)9S8""]",[],[],[],[],"[""SRC_IMA_CNMNC_MINERAL_LIST_2026_09"",""SRC_USGS_MRDS""]",ima_cnmnc_valid_species,,0,2,2,0,0,0,0,0,Mineral species observed in an India source and verified against the IMA-CNMNC list.
185,mineral:piemontite,Piemontite,mineral_species,False,False,,False,,A,Ca2(Al2Mn3+)(Si2O7)(SiO4)O(OH),172.0,"[""Piemontite""]","[""piemontite""]","[""Ca2(Al2Mn3+)(Si2O7)(SiO4)O(OH)""]",[],[],[],[],"[""SRC_IMA_CNMNC_MINERAL_LIST_2026_09"",""SRC_USGS_MRDS""]",ima_cnmnc_valid_species,,0,2,2,0,0,0,0,0,Mineral species observed in an India source and verified against the IMA-CNMNC list.
186,mineral:pyrite,Pyrite,mineral_species,False,False,,False,,G,FeS2,179.0,"[""Pyrite""]","[""pyrite""]","[""FeS2""]",[],[],[],[],"[""SRC_IBM_NMI_2025"",""SRC_IMA_CNMNC_MINERAL_LIST_2026_09"",""SRC_USGS_MRDS""]",ima_cnmnc_valid_species,,0,46,34,12,0,0,0,0,Mineral species observed in an India source and verified against the IMA-CNMNC list.
187,mineral:pyrolusite,Pyrolusite,mineral_species,False,False,,False,,A,MnO2,179.0,"[""Pyrolusite""]","[""pyrolusite""]","[""MnO2""]",[],[],[],[],"[""SRC_IMA_CNMNC_MINERAL_LIST_2026_09"",""SRC_USGS_MRDS""]",ima_cnmnc_valid_species,,0,42,42,0,0,0,0,0,Mineral species observed in an India source and verified against the IMA-CNMNC list.
188,mineral:pyrophyllite,Pyrophyllite,mineral_species,False,False,,False,,G,Al2Si4O10(OH)2,180.0,"[""Pyrophyllite""]","[""pyrophyllite""]","[""Al2Si4O10(OH)2""]",[],[],[],[],"[""SRC_IBM_ABANDONED_MINE_SITES"",""SRC_IMA_CNMNC_MINERAL_LIST_2026_09"",""SRC_USGS_MCS_2026""]",ima_cnmnc_valid_species,,0,7,0,0,0,4,0,3,Mineral species observed in an India source and verified against the IMA-CNMNC list.
189,mineral:pyrrhotite,Pyrrhotite,mineral_species,False,False,,False,,G,Fe7S8,180.0,"[""Pyrrhotite""]","[""pyrrhotite""]","[""Fe7S8""]",[],[],[],[],"[""SRC_IMA_CNMNC_MINERAL_LIST_2026_09"",""SRC_USGS_MRDS""]",ima_cnmnc_valid_species,,0,11,11,0,0,0,0,0,Mineral species observed in an India source and verified against the IMA-CNMNC list.
190,mineral:quartz,Quartz,mineral_species,False,False,,False,,A,SiO2,180.0,"[""Quartz""]","[""quartz""]","[""SiO2""]",[],[],[],[],"[""SRC_IBM_ABANDONED_MINE_SITES"",""SRC_IBM_MCDR_INSPECTIONS_2023_2026"",""SRC_IMA_CNMNC_MINERAL_LIST_2026_09"",""SRC_USGS_MRDS""]",ima_cnmnc_valid_species,,0,106,62,0,29,15,0,0,Mineral species observed in an India source and verified against the IMA-CNMNC list.
191,mineral:rhodochrosite,Rhodochrosite,mineral_species,False,False,,False,,A,Mn(CO3),185.0,"[""Rhodochrosite""]","[""rhodochrosite""]","[""Mn(CO3)""]",[],[],[],[],"[""SRC_IMA_CNMNC_MINERAL_LIST_2026_09"",""SRC_USGS_MRDS""]",ima_cnmnc_valid_species,,0,3,3,0,0,0,0,0,Mineral species observed in an India source and verified against the IMA-CNMNC list.
192,mineral:rhodonite,Rhodonite,mineral_species,False,False,,False,,Rd,CaMn3Mn(Si5O15),185.0,"[""Rhodonite""]","[""rhodonite""]","[""CaMn3Mn(Si5O15)""]",[],[],[],[],"[""SRC_IMA_CNMNC_MINERAL_LIST_2026_09"",""SRC_USGS_MRDS""]",ima_cnmnc_valid_species,,0,10,10,0,0,0,0,0,Mineral species observed in an India source and verified against the IMA-CNMNC list.
193,mineral:rutile,Rutile,mineral_species,False,False,,False,,G,TiO2,189.0,"[""Rutile""]","[""rutile""]","[""TiO2""]",[],[],[],[],"[""SRC_IMA_CNMNC_MINERAL_LIST_2026_09"",""SRC_USGS_MRDS""]",ima_cnmnc_valid_species,,0,13,13,0,0,0,0,0,Mineral species observed in an India source and verified against the IMA-CNMNC list.
194,mineral:scheelite,Scheelite,mineral_species,False,False,,False,,G,Ca(WO4),194.0,"[""Scheelite""]","[""scheelite""]","[""Ca(WO4)""]",[],[],[],[],"[""SRC_IMA_CNMNC_MINERAL_LIST_2026_09"",""SRC_USGS_MRDS""]",ima_cnmnc_valid_species,,0,1,1,0,0,0,0,0,Mineral species observed in an India source and verified against the IMA-CNMNC list.
195,mineral:siderite,Siderite,mineral_species,False,False,,False,,A,Fe(CO3),199.0,"[""Siderite""]","[""siderite""]","[""Fe(CO3)""]",[],[],[],[],"[""SRC_IMA_CNMNC_MINERAL_LIST_2026_09"",""SRC_USGS_MRDS""]",ima_cnmnc_valid_species,,0,2,2,0,0,0,0,0,Mineral species observed in an India source and verified against the IMA-CNMNC list.
196,mineral:sillimanite,Sillimanite,mineral_species,False,False,,False,,G,Al2SiO5,200.0,"[""Sillimanite""]","[""sillimanite""]","[""Al2SiO5""]",[],[],[],[],"[""SRC_IBM_MCDR_INSPECTIONS_2023_2026"",""SRC_IBM_NMI_2025"",""SRC_IMA_CNMNC_MINERAL_LIST_2026_09"",""SRC_USGS_MRDS""]",ima_cnmnc_valid_species,,0,39,11,25,3,0,0,0,Mineral species observed in an India source and verified against the IMA-CNMNC list.
197,mineral:spessartine,Spessartine,mineral_species,False,False,,False,,G,Mn2+3Al2(SiO4)3,203.0,"[""Spessartine""]","[""spessartine""]","[""Mn2+3Al2(SiO4)3""]",[],[],[],[],"[""SRC_IMA_CNMNC_MINERAL_LIST_2026_09"",""SRC_USGS_MRDS""]",ima_cnmnc_valid_species,,0,7,7,0,0,0,0,0,Mineral species observed in an India source and verified against the IMA-CNMNC list.
198,mineral:sphalerite,Sphalerite,mineral_species,False,False,,False,,A,ZnS,203.0,"[""Sphalerite""]","[""sphalerite""]","[""ZnS""]",[],[],[],[],"[""SRC_IMA_CNMNC_MINERAL_LIST_2026_09"",""SRC_USGS_MRDS""]",ima_cnmnc_valid_species,,0,11,11,0,0,0,0,0,Mineral species observed in an India source and verified against the IMA-CNMNC list.
199,mineral:sulphur,Sulphur,mineral_species,False,False,,False,,G,S,209.0,"[""Sulphur""]","[""sulphur""]","[""S""]",[],[],[],[],"[""SRC_IBM_NMI_2025"",""SRC_IMA_CNMNC_MINERAL_LIST_2026_09""]",ima_cnmnc_valid_species,,0,3,0,3,0,0,0,0,Mineral species observed in an India source and verified against the IMA-CNMNC list.
200,mineral:talc,Talc,mineral_species,False,False,,False,,G,Mg3Si4O10(OH)2,211.0,"[""Talc""]","[""talc""]","[""Mg3Si4O10(OH)2""]",[],[],[],[],"[""SRC_IMA_CNMNC_MINERAL_LIST_2026_09"",""SRC_USGS_MCS_2026"",""SRC_USGS_MRDS""]",ima_cnmnc_valid_species,,0,6,3,0,0,0,0,3,Mineral species observed in an India source and verified against the IMA-CNMNC list.
201,mineral:tenorite,Tenorite,mineral_species,False,False,,False,,A,CuO,214.0,"[""Tenorite""]","[""tenorite""]","[""CuO""]",[],[],[],[],"[""SRC_IMA_CNMNC_MINERAL_LIST_2026_09"",""SRC_USGS_MRDS""]",ima_cnmnc_valid_species,,0,1,1,0,0,0,0,0,Mineral species observed in an India source and verified against the IMA-CNMNC list.
202,mineral:todorokite,Todorokite,mineral_species,False,False,,False,,A,"(Na,Ca,K,Ba,Sr)1-x(Mn,Mg,Al)6O12·3-4H2O",218.0,"[""Todorokite""]","[""todorokite""]","[""(Na,Ca,K,Ba,Sr)1-x(Mn,Mg,Al)6O12·3-4H2O""]",[],[],[],[],"[""SRC_IMA_CNMNC_MINERAL_LIST_2026_09"",""SRC_USGS_MRDS""]",ima_cnmnc_valid_species,,0,1,1,0,0,0,0,0,Mineral species observed in an India source and verified against the IMA-CNMNC list.
203,mineral:torbernite,Torbernite,mineral_species,False,False,,False,,A,Cu(UO2)2(PO4)2(H2O)4·8H2O,219.0,"[""Torbernite""]","[""torbernite""]","[""Cu(UO2)2(PO4)2(H2O)4·8H2O""]",[],[],[],[],"[""SRC_IMA_CNMNC_MINERAL_LIST_2026_09"",""SRC_USGS_MRDS""]",ima_cnmnc_valid_species,,0,1,1,0,0,0,0,0,Mineral species observed in an India source and verified against the IMA-CNMNC list.
204,mineral:tremolite,Tremolite,mineral_species,False,False,,False,,Rd,☐Ca2(Mg5.0-4.5Fe2+0.0-0.5)Si8O22(OH)2,220.0,"[""Tremolite""]","[""tremolite""]","[""☐Ca2(Mg5.0-4.5Fe2+0.0-0.5)Si8O22(OH)2""]",[],[],[],[],"[""SRC_IMA_CNMNC_MINERAL_LIST_2026_09"",""SRC_USGS_MRDS""]",ima_cnmnc_valid_species,,0,1,1,0,0,0,0,0,Mineral species observed in an India source and verified against the IMA-CNMNC list.
205,mineral:uraninite,Uraninite,mineral_species,False,False,,False,,G,UO2,224.0,"[""Uraninite""]","[""uraninite""]","[""UO2""]",[],[],[],[],"[""SRC_IMA_CNMNC_MINERAL_LIST_2026_09"",""SRC_USGS_MRDS""]",ima_cnmnc_valid_species,,0,1,1,0,0,0,0,0,Mineral species observed in an India source and verified against the IMA-CNMNC list.
206,mineral:vermiculite,Vermiculite,mineral_species,False,False,,False,,G,"Mg0.7(Mg,Fe,Al)6(Si,Al)8O20(OH)4·8H2O",228.0,"[""Vermiculite""]","[""vermiculite""]","[""Mg0.7(Mg,Fe,Al)6(Si,Al)8O20(OH)4·8H2O""]",[],[],[],[],"[""SRC_IBM_MCDR_INSPECTIONS_2023_2026"",""SRC_IBM_NMI_2025"",""SRC_IMA_CNMNC_MINERAL_LIST_2026_09"",""SRC_USGS_MCS_2026""]",ima_cnmnc_valid_species,,0,21,0,11,7,0,0,3,Mineral species observed in an India source and verified against the IMA-CNMNC list.
207,mineral:wollastonite,Wollastonite,mineral_species,False,False,,False,,A,CaSiO3,235.0,"[""Wollastonite""]","[""wollastonite""]","[""CaSiO3""]",[],[],[],[],"[""SRC_IBM_MCDR_INSPECTIONS_2023_2026"",""SRC_IBM_NMI_2025"",""SRC_IMA_CNMNC_MINERAL_LIST_2026_09"",""SRC_USGS_MCS_2026"",""SRC_USGS_MRDS""]",ima_cnmnc_valid_species,,0,20,2,8,8,0,0,2,Mineral species observed in an India source and verified against the IMA-CNMNC list.
208,mineral:zincite,Zincite,mineral_species,False,False,,False,,G,ZnO,241.0,"[""Zincite""]","[""zincite""]","[""ZnO""]",[],[],[],[],"[""SRC_IMA_CNMNC_MINERAL_LIST_2026_09"",""SRC_USGS_MRDS""]",ima_cnmnc_valid_species,,0,1,1,0,0,0,0,0,Mineral species observed in an India source and verified against the IMA-CNMNC list.
209,mineral:zircon,Zircon,mineral_species,False,False,,False,,G,Zr(SiO4),242.0,"[""Zircon""]","[""zircon""]","[""Zr(SiO4)""]",[],[],[],[],"[""SRC_IBM_NMI_2025"",""SRC_IMA_CNMNC_MINERAL_LIST_2026_09"",""SRC_USGS_MRDS""]",ima_cnmnc_valid_species,,0,18,12,6,0,0,0,0,Mineral species observed in an India source and verified against the IMA-CNMNC list.
210,variety:chalcedony,Chalcedony,mineral_variety,False,False,,False,,,,,"[""Chalcedony""]","[""chalcedony""]","[""SiO2""]",[],[],[],[],"[""SRC_USGS_MRDS""]",source_observed_curated_classification,,0,5,5,0,0,0,0,0,"Microcrystalline quartz variety, not a separate IMA species."
211,variety:emerald,Emerald,mineral_variety,False,False,,False,,,,,"[""Emerald""]","[""emerald""]","[""Be3Al2Si6O18""]",[],[],[],[],"[""SRC_IBM_NMI_2025""]",source_observed_curated_classification,,0,3,0,3,0,0,0,0,Chromium/vanadium-bearing beryl variety.
212,variety:ruby,Ruby,mineral_variety,False,False,,False,,,,,"[""Ruby""]","[""ruby""]","[""Al2O3""]",[],[],[],[],"[""SRC_IBM_NMI_2025""]",source_observed_curated_classification,,0,3,0,3,0,0,0,0,Chromium-bearing corundum variety.
213,variety:sapphire,Sapphire,mineral_variety,False,False,,False,,,,,"[""Sapphire""]","[""sapphire""]","[""Al2O3""]",[],[],[],[],"[""SRC_IBM_NMI_2025""]",source_observed_curated_classification,,0,3,0,3,0,0,0,0,Gem corundum variety.
214,ore:titanium-mineral-concentrates,Titanium mineral concentrates,ore_concentrate_group,False,False,,False,,,,,"[""Titanium mineral concentrates""]",[],[],[],[],[],[],"[""SRC_USGS_MCS_2026""]",source_observed_curated_classification,,0,6,0,0,0,0,0,6,Concentrate commodity; mineral composition varies.
215,ore:iron-ore,Iron ore,ore_group,False,False,,False,,,,,"[""Iron ore""]",[],[],[],[],[],[],"[""SRC_IBM_ABANDONED_MINE_SITES"",""SRC_IBM_MCDR_INSPECTIONS_2023_2026"",""SRC_IBM_NMI_2025"",""SRC_USGS_MCS_2026""]",source_observed_curated_classification,,0,215,0,58,150,1,0,6,Ore-class term; mineralogy and grade vary.
216,rock:chert,Chert,rock,False,False,,False,,,,,"[""Chert""]",[],[],[],[],[],[],"[""SRC_USGS_MRDS""]",source_observed_geological_material_curated_classification,,0,1,1,0,0,0,0,0,Siliceous sedimentary rock; composition varies.
217,rock:granite,Granite,rock,False,False,,False,,,,,"[""Granite""]",[],[],[],[],[],[],"[""SRC_USGS_MCS_2026""]",source_observed_geological_material_curated_classification,,0,2,0,0,0,0,0,2,Igneous rock and dimension-stone commodity; composition varies.
218,rock:laterite,Laterite,rock,False,False,,False,,,,,"[""Laterite""]",[],[],[],[],[],[],"[""SRC_IBM_ABANDONED_MINE_SITES""]",source_observed_geological_material_curated_classification,,0,1,0,0,0,1,0,0,Highly weathered residual material; composition and ore significance vary.
219,rock:marl,Marl,rock,False,False,,False,,,,,"[""Marl""]",[],[],[],[],[],[],"[""SRC_IBM_NMI_2025""]",source_observed_geological_material_curated_classification,,0,4,0,4,0,0,0,0,Calcareous clay-rich sedimentary material; composition varies.
220,rock:phyllite,Phyllite,rock,False,False,,False,,,,,"[""Phyllite""]",[],[],[],[],[],[],"[""SRC_USGS_MRDS""]",source_observed_geological_material_curated_classification,,0,1,1,0,0,0,0,0,Fine-grained foliated metamorphic rock; composition varies.
221,rock:quartzite,Quartzite,rock,False,False,,False,,,,,"[""Quartzite""]",[],[],[],[],[],[],"[""SRC_IBM_ABANDONED_MINE_SITES""]",source_observed_geological_material_curated_classification,,0,1,0,0,0,1,0,0,Quartz-rich metamorphic rock; composition and purity vary.
222,rock:chalk,Chalk,rock_or_industrial_material,False,False,,False,,,,,"[""Chalk""]",[],[],[],[],[],[],"[""SRC_IBM_ABANDONED_MINE_SITES""]",source_observed_geological_material_curated_classification,,0,1,0,0,0,1,0,0,Soft fine-grained carbonate rock; composition and purity vary.
223,rock:diatomite,Diatomite,rock_or_industrial_material,False,False,,False,,,,,"[""Diatomite""]",[],[],[],[],[],[],"[""SRC_IBM_NMI_2025""]",source_observed_geological_material_curated_classification,,0,4,0,4,0,0,0,0,Biogenic siliceous sedimentary material; composition varies.
224,rock:lime-kankar,Lime kankar,rock_or_industrial_material,False,False,,False,,,,,"[""Lime kankar""]",[],[],[],[],[],[],"[""SRC_IBM_ABANDONED_MINE_SITES""]",source_observed_geological_material_curated_classification,,0,7,0,0,0,7,0,0,Impure nodular calcareous material; composition varies. IBM source spells this 'Lime kanker'.
225,rock:limestone,Limestone,rock_or_industrial_material,False,False,,False,,,,,"[""Limestone""]",[],[],[],[],[],[],"[""SRC_IBM_ABANDONED_MINE_SITES"",""SRC_IBM_MCDR_INSPECTIONS_2023_2026"",""SRC_IBM_NMI_2025"",""SRC_MSTC_CRITICAL_MBS_T1_T8""]",source_observed_geological_material_curated_classification,,0,743,0,45,688,8,2,0,Carbonate rock; commonly calcite-rich but composition varies.
226,rock:nepheline-syenite,Nepheline syenite,rock_or_industrial_material,False,False,,False,,,,,"[""Nepheline syenite""]",[],[],[],[],[],[],"[""SRC_USGS_MCS_2026""]",source_observed_geological_material_curated_classification,,0,3,0,0,0,0,0,3,Feldspathoid-rich igneous rock and industrial commodity.
227,rock:perlite,Perlite,rock_or_industrial_material,False,False,,False,,,,,"[""Perlite""]",[],[],[],[],[],[],"[""SRC_IBM_NMI_2025""]",source_observed_geological_material_curated_classification,,0,6,0,6,0,0,0,0,Hydrated volcanic glass used as an industrial material.
228,ore:aluminous-laterite,Aluminous laterite,rock_or_ore,False,False,,False,,,,,"[""Aluminous laterite""]",[],[],[],[],[],[],"[""SRC_IBM_MCDR_INSPECTIONS_2023_2026"",""SRC_MSTC_CRITICAL_MBS_T1_T8""]",source_observed_geological_material_curated_classification,,0,16,0,0,2,0,14,0,Lateritic material enriched in aluminium; composition varies.
229,ore:bauxite,Bauxite,rock_or_ore,False,False,,False,,,,,"[""Bauxite""]",[],[],[],[],[],[],"[""SRC_IBM_ABANDONED_MINE_SITES"",""SRC_IBM_MCDR_INSPECTIONS_2023_2026"",""SRC_IBM_NMI_2025"",""SRC_MSTC_CRITICAL_MBS_T1_T8"",""SRC_USGS_MCS_2026"",""SRC_USGS_MRDS""]",source_observed_geological_material_curated_classification,,0,141,20,31,77,2,8,3,Aluminium ore comprising multiple minerals; not one mineral species.
230,ore:phosphorite,Phosphorite,rock_or_ore,False,False,,False,,,,,"[""Phosphorite""]",[],[],[],[],[],[],"[""SRC_IBM_ABANDONED_MINE_SITES"",""SRC_IBM_MCDR_INSPECTIONS_2023_2026"",""SRC_IBM_NMI_2025"",""SRC_MSTC_CRITICAL_MBS_T1_T8"",""SRC_USGS_MCS_2026""]",source_observed_geological_material_curated_classification,,0,43,0,18,3,2,17,3,Phosphate rock; mineralogy and grade vary.
