record_id,record_type,source_id,source_serial_number,state_or_ut,state_source,district,mine_name,mine_name_source,mineral_source,normalized_material_ids_json,normalized_material_names_json,earlier_lessee,published_status,published_status_scope,current_legal_or_operational_status_verified,latitude,longitude,coordinate_source,location_precision,model_evidence_role,model_exclusion_reason,source_url,source_page_last_updated,source_access_date,source_page_sha256,source_table_row_number,quality_flags_json,notes
IBM-ABANDONED-001,official_abandoned_mine_inventory_record,SRC_IBM_ABANDONED_MINE_SITES,1,Andhra Pradesh,Andhra Pradesh,,Borra,Borra,Calcite,"[""group:calcium-and-limestone"",""mineral:calcite""]","[""Calcium and limestone"",""Calcite""]",Perl Glass India Ltd.,abandoned_or_orphaned_site_identified_for_reclamation_or_rehabilitation,one of 82 sites remaining after 24 of 106 identified sites became operational again,False,,,,state_and_named_mine_only,excluded_context_only,IBM page publishes no coordinate and does not establish current status; geocoding by name would be inferred evidence.,https://ibm.gov.in/IBMPortal/pages/Abandoned_Mine_Sites,2026-09-09,2026-09-10,e5164e21ea4f5447d13bcfe20654f81e8791b94913eaa5f51b7f2057f1379edb,2,"[""coordinates_not_published"",""district_not_published"",""current_status_not_independently_verified""]",Source wording is preserved. Earlier lessee is historical context and must not be interpreted as the current owner or rights holder.
IBM-ABANDONED-002,official_abandoned_mine_inventory_record,SRC_IBM_ABANDONED_MINE_SITES,2,Andhra Pradesh,Andhra Pradesh,,Budarayavalasa,Budarayavalasa,Lime kanker,"[""rock:lime-kankar""]","[""Lime kankar""]",M/s FACOR,abandoned_or_orphaned_site_identified_for_reclamation_or_rehabilitation,one of 82 sites remaining after 24 of 106 identified sites became operational again,False,,,,state_and_named_mine_only,excluded_context_only,IBM page publishes no coordinate and does not establish current status; geocoding by name would be inferred evidence.,https://ibm.gov.in/IBMPortal/pages/Abandoned_Mine_Sites,2026-09-09,2026-09-10,e5164e21ea4f5447d13bcfe20654f81e8791b94913eaa5f51b7f2057f1379edb,3,"[""coordinates_not_published"",""district_not_published"",""current_status_not_independently_verified""]",Source wording is preserved. Earlier lessee is historical context and must not be interpreted as the current owner or rights holder.
IBM-ABANDONED-003,official_abandoned_mine_inventory_record,SRC_IBM_ABANDONED_MINE_SITES,3,Andhra Pradesh,Andhra Pradesh,,Dasari Ramanaidu Valasa II,Dasari Ramanaidu Valasa II,Lime kanker,"[""rock:lime-kankar""]","[""Lime kankar""]",M/s FACOR,abandoned_or_orphaned_site_identified_for_reclamation_or_rehabilitation,one of 82 sites remaining after 24 of 106 identified sites became operational again,False,,,,state_and_named_mine_only,excluded_context_only,IBM page publishes no coordinate and does not establish current status; geocoding by name would be inferred evidence.,https://ibm.gov.in/IBMPortal/pages/Abandoned_Mine_Sites,2026-09-09,2026-09-10,e5164e21ea4f5447d13bcfe20654f81e8791b94913eaa5f51b7f2057f1379edb,4,"[""coordinates_not_published"",""district_not_published"",""current_status_not_independently_verified""]",Source wording is preserved. Earlier lessee is historical context and must not be interpreted as the current owner or rights holder.
IBM-ABANDONED-004,official_abandoned_mine_inventory_record,SRC_IBM_ABANDONED_MINE_SITES,4,Andhra Pradesh,Andhra Pradesh,,Dasari Ramanaidu Valasa I,Dasari Ramanaidu Valasa I,Lime kanker,"[""rock:lime-kankar""]","[""Lime kankar""]",M/s FACOR,abandoned_or_orphaned_site_identified_for_reclamation_or_rehabilitation,one of 82 sites remaining after 24 of 106 identified sites became operational again,False,,,,state_and_named_mine_only,excluded_context_only,IBM page publishes no coordinate and does not establish current status; geocoding by name would be inferred evidence.,https://ibm.gov.in/IBMPortal/pages/Abandoned_Mine_Sites,2026-09-09,2026-09-10,e5164e21ea4f5447d13bcfe20654f81e8791b94913eaa5f51b7f2057f1379edb,5,"[""coordinates_not_published"",""district_not_published"",""current_status_not_independently_verified""]",Source wording is preserved. Earlier lessee is historical context and must not be interpreted as the current owner or rights holder.
IBM-ABANDONED-005,official_abandoned_mine_inventory_record,SRC_IBM_ABANDONED_MINE_SITES,5,Andhra Pradesh,Andhra Pradesh,,Korlam I,Korlam I,Quartz,"[""element:silicon"",""mineral:quartz""]","[""Silicon"",""Quartz""]",M/s FACOR,abandoned_or_orphaned_site_identified_for_reclamation_or_rehabilitation,one of 82 sites remaining after 24 of 106 identified sites became operational again,False,,,,state_and_named_mine_only,excluded_context_only,IBM page publishes no coordinate and does not establish current status; geocoding by name would be inferred evidence.,https://ibm.gov.in/IBMPortal/pages/Abandoned_Mine_Sites,2026-09-09,2026-09-10,e5164e21ea4f5447d13bcfe20654f81e8791b94913eaa5f51b7f2057f1379edb,6,"[""coordinates_not_published"",""district_not_published"",""current_status_not_independently_verified""]",Source wording is preserved. Earlier lessee is historical context and must not be interpreted as the current owner or rights holder.
IBM-ABANDONED-006,official_abandoned_mine_inventory_record,SRC_IBM_ABANDONED_MINE_SITES,6,Andhra Pradesh,Andhra Pradesh,,Kunchagumadam,Kunchagumadam,Lime kanker,"[""rock:lime-kankar""]","[""Lime kankar""]",M/s FACOR,abandoned_or_orphaned_site_identified_for_reclamation_or_rehabilitation,one of 82 sites remaining after 24 of 106 identified sites became operational again,False,,,,state_and_named_mine_only,excluded_context_only,IBM page publishes no coordinate and does not establish current status; geocoding by name would be inferred evidence.,https://ibm.gov.in/IBMPortal/pages/Abandoned_Mine_Sites,2026-09-09,2026-09-10,e5164e21ea4f5447d13bcfe20654f81e8791b94913eaa5f51b7f2057f1379edb,7,"[""coordinates_not_published"",""district_not_published"",""current_status_not_independently_verified""]",Source wording is preserved. Earlier lessee is historical context and must not be interpreted as the current owner or rights holder.
IBM-ABANDONED-007,official_abandoned_mine_inventory_record,SRC_IBM_ABANDONED_MINE_SITES,7,Andhra Pradesh,Andhra Pradesh,,Moutoor,Moutoor,Feldspar,"[""group:feldspar-group""]","[""Feldspar group""]",Sh.B.A.Khan,abandoned_or_orphaned_site_identified_for_reclamation_or_rehabilitation,one of 82 sites remaining after 24 of 106 identified sites became operational again,False,,,,state_and_named_mine_only,excluded_context_only,IBM page publishes no coordinate and does not establish current status; geocoding by name would be inferred evidence.,https://ibm.gov.in/IBMPortal/pages/Abandoned_Mine_Sites,2026-09-09,2026-09-10,e5164e21ea4f5447d13bcfe20654f81e8791b94913eaa5f51b7f2057f1379edb,8,"[""coordinates_not_published"",""district_not_published"",""current_status_not_independently_verified""]",Source wording is preserved. Earlier lessee is historical context and must not be interpreted as the current owner or rights holder.
IBM-ABANDONED-008,official_abandoned_mine_inventory_record,SRC_IBM_ABANDONED_MINE_SITES,8,Andhra Pradesh,Andhra Pradesh,,Palakandyaur,Palakandyaur,Lime kanker,"[""rock:lime-kankar""]","[""Lime kankar""]",M/s FACOR,abandoned_or_orphaned_site_identified_for_reclamation_or_rehabilitation,one of 82 sites remaining after 24 of 106 identified sites became operational again,False,,,,state_and_named_mine_only,excluded_context_only,IBM page publishes no coordinate and does not establish current status; geocoding by name would be inferred evidence.,https://ibm.gov.in/IBMPortal/pages/Abandoned_Mine_Sites,2026-09-09,2026-09-10,e5164e21ea4f5447d13bcfe20654f81e8791b94913eaa5f51b7f2057f1379edb,9,"[""coordinates_not_published"",""district_not_published"",""current_status_not_independently_verified""]",Source wording is preserved. Earlier lessee is historical context and must not be interpreted as the current owner or rights holder.
IBM-ABANDONED-009,official_abandoned_mine_inventory_record,SRC_IBM_ABANDONED_MINE_SITES,9,Andhra Pradesh,Andhra Pradesh,,Pedabantupalli,Pedabantupalli,Lime kanker,"[""rock:lime-kankar""]","[""Lime kankar""]",M/s FACOR,abandoned_or_orphaned_site_identified_for_reclamation_or_rehabilitation,one of 82 sites remaining after 24 of 106 identified sites became operational again,False,,,,state_and_named_mine_only,excluded_context_only,IBM page publishes no coordinate and does not establish current status; geocoding by name would be inferred evidence.,https://ibm.gov.in/IBMPortal/pages/Abandoned_Mine_Sites,2026-09-09,2026-09-10,e5164e21ea4f5447d13bcfe20654f81e8791b94913eaa5f51b7f2057f1379edb,10,"[""coordinates_not_published"",""district_not_published"",""current_status_not_independently_verified""]",Source wording is preserved. Earlier lessee is historical context and must not be interpreted as the current owner or rights holder.
IBM-ABANDONED-010,official_abandoned_mine_inventory_record,SRC_IBM_ABANDONED_MINE_SITES,10,Andhra Pradesh,Andhra Pradesh,,Pullajipeta,Pullajipeta,Quartz,"[""element:silicon"",""mineral:quartz""]","[""Silicon"",""Quartz""]",M/s FACOR,abandoned_or_orphaned_site_identified_for_reclamation_or_rehabilitation,one of 82 sites remaining after 24 of 106 identified sites became operational again,False,,,,state_and_named_mine_only,excluded_context_only,IBM page publishes no coordinate and does not establish current status; geocoding by name would be inferred evidence.,https://ibm.gov.in/IBMPortal/pages/Abandoned_Mine_Sites,2026-09-09,2026-09-10,e5164e21ea4f5447d13bcfe20654f81e8791b94913eaa5f51b7f2057f1379edb,11,"[""coordinates_not_published"",""district_not_published"",""current_status_not_independently_verified""]",Source wording is preserved. Earlier lessee is historical context and must not be interpreted as the current owner or rights holder.
IBM-ABANDONED-011,official_abandoned_mine_inventory_record,SRC_IBM_ABANDONED_MINE_SITES,11,Andhra Pradesh,Andhra Pradesh,,Regati V.U mine,Regati V.U mine,Lime kanker,"[""rock:lime-kankar""]","[""Lime kankar""]",M/s FACOR,abandoned_or_orphaned_site_identified_for_reclamation_or_rehabilitation,one of 82 sites remaining after 24 of 106 identified sites became operational again,False,,,,state_and_named_mine_only,excluded_context_only,IBM page publishes no coordinate and does not establish current status; geocoding by name would be inferred evidence.,https://ibm.gov.in/IBMPortal/pages/Abandoned_Mine_Sites,2026-09-09,2026-09-10,e5164e21ea4f5447d13bcfe20654f81e8791b94913eaa5f51b7f2057f1379edb,12,"[""coordinates_not_published"",""district_not_published"",""current_status_not_independently_verified""]",Source wording is preserved. Earlier lessee is historical context and must not be interpreted as the current owner or rights holder.
IBM-ABANDONED-012,official_abandoned_mine_inventory_record,SRC_IBM_ABANDONED_MINE_SITES,12,Andhra Pradesh,Andhra Pradesh,,Sri Ramchandra,Sri Ramchandra,Manganese,"[""element:manganese""]","[""Manganese""]",M/s FACOR,abandoned_or_orphaned_site_identified_for_reclamation_or_rehabilitation,one of 82 sites remaining after 24 of 106 identified sites became operational again,False,,,,state_and_named_mine_only,excluded_context_only,IBM page publishes no coordinate and does not establish current status; geocoding by name would be inferred evidence.,https://ibm.gov.in/IBMPortal/pages/Abandoned_Mine_Sites,2026-09-09,2026-09-10,e5164e21ea4f5447d13bcfe20654f81e8791b94913eaa5f51b7f2057f1379edb,13,"[""coordinates_not_published"",""district_not_published"",""current_status_not_independently_verified""]",Source wording is preserved. Earlier lessee is historical context and must not be interpreted as the current owner or rights holder.
IBM-ABANDONED-013,official_abandoned_mine_inventory_record,SRC_IBM_ABANDONED_MINE_SITES,13,Goa,Goa,,Sacorda,Sacorda,Iron ore,"[""element:iron"",""ore:iron-ore""]","[""Iron"",""Iron ore""]",Shri V.D.Chowgule,abandoned_or_orphaned_site_identified_for_reclamation_or_rehabilitation,one of 82 sites remaining after 24 of 106 identified sites became operational again,False,,,,state_and_named_mine_only,excluded_context_only,IBM page publishes no coordinate and does not establish current status; geocoding by name would be inferred evidence.,https://ibm.gov.in/IBMPortal/pages/Abandoned_Mine_Sites,2026-09-09,2026-09-10,e5164e21ea4f5447d13bcfe20654f81e8791b94913eaa5f51b7f2057f1379edb,14,"[""coordinates_not_published"",""district_not_published"",""current_status_not_independently_verified""]",Source wording is preserved. Earlier lessee is historical context and must not be interpreted as the current owner or rights holder.
IBM-ABANDONED-014,official_abandoned_mine_inventory_record,SRC_IBM_ABANDONED_MINE_SITES,14,Gujarat,Gujrat,,Aditya,Aditya,Chalk,"[""group:calcium-and-limestone"",""rock:chalk""]","[""Calcium and limestone"",""Chalk""]",Patel Min.Industries,abandoned_or_orphaned_site_identified_for_reclamation_or_rehabilitation,one of 82 sites remaining after 24 of 106 identified sites became operational again,False,,,,state_and_named_mine_only,excluded_context_only,IBM page publishes no coordinate and does not establish current status; geocoding by name would be inferred evidence.,https://ibm.gov.in/IBMPortal/pages/Abandoned_Mine_Sites,2026-09-09,2026-09-10,e5164e21ea4f5447d13bcfe20654f81e8791b94913eaa5f51b7f2057f1379edb,15,"[""coordinates_not_published"",""district_not_published"",""current_status_not_independently_verified""]",Source wording is preserved. Earlier lessee is historical context and must not be interpreted as the current owner or rights holder.
IBM-ABANDONED-015,official_abandoned_mine_inventory_record,SRC_IBM_ABANDONED_MINE_SITES,15,Jharkhand,Jharkhand,,Dhadu,Dhadu,Fireclay,"[""group:clay"",""material:fire-clay""]","[""Clay"",""Fire clay""]",Shri M.P.Singhdeo,abandoned_or_orphaned_site_identified_for_reclamation_or_rehabilitation,one of 82 sites remaining after 24 of 106 identified sites became operational again,False,,,,state_and_named_mine_only,excluded_context_only,IBM page publishes no coordinate and does not establish current status; geocoding by name would be inferred evidence.,https://ibm.gov.in/IBMPortal/pages/Abandoned_Mine_Sites,2026-09-09,2026-09-10,e5164e21ea4f5447d13bcfe20654f81e8791b94913eaa5f51b7f2057f1379edb,16,"[""coordinates_not_published"",""district_not_published"",""current_status_not_independently_verified""]",Source wording is preserved. Earlier lessee is historical context and must not be interpreted as the current owner or rights holder.
IBM-ABANDONED-016,official_abandoned_mine_inventory_record,SRC_IBM_ABANDONED_MINE_SITES,16,Jharkhand,Jharkhand,,Kahalgaon,Kahalgaon,Fireclay,"[""group:clay"",""material:fire-clay""]","[""Clay"",""Fire clay""]",Biharilal & Bros,abandoned_or_orphaned_site_identified_for_reclamation_or_rehabilitation,one of 82 sites remaining after 24 of 106 identified sites became operational again,False,,,,state_and_named_mine_only,excluded_context_only,IBM page publishes no coordinate and does not establish current status; geocoding by name would be inferred evidence.,https://ibm.gov.in/IBMPortal/pages/Abandoned_Mine_Sites,2026-09-09,2026-09-10,e5164e21ea4f5447d13bcfe20654f81e8791b94913eaa5f51b7f2057f1379edb,17,"[""coordinates_not_published"",""district_not_published"",""current_status_not_independently_verified""]",Source wording is preserved. Earlier lessee is historical context and must not be interpreted as the current owner or rights holder.
IBM-ABANDONED-017,official_abandoned_mine_inventory_record,SRC_IBM_ABANDONED_MINE_SITES,17,Jharkhand,Jharkhand,,Manduapat,Manduapat,Bauxite,"[""element:aluminium"",""ore:bauxite""]","[""Aluminium"",""Bauxite""]",HINDAL Indus.Ltd.,abandoned_or_orphaned_site_identified_for_reclamation_or_rehabilitation,one of 82 sites remaining after 24 of 106 identified sites became operational again,False,,,,state_and_named_mine_only,excluded_context_only,IBM page publishes no coordinate and does not establish current status; geocoding by name would be inferred evidence.,https://ibm.gov.in/IBMPortal/pages/Abandoned_Mine_Sites,2026-09-09,2026-09-10,e5164e21ea4f5447d13bcfe20654f81e8791b94913eaa5f51b7f2057f1379edb,18,"[""coordinates_not_published"",""district_not_published"",""current_status_not_independently_verified""]",Source wording is preserved. Earlier lessee is historical context and must not be interpreted as the current owner or rights holder.
IBM-ABANDONED-018,official_abandoned_mine_inventory_record,SRC_IBM_ABANDONED_MINE_SITES,18,Jharkhand,Jharkhand,,Rajbar,Rajbar,Fireclay,"[""group:clay"",""material:fire-clay""]","[""Clay"",""Fire clay""]",R.C.Mohapatra,abandoned_or_orphaned_site_identified_for_reclamation_or_rehabilitation,one of 82 sites remaining after 24 of 106 identified sites became operational again,False,,,,state_and_named_mine_only,excluded_context_only,IBM page publishes no coordinate and does not establish current status; geocoding by name would be inferred evidence.,https://ibm.gov.in/IBMPortal/pages/Abandoned_Mine_Sites,2026-09-09,2026-09-10,e5164e21ea4f5447d13bcfe20654f81e8791b94913eaa5f51b7f2057f1379edb,19,"[""coordinates_not_published"",""district_not_published"",""current_status_not_independently_verified""]",Source wording is preserved. Earlier lessee is historical context and must not be interpreted as the current owner or rights holder.
IBM-ABANDONED-019,official_abandoned_mine_inventory_record,SRC_IBM_ABANDONED_MINE_SITES,19,Jharkhand,Jharkhand,,Shanti No.2,Shanti No.2,Mica,"[""group:mica-group""]","[""Mica group""]",S.K.Jhanjhari,abandoned_or_orphaned_site_identified_for_reclamation_or_rehabilitation,one of 82 sites remaining after 24 of 106 identified sites became operational again,False,,,,state_and_named_mine_only,excluded_context_only,IBM page publishes no coordinate and does not establish current status; geocoding by name would be inferred evidence.,https://ibm.gov.in/IBMPortal/pages/Abandoned_Mine_Sites,2026-09-09,2026-09-10,e5164e21ea4f5447d13bcfe20654f81e8791b94913eaa5f51b7f2057f1379edb,20,"[""coordinates_not_published"",""district_not_published"",""current_status_not_independently_verified""]",Source wording is preserved. Earlier lessee is historical context and must not be interpreted as the current owner or rights holder.
IBM-ABANDONED-020,official_abandoned_mine_inventory_record,SRC_IBM_ABANDONED_MINE_SITES,20,Jharkhand,Jharkhand,,Shanti U/G,Shanti U/G,Mica,"[""group:mica-group""]","[""Mica group""]",S.K.Jhanjhari,abandoned_or_orphaned_site_identified_for_reclamation_or_rehabilitation,one of 82 sites remaining after 24 of 106 identified sites became operational again,False,,,,state_and_named_mine_only,excluded_context_only,IBM page publishes no coordinate and does not establish current status; geocoding by name would be inferred evidence.,https://ibm.gov.in/IBMPortal/pages/Abandoned_Mine_Sites,2026-09-09,2026-09-10,e5164e21ea4f5447d13bcfe20654f81e8791b94913eaa5f51b7f2057f1379edb,21,"[""coordinates_not_published"",""district_not_published"",""current_status_not_independently_verified""]",Source wording is preserved. Earlier lessee is historical context and must not be interpreted as the current owner or rights holder.
IBM-ABANDONED-021,official_abandoned_mine_inventory_record,SRC_IBM_ABANDONED_MINE_SITES,21,Jharkhand,Jharkhand,,Shanti West,Shanti West,Mica,"[""group:mica-group""]","[""Mica group""]",S.K.Jhanjhari,abandoned_or_orphaned_site_identified_for_reclamation_or_rehabilitation,one of 82 sites remaining after 24 of 106 identified sites became operational again,False,,,,state_and_named_mine_only,excluded_context_only,IBM page publishes no coordinate and does not establish current status; geocoding by name would be inferred evidence.,https://ibm.gov.in/IBMPortal/pages/Abandoned_Mine_Sites,2026-09-09,2026-09-10,e5164e21ea4f5447d13bcfe20654f81e8791b94913eaa5f51b7f2057f1379edb,22,"[""coordinates_not_published"",""district_not_published"",""current_status_not_independently_verified""]",Source wording is preserved. Earlier lessee is historical context and must not be interpreted as the current owner or rights holder.
IBM-ABANDONED-022,official_abandoned_mine_inventory_record,SRC_IBM_ABANDONED_MINE_SITES,22,Jharkhand,Jharkhand,,Mohudi,Mohudi,Iron,"[""element:iron""]","[""Iron""]",M/s TISCO,abandoned_or_orphaned_site_identified_for_reclamation_or_rehabilitation,one of 82 sites remaining after 24 of 106 identified sites became operational again,False,,,,state_and_named_mine_only,excluded_context_only,IBM page publishes no coordinate and does not establish current status; geocoding by name would be inferred evidence.,https://ibm.gov.in/IBMPortal/pages/Abandoned_Mine_Sites,2026-09-09,2026-09-10,e5164e21ea4f5447d13bcfe20654f81e8791b94913eaa5f51b7f2057f1379edb,23,"[""coordinates_not_published"",""district_not_published"",""current_status_not_independently_verified""]",Source wording is preserved. Earlier lessee is historical context and must not be interpreted as the current owner or rights holder.
IBM-ABANDONED-023,official_abandoned_mine_inventory_record,SRC_IBM_ABANDONED_MINE_SITES,23,Karnataka,Karnataka,,Mysore,Mysore,Gold,"[""element:gold""]","[""Gold""]",M/s BGML,abandoned_or_orphaned_site_identified_for_reclamation_or_rehabilitation,one of 82 sites remaining after 24 of 106 identified sites became operational again,False,,,,state_and_named_mine_only,excluded_context_only,IBM page publishes no coordinate and does not establish current status; geocoding by name would be inferred evidence.,https://ibm.gov.in/IBMPortal/pages/Abandoned_Mine_Sites,2026-09-09,2026-09-10,e5164e21ea4f5447d13bcfe20654f81e8791b94913eaa5f51b7f2057f1379edb,24,"[""coordinates_not_published"",""district_not_published"",""current_status_not_independently_verified""]",Source wording is preserved. Earlier lessee is historical context and must not be interpreted as the current owner or rights holder.
IBM-ABANDONED-024,official_abandoned_mine_inventory_record,SRC_IBM_ABANDONED_MINE_SITES,24,Karnataka,Karnataka,,Nandidurg,Nandidurg,Gold,"[""element:gold""]","[""Gold""]",M/s BGML,abandoned_or_orphaned_site_identified_for_reclamation_or_rehabilitation,one of 82 sites remaining after 24 of 106 identified sites became operational again,False,,,,state_and_named_mine_only,excluded_context_only,IBM page publishes no coordinate and does not establish current status; geocoding by name would be inferred evidence.,https://ibm.gov.in/IBMPortal/pages/Abandoned_Mine_Sites,2026-09-09,2026-09-10,e5164e21ea4f5447d13bcfe20654f81e8791b94913eaa5f51b7f2057f1379edb,25,"[""coordinates_not_published"",""district_not_published"",""current_status_not_independently_verified""]",Source wording is preserved. Earlier lessee is historical context and must not be interpreted as the current owner or rights holder.
IBM-ABANDONED-025,official_abandoned_mine_inventory_record,SRC_IBM_ABANDONED_MINE_SITES,25,Madhya Pradesh,Madhya Pradesh,,Badretha,Badretha,Limestone,"[""group:calcium-and-limestone"",""rock:limestone""]","[""Calcium and limestone"",""Limestone""]",Bhagwati Prasad Agrawal,abandoned_or_orphaned_site_identified_for_reclamation_or_rehabilitation,one of 82 sites remaining after 24 of 106 identified sites became operational again,False,,,,state_and_named_mine_only,excluded_context_only,IBM page publishes no coordinate and does not establish current status; geocoding by name would be inferred evidence.,https://ibm.gov.in/IBMPortal/pages/Abandoned_Mine_Sites,2026-09-09,2026-09-10,e5164e21ea4f5447d13bcfe20654f81e8791b94913eaa5f51b7f2057f1379edb,26,"[""coordinates_not_published"",""district_not_published"",""current_status_not_independently_verified""]",Source wording is preserved. Earlier lessee is historical context and must not be interpreted as the current owner or rights holder.
IBM-ABANDONED-026,official_abandoned_mine_inventory_record,SRC_IBM_ABANDONED_MINE_SITES,26,Madhya Pradesh,Madhya Pradesh,,Bahadurpalli,Bahadurpalli,Quartz,"[""element:silicon"",""mineral:quartz""]","[""Silicon"",""Quartz""]",Mahalaxmi Glass Corpn. Pvt.Ltd.,abandoned_or_orphaned_site_identified_for_reclamation_or_rehabilitation,one of 82 sites remaining after 24 of 106 identified sites became operational again,False,,,,state_and_named_mine_only,excluded_context_only,IBM page publishes no coordinate and does not establish current status; geocoding by name would be inferred evidence.,https://ibm.gov.in/IBMPortal/pages/Abandoned_Mine_Sites,2026-09-09,2026-09-10,e5164e21ea4f5447d13bcfe20654f81e8791b94913eaa5f51b7f2057f1379edb,27,"[""coordinates_not_published"",""district_not_published"",""current_status_not_independently_verified""]",Source wording is preserved. Earlier lessee is historical context and must not be interpreted as the current owner or rights holder.
IBM-ABANDONED-027,official_abandoned_mine_inventory_record,SRC_IBM_ABANDONED_MINE_SITES,27,Madhya Pradesh,Madhya Pradesh,,Bamangawan,Bamangawan,Ochre,"[""material:iron-oxide-pigments"",""material:ochre""]","[""Iron oxide pigments"",""Ochre""]",Vimla Agrawal,abandoned_or_orphaned_site_identified_for_reclamation_or_rehabilitation,one of 82 sites remaining after 24 of 106 identified sites became operational again,False,,,,state_and_named_mine_only,excluded_context_only,IBM page publishes no coordinate and does not establish current status; geocoding by name would be inferred evidence.,https://ibm.gov.in/IBMPortal/pages/Abandoned_Mine_Sites,2026-09-09,2026-09-10,e5164e21ea4f5447d13bcfe20654f81e8791b94913eaa5f51b7f2057f1379edb,28,"[""coordinates_not_published"",""district_not_published"",""current_status_not_independently_verified""]",Source wording is preserved. Earlier lessee is historical context and must not be interpreted as the current owner or rights holder.
IBM-ABANDONED-028,official_abandoned_mine_inventory_record,SRC_IBM_ABANDONED_MINE_SITES,28,Madhya Pradesh,Madhya Pradesh,,Bhamraha,Bhamraha,White eatrh,"[""material:white-earth""]","[""White earth""]",Bagri Minerals & Chemicals Ltd.,abandoned_or_orphaned_site_identified_for_reclamation_or_rehabilitation,one of 82 sites remaining after 24 of 106 identified sites became operational again,False,,,,state_and_named_mine_only,excluded_context_only,IBM page publishes no coordinate and does not establish current status; geocoding by name would be inferred evidence.,https://ibm.gov.in/IBMPortal/pages/Abandoned_Mine_Sites,2026-09-09,2026-09-10,e5164e21ea4f5447d13bcfe20654f81e8791b94913eaa5f51b7f2057f1379edb,29,"[""coordinates_not_published"",""district_not_published"",""current_status_not_independently_verified""]",Source wording is preserved. Earlier lessee is historical context and must not be interpreted as the current owner or rights holder.
IBM-ABANDONED-029,official_abandoned_mine_inventory_record,SRC_IBM_ABANDONED_MINE_SITES,29,Madhya Pradesh,Madhya Pradesh,,Bharoli,Bharoli,Ochre,"[""material:iron-oxide-pigments"",""material:ochre""]","[""Iron oxide pigments"",""Ochre""]",Ram Das Agrawal,abandoned_or_orphaned_site_identified_for_reclamation_or_rehabilitation,one of 82 sites remaining after 24 of 106 identified sites became operational again,False,,,,state_and_named_mine_only,excluded_context_only,IBM page publishes no coordinate and does not establish current status; geocoding by name would be inferred evidence.,https://ibm.gov.in/IBMPortal/pages/Abandoned_Mine_Sites,2026-09-09,2026-09-10,e5164e21ea4f5447d13bcfe20654f81e8791b94913eaa5f51b7f2057f1379edb,30,"[""coordinates_not_published"",""district_not_published"",""current_status_not_independently_verified""]",Source wording is preserved. Earlier lessee is historical context and must not be interpreted as the current owner or rights holder.
IBM-ABANDONED-030,official_abandoned_mine_inventory_record,SRC_IBM_ABANDONED_MINE_SITES,30,Madhya Pradesh,Madhya Pradesh,,Bhatiatola,Bhatiatola,Dolomite,"[""mineral:dolomite""]","[""Dolomite""]",M.P.State Mining Corpn.Ltd.,abandoned_or_orphaned_site_identified_for_reclamation_or_rehabilitation,one of 82 sites remaining after 24 of 106 identified sites became operational again,False,,,,state_and_named_mine_only,excluded_context_only,IBM page publishes no coordinate and does not establish current status; geocoding by name would be inferred evidence.,https://ibm.gov.in/IBMPortal/pages/Abandoned_Mine_Sites,2026-09-09,2026-09-10,e5164e21ea4f5447d13bcfe20654f81e8791b94913eaa5f51b7f2057f1379edb,31,"[""coordinates_not_published"",""district_not_published"",""current_status_not_independently_verified""]",Source wording is preserved. Earlier lessee is historical context and must not be interpreted as the current owner or rights holder.
IBM-ABANDONED-031,official_abandoned_mine_inventory_record,SRC_IBM_ABANDONED_MINE_SITES,31,Madhya Pradesh,Madhya Pradesh,,Bodhanwara,Bodhanwara,Fireclay,"[""group:clay"",""material:fire-clay""]","[""Clay"",""Fire clay""]",V.P.Gupta,abandoned_or_orphaned_site_identified_for_reclamation_or_rehabilitation,one of 82 sites remaining after 24 of 106 identified sites became operational again,False,,,,state_and_named_mine_only,excluded_context_only,IBM page publishes no coordinate and does not establish current status; geocoding by name would be inferred evidence.,https://ibm.gov.in/IBMPortal/pages/Abandoned_Mine_Sites,2026-09-09,2026-09-10,e5164e21ea4f5447d13bcfe20654f81e8791b94913eaa5f51b7f2057f1379edb,32,"[""coordinates_not_published"",""district_not_published"",""current_status_not_independently_verified""]",Source wording is preserved. Earlier lessee is historical context and must not be interpreted as the current owner or rights holder.
IBM-ABANDONED-032,official_abandoned_mine_inventory_record,SRC_IBM_ABANDONED_MINE_SITES,32,Madhya Pradesh,Madhya Pradesh,,Chhenehara,Chhenehara,Ochre,"[""material:iron-oxide-pigments"",""material:ochre""]","[""Iron oxide pigments"",""Ochre""]",Shiv Kumar Agrawal,abandoned_or_orphaned_site_identified_for_reclamation_or_rehabilitation,one of 82 sites remaining after 24 of 106 identified sites became operational again,False,,,,state_and_named_mine_only,excluded_context_only,IBM page publishes no coordinate and does not establish current status; geocoding by name would be inferred evidence.,https://ibm.gov.in/IBMPortal/pages/Abandoned_Mine_Sites,2026-09-09,2026-09-10,e5164e21ea4f5447d13bcfe20654f81e8791b94913eaa5f51b7f2057f1379edb,33,"[""coordinates_not_published"",""district_not_published"",""current_status_not_independently_verified""]",Source wording is preserved. Earlier lessee is historical context and must not be interpreted as the current owner or rights holder.
IBM-ABANDONED-033,official_abandoned_mine_inventory_record,SRC_IBM_ABANDONED_MINE_SITES,33,Madhya Pradesh,Madhya Pradesh,,Dudiyan khera,Dudiyan khera,Barytes,"[""mineral:baryte""]","[""Baryte""]",Bundela Enterprises,abandoned_or_orphaned_site_identified_for_reclamation_or_rehabilitation,one of 82 sites remaining after 24 of 106 identified sites became operational again,False,,,,state_and_named_mine_only,excluded_context_only,IBM page publishes no coordinate and does not establish current status; geocoding by name would be inferred evidence.,https://ibm.gov.in/IBMPortal/pages/Abandoned_Mine_Sites,2026-09-09,2026-09-10,e5164e21ea4f5447d13bcfe20654f81e8791b94913eaa5f51b7f2057f1379edb,34,"[""coordinates_not_published"",""district_not_published"",""current_status_not_independently_verified""]",Source wording is preserved. Earlier lessee is historical context and must not be interpreted as the current owner or rights holder.
IBM-ABANDONED-034,official_abandoned_mine_inventory_record,SRC_IBM_ABANDONED_MINE_SITES,34,Madhya Pradesh,Madhya Pradesh,,Jamnera,Jamnera,Fireclay,"[""group:clay"",""material:fire-clay""]","[""Clay"",""Fire clay""]",Burn Standard Co.Ltd.,abandoned_or_orphaned_site_identified_for_reclamation_or_rehabilitation,one of 82 sites remaining after 24 of 106 identified sites became operational again,False,,,,state_and_named_mine_only,excluded_context_only,IBM page publishes no coordinate and does not establish current status; geocoding by name would be inferred evidence.,https://ibm.gov.in/IBMPortal/pages/Abandoned_Mine_Sites,2026-09-09,2026-09-10,e5164e21ea4f5447d13bcfe20654f81e8791b94913eaa5f51b7f2057f1379edb,35,"[""coordinates_not_published"",""district_not_published"",""current_status_not_independently_verified""]",Source wording is preserved. Earlier lessee is historical context and must not be interpreted as the current owner or rights holder.
IBM-ABANDONED-035,official_abandoned_mine_inventory_record,SRC_IBM_ABANDONED_MINE_SITES,35,Madhya Pradesh,Madhya Pradesh,,Jhaulana (barapathar),Jhaulana (barapathar),Ochre,"[""material:iron-oxide-pigments"",""material:ochre""]","[""Iron oxide pigments"",""Ochre""]",Shiv Kumar Agrawal,abandoned_or_orphaned_site_identified_for_reclamation_or_rehabilitation,one of 82 sites remaining after 24 of 106 identified sites became operational again,False,,,,state_and_named_mine_only,excluded_context_only,IBM page publishes no coordinate and does not establish current status; geocoding by name would be inferred evidence.,https://ibm.gov.in/IBMPortal/pages/Abandoned_Mine_Sites,2026-09-09,2026-09-10,e5164e21ea4f5447d13bcfe20654f81e8791b94913eaa5f51b7f2057f1379edb,36,"[""coordinates_not_published"",""district_not_published"",""current_status_not_independently_verified""]",Source wording is preserved. Earlier lessee is historical context and must not be interpreted as the current owner or rights holder.
IBM-ABANDONED-036,official_abandoned_mine_inventory_record,SRC_IBM_ABANDONED_MINE_SITES,36,Madhya Pradesh,Madhya Pradesh,,Kalhera,Kalhera,Limestone,"[""group:calcium-and-limestone"",""rock:limestone""]","[""Calcium and limestone"",""Limestone""]",Ram Kishore Pathak,abandoned_or_orphaned_site_identified_for_reclamation_or_rehabilitation,one of 82 sites remaining after 24 of 106 identified sites became operational again,False,,,,state_and_named_mine_only,excluded_context_only,IBM page publishes no coordinate and does not establish current status; geocoding by name would be inferred evidence.,https://ibm.gov.in/IBMPortal/pages/Abandoned_Mine_Sites,2026-09-09,2026-09-10,e5164e21ea4f5447d13bcfe20654f81e8791b94913eaa5f51b7f2057f1379edb,37,"[""coordinates_not_published"",""district_not_published"",""current_status_not_independently_verified""]",Source wording is preserved. Earlier lessee is historical context and must not be interpreted as the current owner or rights holder.
IBM-ABANDONED-037,official_abandoned_mine_inventory_record,SRC_IBM_ABANDONED_MINE_SITES,37,Madhya Pradesh,Madhya Pradesh,,Karanjia,Karanjia,Ochre,"[""material:iron-oxide-pigments"",""material:ochre""]","[""Iron oxide pigments"",""Ochre""]",Makel Minerals,abandoned_or_orphaned_site_identified_for_reclamation_or_rehabilitation,one of 82 sites remaining after 24 of 106 identified sites became operational again,False,,,,state_and_named_mine_only,excluded_context_only,IBM page publishes no coordinate and does not establish current status; geocoding by name would be inferred evidence.,https://ibm.gov.in/IBMPortal/pages/Abandoned_Mine_Sites,2026-09-09,2026-09-10,e5164e21ea4f5447d13bcfe20654f81e8791b94913eaa5f51b7f2057f1379edb,38,"[""coordinates_not_published"",""district_not_published"",""current_status_not_independently_verified""]",Source wording is preserved. Earlier lessee is historical context and must not be interpreted as the current owner or rights holder.
IBM-ABANDONED-038,official_abandoned_mine_inventory_record,SRC_IBM_ABANDONED_MINE_SITES,38,Madhya Pradesh,Madhya Pradesh,,Karanjia,Karanjia,Ochre,"[""material:iron-oxide-pigments"",""material:ochre""]","[""Iron oxide pigments"",""Ochre""]",Makel Minerals,abandoned_or_orphaned_site_identified_for_reclamation_or_rehabilitation,one of 82 sites remaining after 24 of 106 identified sites became operational again,False,,,,state_and_named_mine_only,excluded_context_only,IBM page publishes no coordinate and does not establish current status; geocoding by name would be inferred evidence.,https://ibm.gov.in/IBMPortal/pages/Abandoned_Mine_Sites,2026-09-09,2026-09-10,e5164e21ea4f5447d13bcfe20654f81e8791b94913eaa5f51b7f2057f1379edb,39,"[""coordinates_not_published"",""district_not_published"",""current_status_not_independently_verified""]",Source wording is preserved. Earlier lessee is historical context and must not be interpreted as the current owner or rights holder.
IBM-ABANDONED-039,official_abandoned_mine_inventory_record,SRC_IBM_ABANDONED_MINE_SITES,39,Madhya Pradesh,Madhya Pradesh,,Karanjia,Karanjia,Ochre,"[""material:iron-oxide-pigments"",""material:ochre""]","[""Iron oxide pigments"",""Ochre""]",Makel Minerals,abandoned_or_orphaned_site_identified_for_reclamation_or_rehabilitation,one of 82 sites remaining after 24 of 106 identified sites became operational again,False,,,,state_and_named_mine_only,excluded_context_only,IBM page publishes no coordinate and does not establish current status; geocoding by name would be inferred evidence.,https://ibm.gov.in/IBMPortal/pages/Abandoned_Mine_Sites,2026-09-09,2026-09-10,e5164e21ea4f5447d13bcfe20654f81e8791b94913eaa5f51b7f2057f1379edb,40,"[""coordinates_not_published"",""district_not_published"",""current_status_not_independently_verified""]",Source wording is preserved. Earlier lessee is historical context and must not be interpreted as the current owner or rights holder.
IBM-ABANDONED-040,official_abandoned_mine_inventory_record,SRC_IBM_ABANDONED_MINE_SITES,40,Madhya Pradesh,Madhya Pradesh,,Kari,Kari,Pyrophyllite,"[""mineral:pyrophyllite""]","[""Pyrophyllite""]",Putti Lal Tiwari,abandoned_or_orphaned_site_identified_for_reclamation_or_rehabilitation,one of 82 sites remaining after 24 of 106 identified sites became operational again,False,,,,state_and_named_mine_only,excluded_context_only,IBM page publishes no coordinate and does not establish current status; geocoding by name would be inferred evidence.,https://ibm.gov.in/IBMPortal/pages/Abandoned_Mine_Sites,2026-09-09,2026-09-10,e5164e21ea4f5447d13bcfe20654f81e8791b94913eaa5f51b7f2057f1379edb,41,"[""coordinates_not_published"",""district_not_published"",""current_status_not_independently_verified""]",Source wording is preserved. Earlier lessee is historical context and must not be interpreted as the current owner or rights holder.
IBM-ABANDONED-041,official_abandoned_mine_inventory_record,SRC_IBM_ABANDONED_MINE_SITES,41,Madhya Pradesh,Madhya Pradesh,,Khamtara,Khamtara,Fireclay,"[""group:clay"",""material:fire-clay""]","[""Clay"",""Fire clay""]",S.N.Sunderson & Co.,abandoned_or_orphaned_site_identified_for_reclamation_or_rehabilitation,one of 82 sites remaining after 24 of 106 identified sites became operational again,False,,,,state_and_named_mine_only,excluded_context_only,IBM page publishes no coordinate and does not establish current status; geocoding by name would be inferred evidence.,https://ibm.gov.in/IBMPortal/pages/Abandoned_Mine_Sites,2026-09-09,2026-09-10,e5164e21ea4f5447d13bcfe20654f81e8791b94913eaa5f51b7f2057f1379edb,42,"[""coordinates_not_published"",""district_not_published"",""current_status_not_independently_verified""]",Source wording is preserved. Earlier lessee is historical context and must not be interpreted as the current owner or rights holder.
IBM-ABANDONED-042,official_abandoned_mine_inventory_record,SRC_IBM_ABANDONED_MINE_SITES,42,Madhya Pradesh,Madhya Pradesh,,Khodola,Khodola,Fireclay,"[""group:clay"",""material:fire-clay""]","[""Clay"",""Fire clay""]",Kedarmal Sawalram,abandoned_or_orphaned_site_identified_for_reclamation_or_rehabilitation,one of 82 sites remaining after 24 of 106 identified sites became operational again,False,,,,state_and_named_mine_only,excluded_context_only,IBM page publishes no coordinate and does not establish current status; geocoding by name would be inferred evidence.,https://ibm.gov.in/IBMPortal/pages/Abandoned_Mine_Sites,2026-09-09,2026-09-10,e5164e21ea4f5447d13bcfe20654f81e8791b94913eaa5f51b7f2057f1379edb,43,"[""coordinates_not_published"",""district_not_published"",""current_status_not_independently_verified""]",Source wording is preserved. Earlier lessee is historical context and must not be interpreted as the current owner or rights holder.
IBM-ABANDONED-043,official_abandoned_mine_inventory_record,SRC_IBM_ABANDONED_MINE_SITES,43,Madhya Pradesh,Madhya Pradesh,,Kishnapura,Kishnapura,Pyrophyllite,"[""mineral:pyrophyllite""]","[""Pyrophyllite""]",Rajendra Kumar Tiwari,abandoned_or_orphaned_site_identified_for_reclamation_or_rehabilitation,one of 82 sites remaining after 24 of 106 identified sites became operational again,False,,,,state_and_named_mine_only,excluded_context_only,IBM page publishes no coordinate and does not establish current status; geocoding by name would be inferred evidence.,https://ibm.gov.in/IBMPortal/pages/Abandoned_Mine_Sites,2026-09-09,2026-09-10,e5164e21ea4f5447d13bcfe20654f81e8791b94913eaa5f51b7f2057f1379edb,44,"[""coordinates_not_published"",""district_not_published"",""current_status_not_independently_verified""]",Source wording is preserved. Earlier lessee is historical context and must not be interpreted as the current owner or rights holder.
IBM-ABANDONED-044,official_abandoned_mine_inventory_record,SRC_IBM_ABANDONED_MINE_SITES,44,Madhya Pradesh,Madhya Pradesh,,Kusiara bhatha,Kusiara bhatha,Ochre,"[""material:iron-oxide-pigments"",""material:ochre""]","[""Iron oxide pigments"",""Ochre""]",Harrish Mineral Supply Co.,abandoned_or_orphaned_site_identified_for_reclamation_or_rehabilitation,one of 82 sites remaining after 24 of 106 identified sites became operational again,False,,,,state_and_named_mine_only,excluded_context_only,IBM page publishes no coordinate and does not establish current status; geocoding by name would be inferred evidence.,https://ibm.gov.in/IBMPortal/pages/Abandoned_Mine_Sites,2026-09-09,2026-09-10,e5164e21ea4f5447d13bcfe20654f81e8791b94913eaa5f51b7f2057f1379edb,45,"[""coordinates_not_published"",""district_not_published"",""current_status_not_independently_verified""]",Source wording is preserved. Earlier lessee is historical context and must not be interpreted as the current owner or rights holder.
IBM-ABANDONED-045,official_abandoned_mine_inventory_record,SRC_IBM_ABANDONED_MINE_SITES,45,Madhya Pradesh,Madhya Pradesh,,Lalpur,Lalpur,Dolomite,"[""mineral:dolomite""]","[""Dolomite""]",Capital Minerals,abandoned_or_orphaned_site_identified_for_reclamation_or_rehabilitation,one of 82 sites remaining after 24 of 106 identified sites became operational again,False,,,,state_and_named_mine_only,excluded_context_only,IBM page publishes no coordinate and does not establish current status; geocoding by name would be inferred evidence.,https://ibm.gov.in/IBMPortal/pages/Abandoned_Mine_Sites,2026-09-09,2026-09-10,e5164e21ea4f5447d13bcfe20654f81e8791b94913eaa5f51b7f2057f1379edb,46,"[""coordinates_not_published"",""district_not_published"",""current_status_not_independently_verified""]",Source wording is preserved. Earlier lessee is historical context and must not be interpreted as the current owner or rights holder.
IBM-ABANDONED-046,official_abandoned_mine_inventory_record,SRC_IBM_ABANDONED_MINE_SITES,46,Madhya Pradesh,Madhya Pradesh,,Lamani,Lamani,Ochre,"[""material:iron-oxide-pigments"",""material:ochre""]","[""Iron oxide pigments"",""Ochre""]",Jailal Bharatlal,abandoned_or_orphaned_site_identified_for_reclamation_or_rehabilitation,one of 82 sites remaining after 24 of 106 identified sites became operational again,False,,,,state_and_named_mine_only,excluded_context_only,IBM page publishes no coordinate and does not establish current status; geocoding by name would be inferred evidence.,https://ibm.gov.in/IBMPortal/pages/Abandoned_Mine_Sites,2026-09-09,2026-09-10,e5164e21ea4f5447d13bcfe20654f81e8791b94913eaa5f51b7f2057f1379edb,47,"[""coordinates_not_published"",""district_not_published"",""current_status_not_independently_verified""]",Source wording is preserved. Earlier lessee is historical context and must not be interpreted as the current owner or rights holder.
IBM-ABANDONED-047,official_abandoned_mine_inventory_record,SRC_IBM_ABANDONED_MINE_SITES,47,Madhya Pradesh,Madhya Pradesh,,Lamataghat,Lamataghat,Fireclay,"[""group:clay"",""material:fire-clay""]","[""Clay"",""Fire clay""]",Burn Standard Co.Ltd.,abandoned_or_orphaned_site_identified_for_reclamation_or_rehabilitation,one of 82 sites remaining after 24 of 106 identified sites became operational again,False,,,,state_and_named_mine_only,excluded_context_only,IBM page publishes no coordinate and does not establish current status; geocoding by name would be inferred evidence.,https://ibm.gov.in/IBMPortal/pages/Abandoned_Mine_Sites,2026-09-09,2026-09-10,e5164e21ea4f5447d13bcfe20654f81e8791b94913eaa5f51b7f2057f1379edb,48,"[""coordinates_not_published"",""district_not_published"",""current_status_not_independently_verified""]",Source wording is preserved. Earlier lessee is historical context and must not be interpreted as the current owner or rights holder.
IBM-ABANDONED-048,official_abandoned_mine_inventory_record,SRC_IBM_ABANDONED_MINE_SITES,48,Madhya Pradesh,Madhya Pradesh,,Latagaon-b,Latagaon-b,Limestone,"[""group:calcium-and-limestone"",""rock:limestone""]","[""Calcium and limestone"",""Limestone""]",Gopal Shran Singh,abandoned_or_orphaned_site_identified_for_reclamation_or_rehabilitation,one of 82 sites remaining after 24 of 106 identified sites became operational again,False,,,,state_and_named_mine_only,excluded_context_only,IBM page publishes no coordinate and does not establish current status; geocoding by name would be inferred evidence.,https://ibm.gov.in/IBMPortal/pages/Abandoned_Mine_Sites,2026-09-09,2026-09-10,e5164e21ea4f5447d13bcfe20654f81e8791b94913eaa5f51b7f2057f1379edb,49,"[""coordinates_not_published"",""district_not_published"",""current_status_not_independently_verified""]",Source wording is preserved. Earlier lessee is historical context and must not be interpreted as the current owner or rights holder.
IBM-ABANDONED-049,official_abandoned_mine_inventory_record,SRC_IBM_ABANDONED_MINE_SITES,49,Madhya Pradesh,Madhya Pradesh,,Malachaua,Malachaua,Ochre,"[""material:iron-oxide-pigments"",""material:ochre""]","[""Iron oxide pigments"",""Ochre""]",Ramdas Rajkishore Agrawal,abandoned_or_orphaned_site_identified_for_reclamation_or_rehabilitation,one of 82 sites remaining after 24 of 106 identified sites became operational again,False,,,,state_and_named_mine_only,excluded_context_only,IBM page publishes no coordinate and does not establish current status; geocoding by name would be inferred evidence.,https://ibm.gov.in/IBMPortal/pages/Abandoned_Mine_Sites,2026-09-09,2026-09-10,e5164e21ea4f5447d13bcfe20654f81e8791b94913eaa5f51b7f2057f1379edb,50,"[""coordinates_not_published"",""district_not_published"",""current_status_not_independently_verified""]",Source wording is preserved. Earlier lessee is historical context and must not be interpreted as the current owner or rights holder.
IBM-ABANDONED-050,official_abandoned_mine_inventory_record,SRC_IBM_ABANDONED_MINE_SITES,50,Madhya Pradesh,Madhya Pradesh,,Malachaua,Malachaua,Ochre,"[""material:iron-oxide-pigments"",""material:ochre""]","[""Iron oxide pigments"",""Ochre""]",Ramdas Rajkishore Agrawal,abandoned_or_orphaned_site_identified_for_reclamation_or_rehabilitation,one of 82 sites remaining after 24 of 106 identified sites became operational again,False,,,,state_and_named_mine_only,excluded_context_only,IBM page publishes no coordinate and does not establish current status; geocoding by name would be inferred evidence.,https://ibm.gov.in/IBMPortal/pages/Abandoned_Mine_Sites,2026-09-09,2026-09-10,e5164e21ea4f5447d13bcfe20654f81e8791b94913eaa5f51b7f2057f1379edb,51,"[""coordinates_not_published"",""district_not_published"",""current_status_not_independently_verified""]",Source wording is preserved. Earlier lessee is historical context and must not be interpreted as the current owner or rights holder.
IBM-ABANDONED-051,official_abandoned_mine_inventory_record,SRC_IBM_ABANDONED_MINE_SITES,51,Madhya Pradesh,Madhya Pradesh,,Morur,Morur,Ochre,"[""material:iron-oxide-pigments"",""material:ochre""]","[""Iron oxide pigments"",""Ochre""]",Shiv Kumar Agrawal,abandoned_or_orphaned_site_identified_for_reclamation_or_rehabilitation,one of 82 sites remaining after 24 of 106 identified sites became operational again,False,,,,state_and_named_mine_only,excluded_context_only,IBM page publishes no coordinate and does not establish current status; geocoding by name would be inferred evidence.,https://ibm.gov.in/IBMPortal/pages/Abandoned_Mine_Sites,2026-09-09,2026-09-10,e5164e21ea4f5447d13bcfe20654f81e8791b94913eaa5f51b7f2057f1379edb,52,"[""coordinates_not_published"",""district_not_published"",""current_status_not_independently_verified""]",Source wording is preserved. Earlier lessee is historical context and must not be interpreted as the current owner or rights holder.
IBM-ABANDONED-052,official_abandoned_mine_inventory_record,SRC_IBM_ABANDONED_MINE_SITES,52,Madhya Pradesh,Madhya Pradesh,,Paniyar khera,Paniyar khera,Pyrophyllite,"[""mineral:pyrophyllite""]","[""Pyrophyllite""]",M.P.State Mining Corpn.Ltd.,abandoned_or_orphaned_site_identified_for_reclamation_or_rehabilitation,one of 82 sites remaining after 24 of 106 identified sites became operational again,False,,,,state_and_named_mine_only,excluded_context_only,IBM page publishes no coordinate and does not establish current status; geocoding by name would be inferred evidence.,https://ibm.gov.in/IBMPortal/pages/Abandoned_Mine_Sites,2026-09-09,2026-09-10,e5164e21ea4f5447d13bcfe20654f81e8791b94913eaa5f51b7f2057f1379edb,53,"[""coordinates_not_published"",""district_not_published"",""current_status_not_independently_verified""]",Source wording is preserved. Earlier lessee is historical context and must not be interpreted as the current owner or rights holder.
IBM-ABANDONED-053,official_abandoned_mine_inventory_record,SRC_IBM_ABANDONED_MINE_SITES,53,Madhya Pradesh,Madhya Pradesh,,Phutkapahar,Phutkapahar,Bauxite,"[""element:aluminium"",""ore:bauxite""]","[""Aluminium"",""Bauxite""]",M/s BALCO,abandoned_or_orphaned_site_identified_for_reclamation_or_rehabilitation,one of 82 sites remaining after 24 of 106 identified sites became operational again,False,,,,state_and_named_mine_only,excluded_context_only,IBM page publishes no coordinate and does not establish current status; geocoding by name would be inferred evidence.,https://ibm.gov.in/IBMPortal/pages/Abandoned_Mine_Sites,2026-09-09,2026-09-10,e5164e21ea4f5447d13bcfe20654f81e8791b94913eaa5f51b7f2057f1379edb,54,"[""coordinates_not_published"",""district_not_published"",""current_status_not_independently_verified""]",Source wording is preserved. Earlier lessee is historical context and must not be interpreted as the current owner or rights holder.
IBM-ABANDONED-054,official_abandoned_mine_inventory_record,SRC_IBM_ABANDONED_MINE_SITES,54,Madhya Pradesh,Madhya Pradesh,,Pondi,Pondi,Limestone,"[""group:calcium-and-limestone"",""rock:limestone""]","[""Calcium and limestone"",""Limestone""]",Burn Standard Co.Ltd.,abandoned_or_orphaned_site_identified_for_reclamation_or_rehabilitation,one of 82 sites remaining after 24 of 106 identified sites became operational again,False,,,,state_and_named_mine_only,excluded_context_only,IBM page publishes no coordinate and does not establish current status; geocoding by name would be inferred evidence.,https://ibm.gov.in/IBMPortal/pages/Abandoned_Mine_Sites,2026-09-09,2026-09-10,e5164e21ea4f5447d13bcfe20654f81e8791b94913eaa5f51b7f2057f1379edb,55,"[""coordinates_not_published"",""district_not_published"",""current_status_not_independently_verified""]",Source wording is preserved. Earlier lessee is historical context and must not be interpreted as the current owner or rights holder.
IBM-ABANDONED-055,official_abandoned_mine_inventory_record,SRC_IBM_ABANDONED_MINE_SITES,55,Madhya Pradesh,Madhya Pradesh,,Ramsalaiya khonda khurd,Ramsalaiya khonda khurd,Limestone,"[""group:calcium-and-limestone"",""rock:limestone""]","[""Calcium and limestone"",""Limestone""]",Abhishak Cement,abandoned_or_orphaned_site_identified_for_reclamation_or_rehabilitation,one of 82 sites remaining after 24 of 106 identified sites became operational again,False,,,,state_and_named_mine_only,excluded_context_only,IBM page publishes no coordinate and does not establish current status; geocoding by name would be inferred evidence.,https://ibm.gov.in/IBMPortal/pages/Abandoned_Mine_Sites,2026-09-09,2026-09-10,e5164e21ea4f5447d13bcfe20654f81e8791b94913eaa5f51b7f2057f1379edb,56,"[""coordinates_not_published"",""district_not_published"",""current_status_not_independently_verified""]",Source wording is preserved. Earlier lessee is historical context and must not be interpreted as the current owner or rights holder.
IBM-ABANDONED-056,official_abandoned_mine_inventory_record,SRC_IBM_ABANDONED_MINE_SITES,56,Madhya Pradesh,Madhya Pradesh,,Sagral,Sagral,Limestone,"[""group:calcium-and-limestone"",""rock:limestone""]","[""Calcium and limestone"",""Limestone""]",Anal Pal Singh,abandoned_or_orphaned_site_identified_for_reclamation_or_rehabilitation,one of 82 sites remaining after 24 of 106 identified sites became operational again,False,,,,state_and_named_mine_only,excluded_context_only,IBM page publishes no coordinate and does not establish current status; geocoding by name would be inferred evidence.,https://ibm.gov.in/IBMPortal/pages/Abandoned_Mine_Sites,2026-09-09,2026-09-10,e5164e21ea4f5447d13bcfe20654f81e8791b94913eaa5f51b7f2057f1379edb,57,"[""coordinates_not_published"",""district_not_published"",""current_status_not_independently_verified""]",Source wording is preserved. Earlier lessee is historical context and must not be interpreted as the current owner or rights holder.
IBM-ABANDONED-057,official_abandoned_mine_inventory_record,SRC_IBM_ABANDONED_MINE_SITES,57,Madhya Pradesh,Madhya Pradesh,,Singhanpuri(new),Singhanpuri(new),Fireclay,"[""group:clay"",""material:fire-clay""]","[""Clay"",""Fire clay""]",Burn Standard Co.Ltd.,abandoned_or_orphaned_site_identified_for_reclamation_or_rehabilitation,one of 82 sites remaining after 24 of 106 identified sites became operational again,False,,,,state_and_named_mine_only,excluded_context_only,IBM page publishes no coordinate and does not establish current status; geocoding by name would be inferred evidence.,https://ibm.gov.in/IBMPortal/pages/Abandoned_Mine_Sites,2026-09-09,2026-09-10,e5164e21ea4f5447d13bcfe20654f81e8791b94913eaa5f51b7f2057f1379edb,58,"[""coordinates_not_published"",""district_not_published"",""current_status_not_independently_verified""]",Source wording is preserved. Earlier lessee is historical context and must not be interpreted as the current owner or rights holder.
IBM-ABANDONED-058,official_abandoned_mine_inventory_record,SRC_IBM_ABANDONED_MINE_SITES,58,Madhya Pradesh,Madhya Pradesh,,Umaria,Umaria,Laterite,"[""rock:laterite""]","[""Laterite""]",Birla Jute & Indu.Ltd. (Cement Div.),abandoned_or_orphaned_site_identified_for_reclamation_or_rehabilitation,one of 82 sites remaining after 24 of 106 identified sites became operational again,False,,,,state_and_named_mine_only,excluded_context_only,IBM page publishes no coordinate and does not establish current status; geocoding by name would be inferred evidence.,https://ibm.gov.in/IBMPortal/pages/Abandoned_Mine_Sites,2026-09-09,2026-09-10,e5164e21ea4f5447d13bcfe20654f81e8791b94913eaa5f51b7f2057f1379edb,59,"[""coordinates_not_published"",""district_not_published"",""current_status_not_independently_verified""]",Source wording is preserved. Earlier lessee is historical context and must not be interpreted as the current owner or rights holder.
IBM-ABANDONED-059,official_abandoned_mine_inventory_record,SRC_IBM_ABANDONED_MINE_SITES,59,Maharashtra,Maharashtra,,Nawargaon II,Nawargaon II,Kyanite,"[""mineral:kyanite""]","[""Kyanite""]",M/s MSMC Ltd.,abandoned_or_orphaned_site_identified_for_reclamation_or_rehabilitation,one of 82 sites remaining after 24 of 106 identified sites became operational again,False,,,,state_and_named_mine_only,excluded_context_only,IBM page publishes no coordinate and does not establish current status; geocoding by name would be inferred evidence.,https://ibm.gov.in/IBMPortal/pages/Abandoned_Mine_Sites,2026-09-09,2026-09-10,e5164e21ea4f5447d13bcfe20654f81e8791b94913eaa5f51b7f2057f1379edb,60,"[""coordinates_not_published"",""district_not_published"",""current_status_not_independently_verified""]",Source wording is preserved. Earlier lessee is historical context and must not be interpreted as the current owner or rights holder.
IBM-ABANDONED-060,official_abandoned_mine_inventory_record,SRC_IBM_ABANDONED_MINE_SITES,60,Maharashtra,Maharashtra,,Pitichua,Pitichua,Chromite,"[""element:chromium"",""mineral:chromite""]","[""Chromium"",""Chromite""]",M/s MSMC Ltd.,abandoned_or_orphaned_site_identified_for_reclamation_or_rehabilitation,one of 82 sites remaining after 24 of 106 identified sites became operational again,False,,,,state_and_named_mine_only,excluded_context_only,IBM page publishes no coordinate and does not establish current status; geocoding by name would be inferred evidence.,https://ibm.gov.in/IBMPortal/pages/Abandoned_Mine_Sites,2026-09-09,2026-09-10,e5164e21ea4f5447d13bcfe20654f81e8791b94913eaa5f51b7f2057f1379edb,61,"[""coordinates_not_published"",""district_not_published"",""current_status_not_independently_verified""]",Source wording is preserved. Earlier lessee is historical context and must not be interpreted as the current owner or rights holder.
IBM-ABANDONED-061,official_abandoned_mine_inventory_record,SRC_IBM_ABANDONED_MINE_SITES,61,Odisha,Orissa,,Bankiamunda,Bankiamunda,Quartz,"[""element:silicon"",""mineral:quartz""]","[""Silicon"",""Quartz""]",M/s IMFA Ltd.,abandoned_or_orphaned_site_identified_for_reclamation_or_rehabilitation,one of 82 sites remaining after 24 of 106 identified sites became operational again,False,,,,state_and_named_mine_only,excluded_context_only,IBM page publishes no coordinate and does not establish current status; geocoding by name would be inferred evidence.,https://ibm.gov.in/IBMPortal/pages/Abandoned_Mine_Sites,2026-09-09,2026-09-10,e5164e21ea4f5447d13bcfe20654f81e8791b94913eaa5f51b7f2057f1379edb,62,"[""coordinates_not_published"",""district_not_published"",""current_status_not_independently_verified""]",Source wording is preserved. Earlier lessee is historical context and must not be interpreted as the current owner or rights holder.
IBM-ABANDONED-062,official_abandoned_mine_inventory_record,SRC_IBM_ABANDONED_MINE_SITES,62,Odisha,Orissa,,Domuhani,Domuhani,Manganese,"[""element:manganese""]","[""Manganese""]",AMTC P.Ltd..,abandoned_or_orphaned_site_identified_for_reclamation_or_rehabilitation,one of 82 sites remaining after 24 of 106 identified sites became operational again,False,,,,state_and_named_mine_only,excluded_context_only,IBM page publishes no coordinate and does not establish current status; geocoding by name would be inferred evidence.,https://ibm.gov.in/IBMPortal/pages/Abandoned_Mine_Sites,2026-09-09,2026-09-10,e5164e21ea4f5447d13bcfe20654f81e8791b94913eaa5f51b7f2057f1379edb,63,"[""coordinates_not_published"",""district_not_published"",""current_status_not_independently_verified""]",Source wording is preserved. Earlier lessee is historical context and must not be interpreted as the current owner or rights holder.
IBM-ABANDONED-063,official_abandoned_mine_inventory_record,SRC_IBM_ABANDONED_MINE_SITES,63,Odisha,Orissa,,Naupara II,Naupara II,Quartzite,"[""element:silicon"",""rock:quartzite""]","[""Silicon"",""Quartzite""]",M/s IMFA Ltd,abandoned_or_orphaned_site_identified_for_reclamation_or_rehabilitation,one of 82 sites remaining after 24 of 106 identified sites became operational again,False,,,,state_and_named_mine_only,excluded_context_only,IBM page publishes no coordinate and does not establish current status; geocoding by name would be inferred evidence.,https://ibm.gov.in/IBMPortal/pages/Abandoned_Mine_Sites,2026-09-09,2026-09-10,e5164e21ea4f5447d13bcfe20654f81e8791b94913eaa5f51b7f2057f1379edb,64,"[""coordinates_not_published"",""district_not_published"",""current_status_not_independently_verified""]",Source wording is preserved. Earlier lessee is historical context and must not be interpreted as the current owner or rights holder.
IBM-ABANDONED-064,official_abandoned_mine_inventory_record,SRC_IBM_ABANDONED_MINE_SITES,64,Odisha,Orissa,,Sargipalli,Sargipalli,Pb-zn-cu,"[""element:lead"",""element:zinc"",""element:copper""]","[""Lead"",""Zinc"",""Copper""]",M/s HCL,abandoned_or_orphaned_site_identified_for_reclamation_or_rehabilitation,one of 82 sites remaining after 24 of 106 identified sites became operational again,False,,,,state_and_named_mine_only,excluded_context_only,IBM page publishes no coordinate and does not establish current status; geocoding by name would be inferred evidence.,https://ibm.gov.in/IBMPortal/pages/Abandoned_Mine_Sites,2026-09-09,2026-09-10,e5164e21ea4f5447d13bcfe20654f81e8791b94913eaa5f51b7f2057f1379edb,65,"[""coordinates_not_published"",""district_not_published"",""current_status_not_independently_verified""]",Source wording is preserved. Earlier lessee is historical context and must not be interpreted as the current owner or rights holder.
IBM-ABANDONED-065,official_abandoned_mine_inventory_record,SRC_IBM_ABANDONED_MINE_SITES,65,Rajasthan,Rajasthan,,Khautani-2,Khautani-2,Gypsum,"[""mineral:gypsum""]","[""Gypsum""]",M/s RSMM Ltd.,abandoned_or_orphaned_site_identified_for_reclamation_or_rehabilitation,one of 82 sites remaining after 24 of 106 identified sites became operational again,False,,,,state_and_named_mine_only,excluded_context_only,IBM page publishes no coordinate and does not establish current status; geocoding by name would be inferred evidence.,https://ibm.gov.in/IBMPortal/pages/Abandoned_Mine_Sites,2026-09-09,2026-09-10,e5164e21ea4f5447d13bcfe20654f81e8791b94913eaa5f51b7f2057f1379edb,66,"[""coordinates_not_published"",""district_not_published"",""current_status_not_independently_verified""]",Source wording is preserved. Earlier lessee is historical context and must not be interpreted as the current owner or rights holder.
IBM-ABANDONED-066,official_abandoned_mine_inventory_record,SRC_IBM_ABANDONED_MINE_SITES,66,Rajasthan,Rajasthan,,Ranasar,Ranasar,Gypsum,"[""mineral:gypsum""]","[""Gypsum""]",M/s RSMM Ltd.,abandoned_or_orphaned_site_identified_for_reclamation_or_rehabilitation,one of 82 sites remaining after 24 of 106 identified sites became operational again,False,,,,state_and_named_mine_only,excluded_context_only,IBM page publishes no coordinate and does not establish current status; geocoding by name would be inferred evidence.,https://ibm.gov.in/IBMPortal/pages/Abandoned_Mine_Sites,2026-09-09,2026-09-10,e5164e21ea4f5447d13bcfe20654f81e8791b94913eaa5f51b7f2057f1379edb,67,"[""coordinates_not_published"",""district_not_published"",""current_status_not_independently_verified""]",Source wording is preserved. Earlier lessee is historical context and must not be interpreted as the current owner or rights holder.
IBM-ABANDONED-067,official_abandoned_mine_inventory_record,SRC_IBM_ABANDONED_MINE_SITES,67,Tamil Nadu,Tamilnadu,,L.N.Patti,L.N.Patti,Qtrz/felds,"[""element:silicon"",""mineral:quartz"",""group:feldspar-group""]","[""Silicon"",""Quartz"",""Feldspar group""]",Tamil Nadu Min.Ltd,abandoned_or_orphaned_site_identified_for_reclamation_or_rehabilitation,one of 82 sites remaining after 24 of 106 identified sites became operational again,False,,,,state_and_named_mine_only,excluded_context_only,IBM page publishes no coordinate and does not establish current status; geocoding by name would be inferred evidence.,https://ibm.gov.in/IBMPortal/pages/Abandoned_Mine_Sites,2026-09-09,2026-09-10,e5164e21ea4f5447d13bcfe20654f81e8791b94913eaa5f51b7f2057f1379edb,68,"[""coordinates_not_published"",""district_not_published"",""current_status_not_independently_verified""]",Source wording is preserved. Earlier lessee is historical context and must not be interpreted as the current owner or rights holder.
IBM-ABANDONED-068,official_abandoned_mine_inventory_record,SRC_IBM_ABANDONED_MINE_SITES,68,Tamil Nadu,Tamilnadu,,Nagampalli,Nagampalli,Qtrz/felds,"[""element:silicon"",""mineral:quartz"",""group:feldspar-group""]","[""Silicon"",""Quartz"",""Feldspar group""]",Tamil Nadu Min.Ltd,abandoned_or_orphaned_site_identified_for_reclamation_or_rehabilitation,one of 82 sites remaining after 24 of 106 identified sites became operational again,False,,,,state_and_named_mine_only,excluded_context_only,IBM page publishes no coordinate and does not establish current status; geocoding by name would be inferred evidence.,https://ibm.gov.in/IBMPortal/pages/Abandoned_Mine_Sites,2026-09-09,2026-09-10,e5164e21ea4f5447d13bcfe20654f81e8791b94913eaa5f51b7f2057f1379edb,69,"[""coordinates_not_published"",""district_not_published"",""current_status_not_independently_verified""]",Source wording is preserved. Earlier lessee is historical context and must not be interpreted as the current owner or rights holder.
IBM-ABANDONED-069,official_abandoned_mine_inventory_record,SRC_IBM_ABANDONED_MINE_SITES,69,Tamil Nadu,Tamilnadu,,Pungambadi,Pungambadi,Qtrz/felds,"[""element:silicon"",""mineral:quartz"",""group:feldspar-group""]","[""Silicon"",""Quartz"",""Feldspar group""]",Tamil Nadu Min.Ltd,abandoned_or_orphaned_site_identified_for_reclamation_or_rehabilitation,one of 82 sites remaining after 24 of 106 identified sites became operational again,False,,,,state_and_named_mine_only,excluded_context_only,IBM page publishes no coordinate and does not establish current status; geocoding by name would be inferred evidence.,https://ibm.gov.in/IBMPortal/pages/Abandoned_Mine_Sites,2026-09-09,2026-09-10,e5164e21ea4f5447d13bcfe20654f81e8791b94913eaa5f51b7f2057f1379edb,70,"[""coordinates_not_published"",""district_not_published"",""current_status_not_independently_verified""]",Source wording is preserved. Earlier lessee is historical context and must not be interpreted as the current owner or rights holder.
IBM-ABANDONED-070,official_abandoned_mine_inventory_record,SRC_IBM_ABANDONED_MINE_SITES,70,Tamil Nadu,Tamilnadu,,Pungambodi,Pungambodi,Qtrz/felds,"[""element:silicon"",""mineral:quartz"",""group:feldspar-group""]","[""Silicon"",""Quartz"",""Feldspar group""]",Chettinad mb-Fh.Silica P.Ltd.,abandoned_or_orphaned_site_identified_for_reclamation_or_rehabilitation,one of 82 sites remaining after 24 of 106 identified sites became operational again,False,,,,state_and_named_mine_only,excluded_context_only,IBM page publishes no coordinate and does not establish current status; geocoding by name would be inferred evidence.,https://ibm.gov.in/IBMPortal/pages/Abandoned_Mine_Sites,2026-09-09,2026-09-10,e5164e21ea4f5447d13bcfe20654f81e8791b94913eaa5f51b7f2057f1379edb,71,"[""coordinates_not_published"",""district_not_published"",""current_status_not_independently_verified""]",Source wording is preserved. Earlier lessee is historical context and must not be interpreted as the current owner or rights holder.
IBM-ABANDONED-071,official_abandoned_mine_inventory_record,SRC_IBM_ABANDONED_MINE_SITES,71,Tamil Nadu,Tamilnadu,,Sowdhapuram,Sowdhapuram,Limestone,"[""group:calcium-and-limestone"",""rock:limestone""]","[""Calcium and limestone"",""Limestone""]",Tan India CementLtd,abandoned_or_orphaned_site_identified_for_reclamation_or_rehabilitation,one of 82 sites remaining after 24 of 106 identified sites became operational again,False,,,,state_and_named_mine_only,excluded_context_only,IBM page publishes no coordinate and does not establish current status; geocoding by name would be inferred evidence.,https://ibm.gov.in/IBMPortal/pages/Abandoned_Mine_Sites,2026-09-09,2026-09-10,e5164e21ea4f5447d13bcfe20654f81e8791b94913eaa5f51b7f2057f1379edb,72,"[""coordinates_not_published"",""district_not_published"",""current_status_not_independently_verified""]",Source wording is preserved. Earlier lessee is historical context and must not be interpreted as the current owner or rights holder.
IBM-ABANDONED-072,official_abandoned_mine_inventory_record,SRC_IBM_ABANDONED_MINE_SITES,72,Tamil Nadu,Tamilnadu,,Sungakarampatti,Sungakarampatti,Qtrz/felds,"[""element:silicon"",""mineral:quartz"",""group:feldspar-group""]","[""Silicon"",""Quartz"",""Feldspar group""]",M/s Tamin,abandoned_or_orphaned_site_identified_for_reclamation_or_rehabilitation,one of 82 sites remaining after 24 of 106 identified sites became operational again,False,,,,state_and_named_mine_only,excluded_context_only,IBM page publishes no coordinate and does not establish current status; geocoding by name would be inferred evidence.,https://ibm.gov.in/IBMPortal/pages/Abandoned_Mine_Sites,2026-09-09,2026-09-10,e5164e21ea4f5447d13bcfe20654f81e8791b94913eaa5f51b7f2057f1379edb,73,"[""coordinates_not_published"",""district_not_published"",""current_status_not_independently_verified""]",Source wording is preserved. Earlier lessee is historical context and must not be interpreted as the current owner or rights holder.
IBM-ABANDONED-073,official_abandoned_mine_inventory_record,SRC_IBM_ABANDONED_MINE_SITES,73,Tamil Nadu,Tamilnadu,,Vadugapatti,Vadugapatti,Qtrz/felds,"[""element:silicon"",""mineral:quartz"",""group:feldspar-group""]","[""Silicon"",""Quartz"",""Feldspar group""]",Tamil Nadu Min.Ltd,abandoned_or_orphaned_site_identified_for_reclamation_or_rehabilitation,one of 82 sites remaining after 24 of 106 identified sites became operational again,False,,,,state_and_named_mine_only,excluded_context_only,IBM page publishes no coordinate and does not establish current status; geocoding by name would be inferred evidence.,https://ibm.gov.in/IBMPortal/pages/Abandoned_Mine_Sites,2026-09-09,2026-09-10,e5164e21ea4f5447d13bcfe20654f81e8791b94913eaa5f51b7f2057f1379edb,74,"[""coordinates_not_published"",""district_not_published"",""current_status_not_independently_verified""]",Source wording is preserved. Earlier lessee is historical context and must not be interpreted as the current owner or rights holder.
IBM-ABANDONED-074,official_abandoned_mine_inventory_record,SRC_IBM_ABANDONED_MINE_SITES,74,Tamil Nadu,Tamilnadu,,Vellakoil,Vellakoil,Qtrz/felds,"[""element:silicon"",""mineral:quartz"",""group:feldspar-group""]","[""Silicon"",""Quartz"",""Feldspar group""]",Tamil Nadu Min.Ltd,abandoned_or_orphaned_site_identified_for_reclamation_or_rehabilitation,one of 82 sites remaining after 24 of 106 identified sites became operational again,False,,,,state_and_named_mine_only,excluded_context_only,IBM page publishes no coordinate and does not establish current status; geocoding by name would be inferred evidence.,https://ibm.gov.in/IBMPortal/pages/Abandoned_Mine_Sites,2026-09-09,2026-09-10,e5164e21ea4f5447d13bcfe20654f81e8791b94913eaa5f51b7f2057f1379edb,75,"[""coordinates_not_published"",""district_not_published"",""current_status_not_independently_verified""]",Source wording is preserved. Earlier lessee is historical context and must not be interpreted as the current owner or rights holder.
IBM-ABANDONED-075,official_abandoned_mine_inventory_record,SRC_IBM_ABANDONED_MINE_SITES,75,Tamil Nadu,Tamilnadu,,Lakkammanaiekenpatti (0.61H),Lakkammanaiekenpatti (0.61H),Qtrz/felds,"[""element:silicon"",""mineral:quartz"",""group:feldspar-group""]","[""Silicon"",""Quartz"",""Feldspar group""]",Tamil Nadu Min.Ltd,abandoned_or_orphaned_site_identified_for_reclamation_or_rehabilitation,one of 82 sites remaining after 24 of 106 identified sites became operational again,False,,,,state_and_named_mine_only,excluded_context_only,IBM page publishes no coordinate and does not establish current status; geocoding by name would be inferred evidence.,https://ibm.gov.in/IBMPortal/pages/Abandoned_Mine_Sites,2026-09-09,2026-09-10,e5164e21ea4f5447d13bcfe20654f81e8791b94913eaa5f51b7f2057f1379edb,76,"[""coordinates_not_published"",""district_not_published"",""current_status_not_independently_verified""]",Source wording is preserved. Earlier lessee is historical context and must not be interpreted as the current owner or rights holder.
IBM-ABANDONED-076,official_abandoned_mine_inventory_record,SRC_IBM_ABANDONED_MINE_SITES,76,Tamil Nadu,Tamilnadu,,Mewasa,Mewasa,Qtrz/felds,"[""element:silicon"",""mineral:quartz"",""group:feldspar-group""]","[""Silicon"",""Quartz"",""Feldspar group""]",Tamil Nadu Min.Ltd,abandoned_or_orphaned_site_identified_for_reclamation_or_rehabilitation,one of 82 sites remaining after 24 of 106 identified sites became operational again,False,,,,state_and_named_mine_only,excluded_context_only,IBM page publishes no coordinate and does not establish current status; geocoding by name would be inferred evidence.,https://ibm.gov.in/IBMPortal/pages/Abandoned_Mine_Sites,2026-09-09,2026-09-10,e5164e21ea4f5447d13bcfe20654f81e8791b94913eaa5f51b7f2057f1379edb,77,"[""coordinates_not_published"",""district_not_published"",""current_status_not_independently_verified""]",Source wording is preserved. Earlier lessee is historical context and must not be interpreted as the current owner or rights holder.
IBM-ABANDONED-077,official_abandoned_mine_inventory_record,SRC_IBM_ABANDONED_MINE_SITES,77,Tamil Nadu,Tamilnadu,,Pallakapalayam,Pallakapalayam,Qtrz/felds,"[""element:silicon"",""mineral:quartz"",""group:feldspar-group""]","[""Silicon"",""Quartz"",""Feldspar group""]",Tamil Nadu Min.Ltd,abandoned_or_orphaned_site_identified_for_reclamation_or_rehabilitation,one of 82 sites remaining after 24 of 106 identified sites became operational again,False,,,,state_and_named_mine_only,excluded_context_only,IBM page publishes no coordinate and does not establish current status; geocoding by name would be inferred evidence.,https://ibm.gov.in/IBMPortal/pages/Abandoned_Mine_Sites,2026-09-09,2026-09-10,e5164e21ea4f5447d13bcfe20654f81e8791b94913eaa5f51b7f2057f1379edb,78,"[""coordinates_not_published"",""district_not_published"",""current_status_not_independently_verified""]",Source wording is preserved. Earlier lessee is historical context and must not be interpreted as the current owner or rights holder.
IBM-ABANDONED-078,official_abandoned_mine_inventory_record,SRC_IBM_ABANDONED_MINE_SITES,78,Tamil Nadu,Tamilnadu,,Sirukalanai,Sirukalanai,Qtrz/felds,"[""element:silicon"",""mineral:quartz"",""group:feldspar-group""]","[""Silicon"",""Quartz"",""Feldspar group""]",Tamil Nadu Min.Ltd,abandoned_or_orphaned_site_identified_for_reclamation_or_rehabilitation,one of 82 sites remaining after 24 of 106 identified sites became operational again,False,,,,state_and_named_mine_only,excluded_context_only,IBM page publishes no coordinate and does not establish current status; geocoding by name would be inferred evidence.,https://ibm.gov.in/IBMPortal/pages/Abandoned_Mine_Sites,2026-09-09,2026-09-10,e5164e21ea4f5447d13bcfe20654f81e8791b94913eaa5f51b7f2057f1379edb,79,"[""coordinates_not_published"",""district_not_published"",""current_status_not_independently_verified""]",Source wording is preserved. Earlier lessee is historical context and must not be interpreted as the current owner or rights holder.
IBM-ABANDONED-079,official_abandoned_mine_inventory_record,SRC_IBM_ABANDONED_MINE_SITES,79,Uttar Pradesh,Uttar Pradesh,,Bawal Tanda,Bawal Tanda,Pyrophyllite,"[""mineral:pyrophyllite""]","[""Pyrophyllite""]",M/s J. K. Minerals,abandoned_or_orphaned_site_identified_for_reclamation_or_rehabilitation,one of 82 sites remaining after 24 of 106 identified sites became operational again,False,,,,state_and_named_mine_only,excluded_context_only,IBM page publishes no coordinate and does not establish current status; geocoding by name would be inferred evidence.,https://ibm.gov.in/IBMPortal/pages/Abandoned_Mine_Sites,2026-09-09,2026-09-10,e5164e21ea4f5447d13bcfe20654f81e8791b94913eaa5f51b7f2057f1379edb,80,"[""coordinates_not_published"",""district_not_published"",""current_status_not_independently_verified""]",Source wording is preserved. Earlier lessee is historical context and must not be interpreted as the current owner or rights holder.
IBM-ABANDONED-080,official_abandoned_mine_inventory_record,SRC_IBM_ABANDONED_MINE_SITES,80,Uttarakhand,Uttarakhand,,Durmala,Durmala,Rock phosphate,"[""element:phosphorus"",""ore:phosphorite""]","[""Phosphorus"",""Phosphorite""]",M/s PPCL,abandoned_or_orphaned_site_identified_for_reclamation_or_rehabilitation,one of 82 sites remaining after 24 of 106 identified sites became operational again,False,,,,state_and_named_mine_only,excluded_context_only,IBM page publishes no coordinate and does not establish current status; geocoding by name would be inferred evidence.,https://ibm.gov.in/IBMPortal/pages/Abandoned_Mine_Sites,2026-09-09,2026-09-10,e5164e21ea4f5447d13bcfe20654f81e8791b94913eaa5f51b7f2057f1379edb,81,"[""coordinates_not_published"",""district_not_published"",""current_status_not_independently_verified""]",Source wording is preserved. Earlier lessee is historical context and must not be interpreted as the current owner or rights holder.
IBM-ABANDONED-081,official_abandoned_mine_inventory_record,SRC_IBM_ABANDONED_MINE_SITES,81,Uttarakhand,Uttarakhand,,Maldeota,Maldeota,Rock phosphate,"[""element:phosphorus"",""ore:phosphorite""]","[""Phosphorus"",""Phosphorite""]",M/s PPCL,abandoned_or_orphaned_site_identified_for_reclamation_or_rehabilitation,one of 82 sites remaining after 24 of 106 identified sites became operational again,False,,,,state_and_named_mine_only,excluded_context_only,IBM page publishes no coordinate and does not establish current status; geocoding by name would be inferred evidence.,https://ibm.gov.in/IBMPortal/pages/Abandoned_Mine_Sites,2026-09-09,2026-09-10,e5164e21ea4f5447d13bcfe20654f81e8791b94913eaa5f51b7f2057f1379edb,82,"[""coordinates_not_published"",""district_not_published"",""current_status_not_independently_verified""]",Source wording is preserved. Earlier lessee is historical context and must not be interpreted as the current owner or rights holder.
IBM-ABANDONED-082,official_abandoned_mine_inventory_record,SRC_IBM_ABANDONED_MINE_SITES,82,Uttarakhand,Uttarakhand,,Malla,Malla,Limestone,"[""group:calcium-and-limestone"",""rock:limestone""]","[""Calcium and limestone"",""Limestone""]",M/s ACC Ltd.,abandoned_or_orphaned_site_identified_for_reclamation_or_rehabilitation,one of 82 sites remaining after 24 of 106 identified sites became operational again,False,,,,state_and_named_mine_only,excluded_context_only,IBM page publishes no coordinate and does not establish current status; geocoding by name would be inferred evidence.,https://ibm.gov.in/IBMPortal/pages/Abandoned_Mine_Sites,2026-09-09,2026-09-10,e5164e21ea4f5447d13bcfe20654f81e8791b94913eaa5f51b7f2057f1379edb,83,"[""coordinates_not_published"",""district_not_published"",""current_status_not_independently_verified""]",Source wording is preserved. Earlier lessee is historical context and must not be interpreted as the current owner or rights holder.
