record_id,record_type,source_id,dimension,category_source,category_normalized,as_of_date,provisional,lease_count,lease_count_source,lease_area_ha,lease_area_ha_source,lease_count_share_pct,lease_area_share_pct,is_total,normalized_material_ids_json,normalized_material_names_json,chemical_or_english_names_json,formulae_or_symbols_json,source_table,source_pdf_page,source_printed_page,source_url,source_access_date,source_document_sha256,scope_exclusions_json,coordinates_published,geometry_published,model_evidence_role,quality_flags_json,notes
IBM-IMYB2024-LEASE-AGG-001,official_mining_lease_aggregate,SRC_IBM_INDIAN_MINERALS_YEARBOOK_2024_CONCESSIONS,state_or_ut,India,India,2022-03-31,False,3095,3095,278008.94,278008.94,,,True,[],[],[],[],Table 1,38,23,https://ibm.gov.in/writereaddata/files/17690756386971f3b675b8aFINAL_IMYB2024_as_on_21.01.2026.pdf,2026-09-10,5b3208e019f95f8976bdb1e7dd7e7dcebba41af78e149ba162a97c98cc070ded,"[""atomic_minerals"",""coal"",""lignite"",""petroleum"",""natural_gas"",""minor_minerals""]",False,False,excluded_context_only,"[""non_spatial_aggregate""]","Preserves the source table value and scope; it is not a site, reserve/resource estimate, production record, or proof of current operation."
IBM-IMYB2024-LEASE-AGG-002,official_mining_lease_aggregate,SRC_IBM_INDIAN_MINERALS_YEARBOOK_2024_CONCESSIONS,state_or_ut,India,India,2023-03-31,False,3007,3007,282356.54,282356.54,,,True,[],[],[],[],Table 1,38,23,https://ibm.gov.in/writereaddata/files/17690756386971f3b675b8aFINAL_IMYB2024_as_on_21.01.2026.pdf,2026-09-10,5b3208e019f95f8976bdb1e7dd7e7dcebba41af78e149ba162a97c98cc070ded,"[""atomic_minerals"",""coal"",""lignite"",""petroleum"",""natural_gas"",""minor_minerals""]",False,False,excluded_context_only,"[""non_spatial_aggregate""]","Preserves the source table value and scope; it is not a site, reserve/resource estimate, production record, or proof of current operation."
IBM-IMYB2024-LEASE-AGG-003,official_mining_lease_aggregate,SRC_IBM_INDIAN_MINERALS_YEARBOOK_2024_CONCESSIONS,state_or_ut,India,India,2024-03-31,True,2995,2995,293811.5373,293811.5373,,,True,[],[],[],[],Table 1,38,23,https://ibm.gov.in/writereaddata/files/17690756386971f3b675b8aFINAL_IMYB2024_as_on_21.01.2026.pdf,2026-09-10,5b3208e019f95f8976bdb1e7dd7e7dcebba41af78e149ba162a97c98cc070ded,"[""atomic_minerals"",""coal"",""lignite"",""petroleum"",""natural_gas"",""minor_minerals""]",False,False,excluded_context_only,"[""non_spatial_aggregate"",""provisional_2024_status""]","Preserves the source table value and scope; it is not a site, reserve/resource estimate, production record, or proof of current operation."
IBM-IMYB2024-LEASE-AGG-004,official_mining_lease_aggregate,SRC_IBM_INDIAN_MINERALS_YEARBOOK_2024_CONCESSIONS,state_or_ut,Andhra Pradesh,Andhra Pradesh,2022-03-31,False,379,379,25450.49,25450.49,,,False,[],[],[],[],Table 1,38,23,https://ibm.gov.in/writereaddata/files/17690756386971f3b675b8aFINAL_IMYB2024_as_on_21.01.2026.pdf,2026-09-10,5b3208e019f95f8976bdb1e7dd7e7dcebba41af78e149ba162a97c98cc070ded,"[""atomic_minerals"",""coal"",""lignite"",""petroleum"",""natural_gas"",""minor_minerals""]",False,False,excluded_context_only,"[""non_spatial_aggregate""]","Preserves the source table value and scope; it is not a site, reserve/resource estimate, production record, or proof of current operation."
IBM-IMYB2024-LEASE-AGG-005,official_mining_lease_aggregate,SRC_IBM_INDIAN_MINERALS_YEARBOOK_2024_CONCESSIONS,state_or_ut,Andhra Pradesh,Andhra Pradesh,2023-03-31,False,376,376,25411.77,25411.77,,,False,[],[],[],[],Table 1,38,23,https://ibm.gov.in/writereaddata/files/17690756386971f3b675b8aFINAL_IMYB2024_as_on_21.01.2026.pdf,2026-09-10,5b3208e019f95f8976bdb1e7dd7e7dcebba41af78e149ba162a97c98cc070ded,"[""atomic_minerals"",""coal"",""lignite"",""petroleum"",""natural_gas"",""minor_minerals""]",False,False,excluded_context_only,"[""non_spatial_aggregate""]","Preserves the source table value and scope; it is not a site, reserve/resource estimate, production record, or proof of current operation."
IBM-IMYB2024-LEASE-AGG-006,official_mining_lease_aggregate,SRC_IBM_INDIAN_MINERALS_YEARBOOK_2024_CONCESSIONS,state_or_ut,Andhra Pradesh,Andhra Pradesh,2024-03-31,True,377,377,25650.8434,25650.8434,,,False,[],[],[],[],Table 1,38,23,https://ibm.gov.in/writereaddata/files/17690756386971f3b675b8aFINAL_IMYB2024_as_on_21.01.2026.pdf,2026-09-10,5b3208e019f95f8976bdb1e7dd7e7dcebba41af78e149ba162a97c98cc070ded,"[""atomic_minerals"",""coal"",""lignite"",""petroleum"",""natural_gas"",""minor_minerals""]",False,False,excluded_context_only,"[""non_spatial_aggregate"",""provisional_2024_status""]","Preserves the source table value and scope; it is not a site, reserve/resource estimate, production record, or proof of current operation."
IBM-IMYB2024-LEASE-AGG-007,official_mining_lease_aggregate,SRC_IBM_INDIAN_MINERALS_YEARBOOK_2024_CONCESSIONS,state_or_ut,Assam,Assam,2022-03-31,False,7,7,889.5,889.5,,,False,[],[],[],[],Table 1,38,23,https://ibm.gov.in/writereaddata/files/17690756386971f3b675b8aFINAL_IMYB2024_as_on_21.01.2026.pdf,2026-09-10,5b3208e019f95f8976bdb1e7dd7e7dcebba41af78e149ba162a97c98cc070ded,"[""atomic_minerals"",""coal"",""lignite"",""petroleum"",""natural_gas"",""minor_minerals""]",False,False,excluded_context_only,"[""non_spatial_aggregate""]","Preserves the source table value and scope; it is not a site, reserve/resource estimate, production record, or proof of current operation."
IBM-IMYB2024-LEASE-AGG-008,official_mining_lease_aggregate,SRC_IBM_INDIAN_MINERALS_YEARBOOK_2024_CONCESSIONS,state_or_ut,Assam,Assam,2023-03-31,False,7,7,889.5,889.5,,,False,[],[],[],[],Table 1,38,23,https://ibm.gov.in/writereaddata/files/17690756386971f3b675b8aFINAL_IMYB2024_as_on_21.01.2026.pdf,2026-09-10,5b3208e019f95f8976bdb1e7dd7e7dcebba41af78e149ba162a97c98cc070ded,"[""atomic_minerals"",""coal"",""lignite"",""petroleum"",""natural_gas"",""minor_minerals""]",False,False,excluded_context_only,"[""non_spatial_aggregate""]","Preserves the source table value and scope; it is not a site, reserve/resource estimate, production record, or proof of current operation."
IBM-IMYB2024-LEASE-AGG-009,official_mining_lease_aggregate,SRC_IBM_INDIAN_MINERALS_YEARBOOK_2024_CONCESSIONS,state_or_ut,Assam,Assam,2024-03-31,True,6,6,858.5,858.5,,,False,[],[],[],[],Table 1,38,23,https://ibm.gov.in/writereaddata/files/17690756386971f3b675b8aFINAL_IMYB2024_as_on_21.01.2026.pdf,2026-09-10,5b3208e019f95f8976bdb1e7dd7e7dcebba41af78e149ba162a97c98cc070ded,"[""atomic_minerals"",""coal"",""lignite"",""petroleum"",""natural_gas"",""minor_minerals""]",False,False,excluded_context_only,"[""non_spatial_aggregate"",""provisional_2024_status""]","Preserves the source table value and scope; it is not a site, reserve/resource estimate, production record, or proof of current operation."
IBM-IMYB2024-LEASE-AGG-010,official_mining_lease_aggregate,SRC_IBM_INDIAN_MINERALS_YEARBOOK_2024_CONCESSIONS,state_or_ut,Bihar,Bihar,2022-03-31,False,1,1,53.38,53.38,,,False,[],[],[],[],Table 1,38,23,https://ibm.gov.in/writereaddata/files/17690756386971f3b675b8aFINAL_IMYB2024_as_on_21.01.2026.pdf,2026-09-10,5b3208e019f95f8976bdb1e7dd7e7dcebba41af78e149ba162a97c98cc070ded,"[""atomic_minerals"",""coal"",""lignite"",""petroleum"",""natural_gas"",""minor_minerals""]",False,False,excluded_context_only,"[""non_spatial_aggregate""]","Preserves the source table value and scope; it is not a site, reserve/resource estimate, production record, or proof of current operation."
IBM-IMYB2024-LEASE-AGG-011,official_mining_lease_aggregate,SRC_IBM_INDIAN_MINERALS_YEARBOOK_2024_CONCESSIONS,state_or_ut,Bihar,Bihar,2023-03-31,False,1,1,53.38,53.38,,,False,[],[],[],[],Table 1,38,23,https://ibm.gov.in/writereaddata/files/17690756386971f3b675b8aFINAL_IMYB2024_as_on_21.01.2026.pdf,2026-09-10,5b3208e019f95f8976bdb1e7dd7e7dcebba41af78e149ba162a97c98cc070ded,"[""atomic_minerals"",""coal"",""lignite"",""petroleum"",""natural_gas"",""minor_minerals""]",False,False,excluded_context_only,"[""non_spatial_aggregate""]","Preserves the source table value and scope; it is not a site, reserve/resource estimate, production record, or proof of current operation."
IBM-IMYB2024-LEASE-AGG-012,official_mining_lease_aggregate,SRC_IBM_INDIAN_MINERALS_YEARBOOK_2024_CONCESSIONS,state_or_ut,Bihar,Bihar,2024-03-31,True,5,5,53.378,53.378,,,False,[],[],[],[],Table 1,38,23,https://ibm.gov.in/writereaddata/files/17690756386971f3b675b8aFINAL_IMYB2024_as_on_21.01.2026.pdf,2026-09-10,5b3208e019f95f8976bdb1e7dd7e7dcebba41af78e149ba162a97c98cc070ded,"[""atomic_minerals"",""coal"",""lignite"",""petroleum"",""natural_gas"",""minor_minerals""]",False,False,excluded_context_only,"[""non_spatial_aggregate"",""provisional_2024_status""]","Preserves the source table value and scope; it is not a site, reserve/resource estimate, production record, or proof of current operation."
IBM-IMYB2024-LEASE-AGG-013,official_mining_lease_aggregate,SRC_IBM_INDIAN_MINERALS_YEARBOOK_2024_CONCESSIONS,state_or_ut,Chhattisgarh,Chhattisgarh,2022-03-31,False,175,175,26210.55,26210.55,,,False,[],[],[],[],Table 1,38,23,https://ibm.gov.in/writereaddata/files/17690756386971f3b675b8aFINAL_IMYB2024_as_on_21.01.2026.pdf,2026-09-10,5b3208e019f95f8976bdb1e7dd7e7dcebba41af78e149ba162a97c98cc070ded,"[""atomic_minerals"",""coal"",""lignite"",""petroleum"",""natural_gas"",""minor_minerals""]",False,False,excluded_context_only,"[""non_spatial_aggregate""]","Preserves the source table value and scope; it is not a site, reserve/resource estimate, production record, or proof of current operation."
IBM-IMYB2024-LEASE-AGG-014,official_mining_lease_aggregate,SRC_IBM_INDIAN_MINERALS_YEARBOOK_2024_CONCESSIONS,state_or_ut,Chhattisgarh,Chhattisgarh,2023-03-31,False,158,158,25491.13,25491.13,,,False,[],[],[],[],Table 1,38,23,https://ibm.gov.in/writereaddata/files/17690756386971f3b675b8aFINAL_IMYB2024_as_on_21.01.2026.pdf,2026-09-10,5b3208e019f95f8976bdb1e7dd7e7dcebba41af78e149ba162a97c98cc070ded,"[""atomic_minerals"",""coal"",""lignite"",""petroleum"",""natural_gas"",""minor_minerals""]",False,False,excluded_context_only,"[""non_spatial_aggregate""]","Preserves the source table value and scope; it is not a site, reserve/resource estimate, production record, or proof of current operation."
IBM-IMYB2024-LEASE-AGG-015,official_mining_lease_aggregate,SRC_IBM_INDIAN_MINERALS_YEARBOOK_2024_CONCESSIONS,state_or_ut,Chhattisgarh,Chhattisgarh,2024-03-31,True,158,158,24825.281,24825.281,,,False,[],[],[],[],Table 1,38,23,https://ibm.gov.in/writereaddata/files/17690756386971f3b675b8aFINAL_IMYB2024_as_on_21.01.2026.pdf,2026-09-10,5b3208e019f95f8976bdb1e7dd7e7dcebba41af78e149ba162a97c98cc070ded,"[""atomic_minerals"",""coal"",""lignite"",""petroleum"",""natural_gas"",""minor_minerals""]",False,False,excluded_context_only,"[""non_spatial_aggregate"",""provisional_2024_status""]","Preserves the source table value and scope; it is not a site, reserve/resource estimate, production record, or proof of current operation."
IBM-IMYB2024-LEASE-AGG-016,official_mining_lease_aggregate,SRC_IBM_INDIAN_MINERALS_YEARBOOK_2024_CONCESSIONS,state_or_ut,Goa,Goa,2022-03-31,False,9,9,442.49,442.49,,,False,[],[],[],[],Table 1,38,23,https://ibm.gov.in/writereaddata/files/17690756386971f3b675b8aFINAL_IMYB2024_as_on_21.01.2026.pdf,2026-09-10,5b3208e019f95f8976bdb1e7dd7e7dcebba41af78e149ba162a97c98cc070ded,"[""atomic_minerals"",""coal"",""lignite"",""petroleum"",""natural_gas"",""minor_minerals""]",False,False,excluded_context_only,"[""non_spatial_aggregate""]","Preserves the source table value and scope; it is not a site, reserve/resource estimate, production record, or proof of current operation."
IBM-IMYB2024-LEASE-AGG-017,official_mining_lease_aggregate,SRC_IBM_INDIAN_MINERALS_YEARBOOK_2024_CONCESSIONS,state_or_ut,Goa,Goa,2023-03-31,False,9,9,439.79,439.79,,,False,[],[],[],[],Table 1,38,23,https://ibm.gov.in/writereaddata/files/17690756386971f3b675b8aFINAL_IMYB2024_as_on_21.01.2026.pdf,2026-09-10,5b3208e019f95f8976bdb1e7dd7e7dcebba41af78e149ba162a97c98cc070ded,"[""atomic_minerals"",""coal"",""lignite"",""petroleum"",""natural_gas"",""minor_minerals""]",False,False,excluded_context_only,"[""non_spatial_aggregate""]","Preserves the source table value and scope; it is not a site, reserve/resource estimate, production record, or proof of current operation."
IBM-IMYB2024-LEASE-AGG-018,official_mining_lease_aggregate,SRC_IBM_INDIAN_MINERALS_YEARBOOK_2024_CONCESSIONS,state_or_ut,Goa,Goa,2024-03-31,True,10,10,918.3144,918.3144,,,False,[],[],[],[],Table 1,38,23,https://ibm.gov.in/writereaddata/files/17690756386971f3b675b8aFINAL_IMYB2024_as_on_21.01.2026.pdf,2026-09-10,5b3208e019f95f8976bdb1e7dd7e7dcebba41af78e149ba162a97c98cc070ded,"[""atomic_minerals"",""coal"",""lignite"",""petroleum"",""natural_gas"",""minor_minerals""]",False,False,excluded_context_only,"[""non_spatial_aggregate"",""provisional_2024_status""]","Preserves the source table value and scope; it is not a site, reserve/resource estimate, production record, or proof of current operation."
IBM-IMYB2024-LEASE-AGG-019,official_mining_lease_aggregate,SRC_IBM_INDIAN_MINERALS_YEARBOOK_2024_CONCESSIONS,state_or_ut,Gujarat,Gujarat,2022-03-31,False,440,440,26836.82,26836.82,,,False,[],[],[],[],Table 1,38,23,https://ibm.gov.in/writereaddata/files/17690756386971f3b675b8aFINAL_IMYB2024_as_on_21.01.2026.pdf,2026-09-10,5b3208e019f95f8976bdb1e7dd7e7dcebba41af78e149ba162a97c98cc070ded,"[""atomic_minerals"",""coal"",""lignite"",""petroleum"",""natural_gas"",""minor_minerals""]",False,False,excluded_context_only,"[""non_spatial_aggregate""]","Preserves the source table value and scope; it is not a site, reserve/resource estimate, production record, or proof of current operation."
IBM-IMYB2024-LEASE-AGG-020,official_mining_lease_aggregate,SRC_IBM_INDIAN_MINERALS_YEARBOOK_2024_CONCESSIONS,state_or_ut,Gujarat,Gujarat,2023-03-31,False,432,432,27300.96,27300.96,,,False,[],[],[],[],Table 1,38,23,https://ibm.gov.in/writereaddata/files/17690756386971f3b675b8aFINAL_IMYB2024_as_on_21.01.2026.pdf,2026-09-10,5b3208e019f95f8976bdb1e7dd7e7dcebba41af78e149ba162a97c98cc070ded,"[""atomic_minerals"",""coal"",""lignite"",""petroleum"",""natural_gas"",""minor_minerals""]",False,False,excluded_context_only,"[""non_spatial_aggregate""]","Preserves the source table value and scope; it is not a site, reserve/resource estimate, production record, or proof of current operation."
IBM-IMYB2024-LEASE-AGG-021,official_mining_lease_aggregate,SRC_IBM_INDIAN_MINERALS_YEARBOOK_2024_CONCESSIONS,state_or_ut,Gujarat,Gujarat,2024-03-31,True,377,377,26732.8153,26732.8153,,,False,[],[],[],[],Table 1,38,23,https://ibm.gov.in/writereaddata/files/17690756386971f3b675b8aFINAL_IMYB2024_as_on_21.01.2026.pdf,2026-09-10,5b3208e019f95f8976bdb1e7dd7e7dcebba41af78e149ba162a97c98cc070ded,"[""atomic_minerals"",""coal"",""lignite"",""petroleum"",""natural_gas"",""minor_minerals""]",False,False,excluded_context_only,"[""non_spatial_aggregate"",""provisional_2024_status""]","Preserves the source table value and scope; it is not a site, reserve/resource estimate, production record, or proof of current operation."
IBM-IMYB2024-LEASE-AGG-022,official_mining_lease_aggregate,SRC_IBM_INDIAN_MINERALS_YEARBOOK_2024_CONCESSIONS,state_or_ut,Himachal Pradesh,Himachal Pradesh,2022-03-31,False,40,40,2448.58,2448.58,,,False,[],[],[],[],Table 1,38,23,https://ibm.gov.in/writereaddata/files/17690756386971f3b675b8aFINAL_IMYB2024_as_on_21.01.2026.pdf,2026-09-10,5b3208e019f95f8976bdb1e7dd7e7dcebba41af78e149ba162a97c98cc070ded,"[""atomic_minerals"",""coal"",""lignite"",""petroleum"",""natural_gas"",""minor_minerals""]",False,False,excluded_context_only,"[""non_spatial_aggregate""]","Preserves the source table value and scope; it is not a site, reserve/resource estimate, production record, or proof of current operation."
IBM-IMYB2024-LEASE-AGG-023,official_mining_lease_aggregate,SRC_IBM_INDIAN_MINERALS_YEARBOOK_2024_CONCESSIONS,state_or_ut,Himachal Pradesh,Himachal Pradesh,2023-03-31,False,40,40,2448.61,2448.61,,,False,[],[],[],[],Table 1,38,23,https://ibm.gov.in/writereaddata/files/17690756386971f3b675b8aFINAL_IMYB2024_as_on_21.01.2026.pdf,2026-09-10,5b3208e019f95f8976bdb1e7dd7e7dcebba41af78e149ba162a97c98cc070ded,"[""atomic_minerals"",""coal"",""lignite"",""petroleum"",""natural_gas"",""minor_minerals""]",False,False,excluded_context_only,"[""non_spatial_aggregate""]","Preserves the source table value and scope; it is not a site, reserve/resource estimate, production record, or proof of current operation."
IBM-IMYB2024-LEASE-AGG-024,official_mining_lease_aggregate,SRC_IBM_INDIAN_MINERALS_YEARBOOK_2024_CONCESSIONS,state_or_ut,Himachal Pradesh,Himachal Pradesh,2024-03-31,True,,n,2430.489,2430.489,,,False,[],[],[],[],Table 1,38,23,https://ibm.gov.in/writereaddata/files/17690756386971f3b675b8aFINAL_IMYB2024_as_on_21.01.2026.pdf,2026-09-10,5b3208e019f95f8976bdb1e7dd7e7dcebba41af78e149ba162a97c98cc070ded,"[""atomic_minerals"",""coal"",""lignite"",""petroleum"",""natural_gas"",""minor_minerals""]",False,False,excluded_context_only,"[""unparseable_source_lease_count_preserved"",""non_spatial_aggregate"",""provisional_2024_status""]","Preserves the source table value and scope; it is not a site, reserve/resource estimate, production record, or proof of current operation."
IBM-IMYB2024-LEASE-AGG-025,official_mining_lease_aggregate,SRC_IBM_INDIAN_MINERALS_YEARBOOK_2024_CONCESSIONS,state_or_ut,Haryana,Haryana,2022-03-31,False,4,4,46.85,46.85,,,False,[],[],[],[],Table 1,38,23,https://ibm.gov.in/writereaddata/files/17690756386971f3b675b8aFINAL_IMYB2024_as_on_21.01.2026.pdf,2026-09-10,5b3208e019f95f8976bdb1e7dd7e7dcebba41af78e149ba162a97c98cc070ded,"[""atomic_minerals"",""coal"",""lignite"",""petroleum"",""natural_gas"",""minor_minerals""]",False,False,excluded_context_only,"[""non_spatial_aggregate""]","Preserves the source table value and scope; it is not a site, reserve/resource estimate, production record, or proof of current operation."
IBM-IMYB2024-LEASE-AGG-026,official_mining_lease_aggregate,SRC_IBM_INDIAN_MINERALS_YEARBOOK_2024_CONCESSIONS,state_or_ut,Haryana,Haryana,2023-03-31,False,4,4,46.85,46.85,,,False,[],[],[],[],Table 1,38,23,https://ibm.gov.in/writereaddata/files/17690756386971f3b675b8aFINAL_IMYB2024_as_on_21.01.2026.pdf,2026-09-10,5b3208e019f95f8976bdb1e7dd7e7dcebba41af78e149ba162a97c98cc070ded,"[""atomic_minerals"",""coal"",""lignite"",""petroleum"",""natural_gas"",""minor_minerals""]",False,False,excluded_context_only,"[""non_spatial_aggregate""]","Preserves the source table value and scope; it is not a site, reserve/resource estimate, production record, or proof of current operation."
IBM-IMYB2024-LEASE-AGG-027,official_mining_lease_aggregate,SRC_IBM_INDIAN_MINERALS_YEARBOOK_2024_CONCESSIONS,state_or_ut,Haryana,Haryana,2024-03-31,True,4,4,46.85,46.85,,,False,[],[],[],[],Table 1,38,23,https://ibm.gov.in/writereaddata/files/17690756386971f3b675b8aFINAL_IMYB2024_as_on_21.01.2026.pdf,2026-09-10,5b3208e019f95f8976bdb1e7dd7e7dcebba41af78e149ba162a97c98cc070ded,"[""atomic_minerals"",""coal"",""lignite"",""petroleum"",""natural_gas"",""minor_minerals""]",False,False,excluded_context_only,"[""non_spatial_aggregate"",""provisional_2024_status""]","Preserves the source table value and scope; it is not a site, reserve/resource estimate, production record, or proof of current operation."
IBM-IMYB2024-LEASE-AGG-028,official_mining_lease_aggregate,SRC_IBM_INDIAN_MINERALS_YEARBOOK_2024_CONCESSIONS,state_or_ut,Jammu & Kashmir**,Jammu and Kashmir,2022-03-31,False,37,37,2020.43,2020.43***,,,False,[],[],[],[],Table 1,38,23,https://ibm.gov.in/writereaddata/files/17690756386971f3b675b8aFINAL_IMYB2024_as_on_21.01.2026.pdf,2026-09-10,5b3208e019f95f8976bdb1e7dd7e7dcebba41af78e149ba162a97c98cc070ded,"[""atomic_minerals"",""coal"",""lignite"",""petroleum"",""natural_gas"",""minor_minerals""]",False,False,excluded_context_only,"[""source_footnote_includes_ladakh"",""non_spatial_aggregate""]","Preserves the source table value and scope; it is not a site, reserve/resource estimate, production record, or proof of current operation."
IBM-IMYB2024-LEASE-AGG-029,official_mining_lease_aggregate,SRC_IBM_INDIAN_MINERALS_YEARBOOK_2024_CONCESSIONS,state_or_ut,Jammu & Kashmir**,Jammu and Kashmir,2023-03-31,False,38,38,2146.76,2146.76,,,False,[],[],[],[],Table 1,38,23,https://ibm.gov.in/writereaddata/files/17690756386971f3b675b8aFINAL_IMYB2024_as_on_21.01.2026.pdf,2026-09-10,5b3208e019f95f8976bdb1e7dd7e7dcebba41af78e149ba162a97c98cc070ded,"[""atomic_minerals"",""coal"",""lignite"",""petroleum"",""natural_gas"",""minor_minerals""]",False,False,excluded_context_only,"[""non_spatial_aggregate""]","Preserves the source table value and scope; it is not a site, reserve/resource estimate, production record, or proof of current operation."
IBM-IMYB2024-LEASE-AGG-030,official_mining_lease_aggregate,SRC_IBM_INDIAN_MINERALS_YEARBOOK_2024_CONCESSIONS,state_or_ut,Jammu & Kashmir**,Jammu and Kashmir,2024-03-31,True,37,37,1330.231,1330.231,,,False,[],[],[],[],Table 1,38,23,https://ibm.gov.in/writereaddata/files/17690756386971f3b675b8aFINAL_IMYB2024_as_on_21.01.2026.pdf,2026-09-10,5b3208e019f95f8976bdb1e7dd7e7dcebba41af78e149ba162a97c98cc070ded,"[""atomic_minerals"",""coal"",""lignite"",""petroleum"",""natural_gas"",""minor_minerals""]",False,False,excluded_context_only,"[""non_spatial_aggregate"",""provisional_2024_status""]","Preserves the source table value and scope; it is not a site, reserve/resource estimate, production record, or proof of current operation."
IBM-IMYB2024-LEASE-AGG-031,official_mining_lease_aggregate,SRC_IBM_INDIAN_MINERALS_YEARBOOK_2024_CONCESSIONS,state_or_ut,Jharkhand,Jharkhand,2022-03-31,False,100,100,18068.24,18068.24,,,False,[],[],[],[],Table 1,38,23,https://ibm.gov.in/writereaddata/files/17690756386971f3b675b8aFINAL_IMYB2024_as_on_21.01.2026.pdf,2026-09-10,5b3208e019f95f8976bdb1e7dd7e7dcebba41af78e149ba162a97c98cc070ded,"[""atomic_minerals"",""coal"",""lignite"",""petroleum"",""natural_gas"",""minor_minerals""]",False,False,excluded_context_only,"[""non_spatial_aggregate""]","Preserves the source table value and scope; it is not a site, reserve/resource estimate, production record, or proof of current operation."
IBM-IMYB2024-LEASE-AGG-032,official_mining_lease_aggregate,SRC_IBM_INDIAN_MINERALS_YEARBOOK_2024_CONCESSIONS,state_or_ut,Jharkhand,Jharkhand,2023-03-31,False,100,100,18068.28,18068.28,,,False,[],[],[],[],Table 1,38,23,https://ibm.gov.in/writereaddata/files/17690756386971f3b675b8aFINAL_IMYB2024_as_on_21.01.2026.pdf,2026-09-10,5b3208e019f95f8976bdb1e7dd7e7dcebba41af78e149ba162a97c98cc070ded,"[""atomic_minerals"",""coal"",""lignite"",""petroleum"",""natural_gas"",""minor_minerals""]",False,False,excluded_context_only,"[""non_spatial_aggregate""]","Preserves the source table value and scope; it is not a site, reserve/resource estimate, production record, or proof of current operation."
IBM-IMYB2024-LEASE-AGG-033,official_mining_lease_aggregate,SRC_IBM_INDIAN_MINERALS_YEARBOOK_2024_CONCESSIONS,state_or_ut,Jharkhand,Jharkhand,2024-03-31,True,101,101,18099.9169,18099.9169,,,False,[],[],[],[],Table 1,38,23,https://ibm.gov.in/writereaddata/files/17690756386971f3b675b8aFINAL_IMYB2024_as_on_21.01.2026.pdf,2026-09-10,5b3208e019f95f8976bdb1e7dd7e7dcebba41af78e149ba162a97c98cc070ded,"[""atomic_minerals"",""coal"",""lignite"",""petroleum"",""natural_gas"",""minor_minerals""]",False,False,excluded_context_only,"[""non_spatial_aggregate"",""provisional_2024_status""]","Preserves the source table value and scope; it is not a site, reserve/resource estimate, production record, or proof of current operation."
IBM-IMYB2024-LEASE-AGG-034,official_mining_lease_aggregate,SRC_IBM_INDIAN_MINERALS_YEARBOOK_2024_CONCESSIONS,state_or_ut,Karnataka,Karnataka,2022-03-31,False,298,298,33047.05,33047.05,,,False,[],[],[],[],Table 1,38,23,https://ibm.gov.in/writereaddata/files/17690756386971f3b675b8aFINAL_IMYB2024_as_on_21.01.2026.pdf,2026-09-10,5b3208e019f95f8976bdb1e7dd7e7dcebba41af78e149ba162a97c98cc070ded,"[""atomic_minerals"",""coal"",""lignite"",""petroleum"",""natural_gas"",""minor_minerals""]",False,False,excluded_context_only,"[""non_spatial_aggregate""]","Preserves the source table value and scope; it is not a site, reserve/resource estimate, production record, or proof of current operation."
IBM-IMYB2024-LEASE-AGG-035,official_mining_lease_aggregate,SRC_IBM_INDIAN_MINERALS_YEARBOOK_2024_CONCESSIONS,state_or_ut,Karnataka,Karnataka,2023-03-31,False,293,293,32830.72,32830.72,,,False,[],[],[],[],Table 1,38,23,https://ibm.gov.in/writereaddata/files/17690756386971f3b675b8aFINAL_IMYB2024_as_on_21.01.2026.pdf,2026-09-10,5b3208e019f95f8976bdb1e7dd7e7dcebba41af78e149ba162a97c98cc070ded,"[""atomic_minerals"",""coal"",""lignite"",""petroleum"",""natural_gas"",""minor_minerals""]",False,False,excluded_context_only,"[""non_spatial_aggregate""]","Preserves the source table value and scope; it is not a site, reserve/resource estimate, production record, or proof of current operation."
IBM-IMYB2024-LEASE-AGG-036,official_mining_lease_aggregate,SRC_IBM_INDIAN_MINERALS_YEARBOOK_2024_CONCESSIONS,state_or_ut,Karnataka,Karnataka,2024-03-31,True,262,262,30945.005,30945.005,,,False,[],[],[],[],Table 1,38,23,https://ibm.gov.in/writereaddata/files/17690756386971f3b675b8aFINAL_IMYB2024_as_on_21.01.2026.pdf,2026-09-10,5b3208e019f95f8976bdb1e7dd7e7dcebba41af78e149ba162a97c98cc070ded,"[""atomic_minerals"",""coal"",""lignite"",""petroleum"",""natural_gas"",""minor_minerals""]",False,False,excluded_context_only,"[""non_spatial_aggregate"",""provisional_2024_status""]","Preserves the source table value and scope; it is not a site, reserve/resource estimate, production record, or proof of current operation."
IBM-IMYB2024-LEASE-AGG-037,official_mining_lease_aggregate,SRC_IBM_INDIAN_MINERALS_YEARBOOK_2024_CONCESSIONS,state_or_ut,Kerala,Kerala,2022-03-31,False,5,5,421.65,421.65,,,False,[],[],[],[],Table 1,38,23,https://ibm.gov.in/writereaddata/files/17690756386971f3b675b8aFINAL_IMYB2024_as_on_21.01.2026.pdf,2026-09-10,5b3208e019f95f8976bdb1e7dd7e7dcebba41af78e149ba162a97c98cc070ded,"[""atomic_minerals"",""coal"",""lignite"",""petroleum"",""natural_gas"",""minor_minerals""]",False,False,excluded_context_only,"[""non_spatial_aggregate""]","Preserves the source table value and scope; it is not a site, reserve/resource estimate, production record, or proof of current operation."
IBM-IMYB2024-LEASE-AGG-038,official_mining_lease_aggregate,SRC_IBM_INDIAN_MINERALS_YEARBOOK_2024_CONCESSIONS,state_or_ut,Kerala,Kerala,2023-03-31,False,5,5,421.65,421.65,,,False,[],[],[],[],Table 1,38,23,https://ibm.gov.in/writereaddata/files/17690756386971f3b675b8aFINAL_IMYB2024_as_on_21.01.2026.pdf,2026-09-10,5b3208e019f95f8976bdb1e7dd7e7dcebba41af78e149ba162a97c98cc070ded,"[""atomic_minerals"",""coal"",""lignite"",""petroleum"",""natural_gas"",""minor_minerals""]",False,False,excluded_context_only,"[""non_spatial_aggregate""]","Preserves the source table value and scope; it is not a site, reserve/resource estimate, production record, or proof of current operation."
IBM-IMYB2024-LEASE-AGG-039,official_mining_lease_aggregate,SRC_IBM_INDIAN_MINERALS_YEARBOOK_2024_CONCESSIONS,state_or_ut,Kerala,Kerala,2024-03-31,True,5,5,421.654,421.654,,,False,[],[],[],[],Table 1,38,23,https://ibm.gov.in/writereaddata/files/17690756386971f3b675b8aFINAL_IMYB2024_as_on_21.01.2026.pdf,2026-09-10,5b3208e019f95f8976bdb1e7dd7e7dcebba41af78e149ba162a97c98cc070ded,"[""atomic_minerals"",""coal"",""lignite"",""petroleum"",""natural_gas"",""minor_minerals""]",False,False,excluded_context_only,"[""non_spatial_aggregate"",""provisional_2024_status""]","Preserves the source table value and scope; it is not a site, reserve/resource estimate, production record, or proof of current operation."
IBM-IMYB2024-LEASE-AGG-040,official_mining_lease_aggregate,SRC_IBM_INDIAN_MINERALS_YEARBOOK_2024_CONCESSIONS,state_or_ut,Ladakh(UT)***,Ladakh,2022-03-31,False,,,,,,,False,[],[],[],[],Table 1,38,23,https://ibm.gov.in/writereaddata/files/17690756386971f3b675b8aFINAL_IMYB2024_as_on_21.01.2026.pdf,2026-09-10,5b3208e019f95f8976bdb1e7dd7e7dcebba41af78e149ba162a97c98cc070ded,"[""atomic_minerals"",""coal"",""lignite"",""petroleum"",""natural_gas"",""minor_minerals""]",False,False,excluded_context_only,"[""source_value_not_reported"",""non_spatial_aggregate""]","Preserves the source table value and scope; it is not a site, reserve/resource estimate, production record, or proof of current operation."
IBM-IMYB2024-LEASE-AGG-041,official_mining_lease_aggregate,SRC_IBM_INDIAN_MINERALS_YEARBOOK_2024_CONCESSIONS,state_or_ut,Ladakh(UT)***,Ladakh,2023-03-31,False,,,,,,,False,[],[],[],[],Table 1,38,23,https://ibm.gov.in/writereaddata/files/17690756386971f3b675b8aFINAL_IMYB2024_as_on_21.01.2026.pdf,2026-09-10,5b3208e019f95f8976bdb1e7dd7e7dcebba41af78e149ba162a97c98cc070ded,"[""atomic_minerals"",""coal"",""lignite"",""petroleum"",""natural_gas"",""minor_minerals""]",False,False,excluded_context_only,"[""source_value_not_reported"",""non_spatial_aggregate""]","Preserves the source table value and scope; it is not a site, reserve/resource estimate, production record, or proof of current operation."
IBM-IMYB2024-LEASE-AGG-042,official_mining_lease_aggregate,SRC_IBM_INDIAN_MINERALS_YEARBOOK_2024_CONCESSIONS,state_or_ut,Ladakh(UT)***,Ladakh,2024-03-31,True,1,1,159.0,159,,,False,[],[],[],[],Table 1,38,23,https://ibm.gov.in/writereaddata/files/17690756386971f3b675b8aFINAL_IMYB2024_as_on_21.01.2026.pdf,2026-09-10,5b3208e019f95f8976bdb1e7dd7e7dcebba41af78e149ba162a97c98cc070ded,"[""atomic_minerals"",""coal"",""lignite"",""petroleum"",""natural_gas"",""minor_minerals""]",False,False,excluded_context_only,"[""non_spatial_aggregate"",""provisional_2024_status""]","Preserves the source table value and scope; it is not a site, reserve/resource estimate, production record, or proof of current operation."
IBM-IMYB2024-LEASE-AGG-043,official_mining_lease_aggregate,SRC_IBM_INDIAN_MINERALS_YEARBOOK_2024_CONCESSIONS,state_or_ut,Meghalaya,Meghalaya,2022-03-31,False,21,21,789.34,789.34,,,False,[],[],[],[],Table 1,38,23,https://ibm.gov.in/writereaddata/files/17690756386971f3b675b8aFINAL_IMYB2024_as_on_21.01.2026.pdf,2026-09-10,5b3208e019f95f8976bdb1e7dd7e7dcebba41af78e149ba162a97c98cc070ded,"[""atomic_minerals"",""coal"",""lignite"",""petroleum"",""natural_gas"",""minor_minerals""]",False,False,excluded_context_only,"[""non_spatial_aggregate""]","Preserves the source table value and scope; it is not a site, reserve/resource estimate, production record, or proof of current operation."
IBM-IMYB2024-LEASE-AGG-044,official_mining_lease_aggregate,SRC_IBM_INDIAN_MINERALS_YEARBOOK_2024_CONCESSIONS,state_or_ut,Meghalaya,Meghalaya,2023-03-31,False,23,23,1061.39,1061.39,,,False,[],[],[],[],Table 1,38,23,https://ibm.gov.in/writereaddata/files/17690756386971f3b675b8aFINAL_IMYB2024_as_on_21.01.2026.pdf,2026-09-10,5b3208e019f95f8976bdb1e7dd7e7dcebba41af78e149ba162a97c98cc070ded,"[""atomic_minerals"",""coal"",""lignite"",""petroleum"",""natural_gas"",""minor_minerals""]",False,False,excluded_context_only,"[""non_spatial_aggregate""]","Preserves the source table value and scope; it is not a site, reserve/resource estimate, production record, or proof of current operation."
IBM-IMYB2024-LEASE-AGG-045,official_mining_lease_aggregate,SRC_IBM_INDIAN_MINERALS_YEARBOOK_2024_CONCESSIONS,state_or_ut,Meghalaya,Meghalaya,2024-03-31,True,23,23,824.6102,824.6102,,,False,[],[],[],[],Table 1,38,23,https://ibm.gov.in/writereaddata/files/17690756386971f3b675b8aFINAL_IMYB2024_as_on_21.01.2026.pdf,2026-09-10,5b3208e019f95f8976bdb1e7dd7e7dcebba41af78e149ba162a97c98cc070ded,"[""atomic_minerals"",""coal"",""lignite"",""petroleum"",""natural_gas"",""minor_minerals""]",False,False,excluded_context_only,"[""non_spatial_aggregate"",""provisional_2024_status""]","Preserves the source table value and scope; it is not a site, reserve/resource estimate, production record, or proof of current operation."
IBM-IMYB2024-LEASE-AGG-046,official_mining_lease_aggregate,SRC_IBM_INDIAN_MINERALS_YEARBOOK_2024_CONCESSIONS,state_or_ut,Madhya Pradesh,Madhya Pradesh,2022-03-31,False,613,613,37838.75,37838.75,,,False,[],[],[],[],Table 1,38,23,https://ibm.gov.in/writereaddata/files/17690756386971f3b675b8aFINAL_IMYB2024_as_on_21.01.2026.pdf,2026-09-10,5b3208e019f95f8976bdb1e7dd7e7dcebba41af78e149ba162a97c98cc070ded,"[""atomic_minerals"",""coal"",""lignite"",""petroleum"",""natural_gas"",""minor_minerals""]",False,False,excluded_context_only,"[""non_spatial_aggregate""]","Preserves the source table value and scope; it is not a site, reserve/resource estimate, production record, or proof of current operation."
IBM-IMYB2024-LEASE-AGG-047,official_mining_lease_aggregate,SRC_IBM_INDIAN_MINERALS_YEARBOOK_2024_CONCESSIONS,state_or_ut,Madhya Pradesh,Madhya Pradesh,2023-03-31,False,598,598,41196.77,41196.77,,,False,[],[],[],[],Table 1,38,23,https://ibm.gov.in/writereaddata/files/17690756386971f3b675b8aFINAL_IMYB2024_as_on_21.01.2026.pdf,2026-09-10,5b3208e019f95f8976bdb1e7dd7e7dcebba41af78e149ba162a97c98cc070ded,"[""atomic_minerals"",""coal"",""lignite"",""petroleum"",""natural_gas"",""minor_minerals""]",False,False,excluded_context_only,"[""non_spatial_aggregate""]","Preserves the source table value and scope; it is not a site, reserve/resource estimate, production record, or proof of current operation."
IBM-IMYB2024-LEASE-AGG-048,official_mining_lease_aggregate,SRC_IBM_INDIAN_MINERALS_YEARBOOK_2024_CONCESSIONS,state_or_ut,Madhya Pradesh,Madhya Pradesh,2024-03-31,True,644,644,43658.856,43658.856,,,False,[],[],[],[],Table 1,38,23,https://ibm.gov.in/writereaddata/files/17690756386971f3b675b8aFINAL_IMYB2024_as_on_21.01.2026.pdf,2026-09-10,5b3208e019f95f8976bdb1e7dd7e7dcebba41af78e149ba162a97c98cc070ded,"[""atomic_minerals"",""coal"",""lignite"",""petroleum"",""natural_gas"",""minor_minerals""]",False,False,excluded_context_only,"[""non_spatial_aggregate"",""provisional_2024_status""]","Preserves the source table value and scope; it is not a site, reserve/resource estimate, production record, or proof of current operation."
IBM-IMYB2024-LEASE-AGG-049,official_mining_lease_aggregate,SRC_IBM_INDIAN_MINERALS_YEARBOOK_2024_CONCESSIONS,state_or_ut,Maharashtra,Maharashtra,2022-03-31,False,130,130,12872.74,12872.74,,,False,[],[],[],[],Table 1,38,23,https://ibm.gov.in/writereaddata/files/17690756386971f3b675b8aFINAL_IMYB2024_as_on_21.01.2026.pdf,2026-09-10,5b3208e019f95f8976bdb1e7dd7e7dcebba41af78e149ba162a97c98cc070ded,"[""atomic_minerals"",""coal"",""lignite"",""petroleum"",""natural_gas"",""minor_minerals""]",False,False,excluded_context_only,"[""non_spatial_aggregate""]","Preserves the source table value and scope; it is not a site, reserve/resource estimate, production record, or proof of current operation."
IBM-IMYB2024-LEASE-AGG-050,official_mining_lease_aggregate,SRC_IBM_INDIAN_MINERALS_YEARBOOK_2024_CONCESSIONS,state_or_ut,Maharashtra,Maharashtra,2023-03-31,False,113,113,11149.17,11149.17,,,False,[],[],[],[],Table 1,38,23,https://ibm.gov.in/writereaddata/files/17690756386971f3b675b8aFINAL_IMYB2024_as_on_21.01.2026.pdf,2026-09-10,5b3208e019f95f8976bdb1e7dd7e7dcebba41af78e149ba162a97c98cc070ded,"[""atomic_minerals"",""coal"",""lignite"",""petroleum"",""natural_gas"",""minor_minerals""]",False,False,excluded_context_only,"[""non_spatial_aggregate""]","Preserves the source table value and scope; it is not a site, reserve/resource estimate, production record, or proof of current operation."
IBM-IMYB2024-LEASE-AGG-051,official_mining_lease_aggregate,SRC_IBM_INDIAN_MINERALS_YEARBOOK_2024_CONCESSIONS,state_or_ut,Maharashtra,Maharashtra,2024-03-31,True,111,111,10990.034,10990.034,,,False,[],[],[],[],Table 1,38,23,https://ibm.gov.in/writereaddata/files/17690756386971f3b675b8aFINAL_IMYB2024_as_on_21.01.2026.pdf,2026-09-10,5b3208e019f95f8976bdb1e7dd7e7dcebba41af78e149ba162a97c98cc070ded,"[""atomic_minerals"",""coal"",""lignite"",""petroleum"",""natural_gas"",""minor_minerals""]",False,False,excluded_context_only,"[""non_spatial_aggregate"",""provisional_2024_status""]","Preserves the source table value and scope; it is not a site, reserve/resource estimate, production record, or proof of current operation."
IBM-IMYB2024-LEASE-AGG-052,official_mining_lease_aggregate,SRC_IBM_INDIAN_MINERALS_YEARBOOK_2024_CONCESSIONS,state_or_ut,Odisha,Odisha,2022-03-31,False,117,117,33872.45,33872.45,,,False,[],[],[],[],Table 1,38,23,https://ibm.gov.in/writereaddata/files/17690756386971f3b675b8aFINAL_IMYB2024_as_on_21.01.2026.pdf,2026-09-10,5b3208e019f95f8976bdb1e7dd7e7dcebba41af78e149ba162a97c98cc070ded,"[""atomic_minerals"",""coal"",""lignite"",""petroleum"",""natural_gas"",""minor_minerals""]",False,False,excluded_context_only,"[""non_spatial_aggregate""]","Preserves the source table value and scope; it is not a site, reserve/resource estimate, production record, or proof of current operation."
IBM-IMYB2024-LEASE-AGG-053,official_mining_lease_aggregate,SRC_IBM_INDIAN_MINERALS_YEARBOOK_2024_CONCESSIONS,state_or_ut,Odisha,Odisha,2023-03-31,False,118,118,36066.91,36066.91,,,False,[],[],[],[],Table 1,38,23,https://ibm.gov.in/writereaddata/files/17690756386971f3b675b8aFINAL_IMYB2024_as_on_21.01.2026.pdf,2026-09-10,5b3208e019f95f8976bdb1e7dd7e7dcebba41af78e149ba162a97c98cc070ded,"[""atomic_minerals"",""coal"",""lignite"",""petroleum"",""natural_gas"",""minor_minerals""]",False,False,excluded_context_only,"[""non_spatial_aggregate""]","Preserves the source table value and scope; it is not a site, reserve/resource estimate, production record, or proof of current operation."
IBM-IMYB2024-LEASE-AGG-054,official_mining_lease_aggregate,SRC_IBM_INDIAN_MINERALS_YEARBOOK_2024_CONCESSIONS,state_or_ut,Odisha,Odisha,2024-03-31,True,153,153,46921.1818,46921.1818,,,False,[],[],[],[],Table 1,38,23,https://ibm.gov.in/writereaddata/files/17690756386971f3b675b8aFINAL_IMYB2024_as_on_21.01.2026.pdf,2026-09-10,5b3208e019f95f8976bdb1e7dd7e7dcebba41af78e149ba162a97c98cc070ded,"[""atomic_minerals"",""coal"",""lignite"",""petroleum"",""natural_gas"",""minor_minerals""]",False,False,excluded_context_only,"[""non_spatial_aggregate"",""provisional_2024_status""]","Preserves the source table value and scope; it is not a site, reserve/resource estimate, production record, or proof of current operation."
IBM-IMYB2024-LEASE-AGG-055,official_mining_lease_aggregate,SRC_IBM_INDIAN_MINERALS_YEARBOOK_2024_CONCESSIONS,state_or_ut,Rajasthan,Rajasthan,2022-03-31,False,168,168,34528.73,34528.73,,,False,[],[],[],[],Table 1,39,24,https://ibm.gov.in/writereaddata/files/17690756386971f3b675b8aFINAL_IMYB2024_as_on_21.01.2026.pdf,2026-09-10,5b3208e019f95f8976bdb1e7dd7e7dcebba41af78e149ba162a97c98cc070ded,"[""atomic_minerals"",""coal"",""lignite"",""petroleum"",""natural_gas"",""minor_minerals""]",False,False,excluded_context_only,"[""non_spatial_aggregate""]","Preserves the source table value and scope; it is not a site, reserve/resource estimate, production record, or proof of current operation."
IBM-IMYB2024-LEASE-AGG-056,official_mining_lease_aggregate,SRC_IBM_INDIAN_MINERALS_YEARBOOK_2024_CONCESSIONS,state_or_ut,Rajasthan,Rajasthan,2023-03-31,False,145,145,35007.52,35007.52,,,False,[],[],[],[],Table 1,39,24,https://ibm.gov.in/writereaddata/files/17690756386971f3b675b8aFINAL_IMYB2024_as_on_21.01.2026.pdf,2026-09-10,5b3208e019f95f8976bdb1e7dd7e7dcebba41af78e149ba162a97c98cc070ded,"[""atomic_minerals"",""coal"",""lignite"",""petroleum"",""natural_gas"",""minor_minerals""]",False,False,excluded_context_only,"[""non_spatial_aggregate""]","Preserves the source table value and scope; it is not a site, reserve/resource estimate, production record, or proof of current operation."
IBM-IMYB2024-LEASE-AGG-057,official_mining_lease_aggregate,SRC_IBM_INDIAN_MINERALS_YEARBOOK_2024_CONCESSIONS,state_or_ut,Rajasthan,Rajasthan,2024-03-31,True,137,137,36253.10025,36253.10025,,,False,[],[],[],[],Table 1,39,24,https://ibm.gov.in/writereaddata/files/17690756386971f3b675b8aFINAL_IMYB2024_as_on_21.01.2026.pdf,2026-09-10,5b3208e019f95f8976bdb1e7dd7e7dcebba41af78e149ba162a97c98cc070ded,"[""atomic_minerals"",""coal"",""lignite"",""petroleum"",""natural_gas"",""minor_minerals""]",False,False,excluded_context_only,"[""non_spatial_aggregate"",""provisional_2024_status""]","Preserves the source table value and scope; it is not a site, reserve/resource estimate, production record, or proof of current operation."
IBM-IMYB2024-LEASE-AGG-058,official_mining_lease_aggregate,SRC_IBM_INDIAN_MINERALS_YEARBOOK_2024_CONCESSIONS,state_or_ut,Tamil Nadu,Tamil Nadu,2022-03-31,False,459,459,9158.7,9158.7,,,False,[],[],[],[],Table 1,39,24,https://ibm.gov.in/writereaddata/files/17690756386971f3b675b8aFINAL_IMYB2024_as_on_21.01.2026.pdf,2026-09-10,5b3208e019f95f8976bdb1e7dd7e7dcebba41af78e149ba162a97c98cc070ded,"[""atomic_minerals"",""coal"",""lignite"",""petroleum"",""natural_gas"",""minor_minerals""]",False,False,excluded_context_only,"[""non_spatial_aggregate""]","Preserves the source table value and scope; it is not a site, reserve/resource estimate, production record, or proof of current operation."
IBM-IMYB2024-LEASE-AGG-059,official_mining_lease_aggregate,SRC_IBM_INDIAN_MINERALS_YEARBOOK_2024_CONCESSIONS,state_or_ut,Tamil Nadu,Tamil Nadu,2023-03-31,False,456,456,9097.96,9097.96,,,False,[],[],[],[],Table 1,39,24,https://ibm.gov.in/writereaddata/files/17690756386971f3b675b8aFINAL_IMYB2024_as_on_21.01.2026.pdf,2026-09-10,5b3208e019f95f8976bdb1e7dd7e7dcebba41af78e149ba162a97c98cc070ded,"[""atomic_minerals"",""coal"",""lignite"",""petroleum"",""natural_gas"",""minor_minerals""]",False,False,excluded_context_only,"[""non_spatial_aggregate""]","Preserves the source table value and scope; it is not a site, reserve/resource estimate, production record, or proof of current operation."
IBM-IMYB2024-LEASE-AGG-060,official_mining_lease_aggregate,SRC_IBM_INDIAN_MINERALS_YEARBOOK_2024_CONCESSIONS,state_or_ut,Tamil Nadu,Tamil Nadu,2024-03-31,True,455,455,9096.255,9096.255,,,False,[],[],[],[],Table 1,39,24,https://ibm.gov.in/writereaddata/files/17690756386971f3b675b8aFINAL_IMYB2024_as_on_21.01.2026.pdf,2026-09-10,5b3208e019f95f8976bdb1e7dd7e7dcebba41af78e149ba162a97c98cc070ded,"[""atomic_minerals"",""coal"",""lignite"",""petroleum"",""natural_gas"",""minor_minerals""]",False,False,excluded_context_only,"[""non_spatial_aggregate"",""provisional_2024_status""]","Preserves the source table value and scope; it is not a site, reserve/resource estimate, production record, or proof of current operation."
IBM-IMYB2024-LEASE-AGG-061,official_mining_lease_aggregate,SRC_IBM_INDIAN_MINERALS_YEARBOOK_2024_CONCESSIONS,state_or_ut,Telangana,Telangana,2022-03-31,False,80,80,10227.38,10227.38,,,False,[],[],[],[],Table 1,39,24,https://ibm.gov.in/writereaddata/files/17690756386971f3b675b8aFINAL_IMYB2024_as_on_21.01.2026.pdf,2026-09-10,5b3208e019f95f8976bdb1e7dd7e7dcebba41af78e149ba162a97c98cc070ded,"[""atomic_minerals"",""coal"",""lignite"",""petroleum"",""natural_gas"",""minor_minerals""]",False,False,excluded_context_only,"[""non_spatial_aggregate""]","Preserves the source table value and scope; it is not a site, reserve/resource estimate, production record, or proof of current operation."
IBM-IMYB2024-LEASE-AGG-062,official_mining_lease_aggregate,SRC_IBM_INDIAN_MINERALS_YEARBOOK_2024_CONCESSIONS,state_or_ut,Telangana,Telangana,2023-03-31,False,79,79,10442.61,10442.61,,,False,[],[],[],[],Table 1,39,24,https://ibm.gov.in/writereaddata/files/17690756386971f3b675b8aFINAL_IMYB2024_as_on_21.01.2026.pdf,2026-09-10,5b3208e019f95f8976bdb1e7dd7e7dcebba41af78e149ba162a97c98cc070ded,"[""atomic_minerals"",""coal"",""lignite"",""petroleum"",""natural_gas"",""minor_minerals""]",False,False,excluded_context_only,"[""non_spatial_aggregate""]","Preserves the source table value and scope; it is not a site, reserve/resource estimate, production record, or proof of current operation."
IBM-IMYB2024-LEASE-AGG-063,official_mining_lease_aggregate,SRC_IBM_INDIAN_MINERALS_YEARBOOK_2024_CONCESSIONS,state_or_ut,Telangana,Telangana,2024-03-31,True,78,78,10429.733,10429.733,,,False,[],[],[],[],Table 1,39,24,https://ibm.gov.in/writereaddata/files/17690756386971f3b675b8aFINAL_IMYB2024_as_on_21.01.2026.pdf,2026-09-10,5b3208e019f95f8976bdb1e7dd7e7dcebba41af78e149ba162a97c98cc070ded,"[""atomic_minerals"",""coal"",""lignite"",""petroleum"",""natural_gas"",""minor_minerals""]",False,False,excluded_context_only,"[""non_spatial_aggregate"",""provisional_2024_status""]","Preserves the source table value and scope; it is not a site, reserve/resource estimate, production record, or proof of current operation."
IBM-IMYB2024-LEASE-AGG-064,official_mining_lease_aggregate,SRC_IBM_INDIAN_MINERALS_YEARBOOK_2024_CONCESSIONS,state_or_ut,Uttar Pradesh,Uttar Pradesh,2022-03-31,False,4,4,2579.56,2579.56,,,False,[],[],[],[],Table 1,39,24,https://ibm.gov.in/writereaddata/files/17690756386971f3b675b8aFINAL_IMYB2024_as_on_21.01.2026.pdf,2026-09-10,5b3208e019f95f8976bdb1e7dd7e7dcebba41af78e149ba162a97c98cc070ded,"[""atomic_minerals"",""coal"",""lignite"",""petroleum"",""natural_gas"",""minor_minerals""]",False,False,excluded_context_only,"[""non_spatial_aggregate""]","Preserves the source table value and scope; it is not a site, reserve/resource estimate, production record, or proof of current operation."
IBM-IMYB2024-LEASE-AGG-065,official_mining_lease_aggregate,SRC_IBM_INDIAN_MINERALS_YEARBOOK_2024_CONCESSIONS,state_or_ut,Uttar Pradesh,Uttar Pradesh,2023-03-31,False,4,4,2579.55,2579.55,,,False,[],[],[],[],Table 1,39,24,https://ibm.gov.in/writereaddata/files/17690756386971f3b675b8aFINAL_IMYB2024_as_on_21.01.2026.pdf,2026-09-10,5b3208e019f95f8976bdb1e7dd7e7dcebba41af78e149ba162a97c98cc070ded,"[""atomic_minerals"",""coal"",""lignite"",""petroleum"",""natural_gas"",""minor_minerals""]",False,False,excluded_context_only,"[""non_spatial_aggregate""]","Preserves the source table value and scope; it is not a site, reserve/resource estimate, production record, or proof of current operation."
IBM-IMYB2024-LEASE-AGG-066,official_mining_lease_aggregate,SRC_IBM_INDIAN_MINERALS_YEARBOOK_2024_CONCESSIONS,state_or_ut,Uttar Pradesh,Uttar Pradesh,2024-03-31,True,4,4,2960.21,2960.21,,,False,[],[],[],[],Table 1,39,24,https://ibm.gov.in/writereaddata/files/17690756386971f3b675b8aFINAL_IMYB2024_as_on_21.01.2026.pdf,2026-09-10,5b3208e019f95f8976bdb1e7dd7e7dcebba41af78e149ba162a97c98cc070ded,"[""atomic_minerals"",""coal"",""lignite"",""petroleum"",""natural_gas"",""minor_minerals""]",False,False,excluded_context_only,"[""non_spatial_aggregate"",""provisional_2024_status""]","Preserves the source table value and scope; it is not a site, reserve/resource estimate, production record, or proof of current operation."
IBM-IMYB2024-LEASE-AGG-067,official_mining_lease_aggregate,SRC_IBM_INDIAN_MINERALS_YEARBOOK_2024_CONCESSIONS,state_or_ut,Uttarakhand,Uttarakhand,2022-03-31,False,7,7,191.79,191.79,,,False,[],[],[],[],Table 1,39,24,https://ibm.gov.in/writereaddata/files/17690756386971f3b675b8aFINAL_IMYB2024_as_on_21.01.2026.pdf,2026-09-10,5b3208e019f95f8976bdb1e7dd7e7dcebba41af78e149ba162a97c98cc070ded,"[""atomic_minerals"",""coal"",""lignite"",""petroleum"",""natural_gas"",""minor_minerals""]",False,False,excluded_context_only,"[""non_spatial_aggregate""]","Preserves the source table value and scope; it is not a site, reserve/resource estimate, production record, or proof of current operation."
IBM-IMYB2024-LEASE-AGG-068,official_mining_lease_aggregate,SRC_IBM_INDIAN_MINERALS_YEARBOOK_2024_CONCESSIONS,state_or_ut,Uttarakhand,Uttarakhand,2023-03-31,False,7,7,191.79,191.79,,,False,[],[],[],[],Table 1,39,24,https://ibm.gov.in/writereaddata/files/17690756386971f3b675b8aFINAL_IMYB2024_as_on_21.01.2026.pdf,2026-09-10,5b3208e019f95f8976bdb1e7dd7e7dcebba41af78e149ba162a97c98cc070ded,"[""atomic_minerals"",""coal"",""lignite"",""petroleum"",""natural_gas"",""minor_minerals""]",False,False,excluded_context_only,"[""non_spatial_aggregate""]","Preserves the source table value and scope; it is not a site, reserve/resource estimate, production record, or proof of current operation."
IBM-IMYB2024-LEASE-AGG-069,official_mining_lease_aggregate,SRC_IBM_INDIAN_MINERALS_YEARBOOK_2024_CONCESSIONS,state_or_ut,Uttarakhand,Uttarakhand,2024-03-31,True,7,7,191.809,191.809,,,False,[],[],[],[],Table 1,39,24,https://ibm.gov.in/writereaddata/files/17690756386971f3b675b8aFINAL_IMYB2024_as_on_21.01.2026.pdf,2026-09-10,5b3208e019f95f8976bdb1e7dd7e7dcebba41af78e149ba162a97c98cc070ded,"[""atomic_minerals"",""coal"",""lignite"",""petroleum"",""natural_gas"",""minor_minerals""]",False,False,excluded_context_only,"[""non_spatial_aggregate"",""provisional_2024_status""]","Preserves the source table value and scope; it is not a site, reserve/resource estimate, production record, or proof of current operation."
IBM-IMYB2024-LEASE-AGG-070,official_mining_lease_aggregate,SRC_IBM_INDIAN_MINERALS_YEARBOOK_2024_CONCESSIONS,state_or_ut,West Bengal,West Bengal,2022-03-31,False,1,1,13.47,13.47,,,False,[],[],[],[],Table 1,39,24,https://ibm.gov.in/writereaddata/files/17690756386971f3b675b8aFINAL_IMYB2024_as_on_21.01.2026.pdf,2026-09-10,5b3208e019f95f8976bdb1e7dd7e7dcebba41af78e149ba162a97c98cc070ded,"[""atomic_minerals"",""coal"",""lignite"",""petroleum"",""natural_gas"",""minor_minerals""]",False,False,excluded_context_only,"[""non_spatial_aggregate""]","Preserves the source table value and scope; it is not a site, reserve/resource estimate, production record, or proof of current operation."
IBM-IMYB2024-LEASE-AGG-071,official_mining_lease_aggregate,SRC_IBM_INDIAN_MINERALS_YEARBOOK_2024_CONCESSIONS,state_or_ut,West Bengal,West Bengal,2023-03-31,False,1,1,13.47,13.47,,,False,[],[],[],[],Table 1,39,24,https://ibm.gov.in/writereaddata/files/17690756386971f3b675b8aFINAL_IMYB2024_as_on_21.01.2026.pdf,2026-09-10,5b3208e019f95f8976bdb1e7dd7e7dcebba41af78e149ba162a97c98cc070ded,"[""atomic_minerals"",""coal"",""lignite"",""petroleum"",""natural_gas"",""minor_minerals""]",False,False,excluded_context_only,"[""non_spatial_aggregate""]","Preserves the source table value and scope; it is not a site, reserve/resource estimate, production record, or proof of current operation."
IBM-IMYB2024-LEASE-AGG-072,official_mining_lease_aggregate,SRC_IBM_INDIAN_MINERALS_YEARBOOK_2024_CONCESSIONS,state_or_ut,West Bengal,West Bengal,2024-03-31,True,1,1,13.47,13.47,,,False,[],[],[],[],Table 1,39,24,https://ibm.gov.in/writereaddata/files/17690756386971f3b675b8aFINAL_IMYB2024_as_on_21.01.2026.pdf,2026-09-10,5b3208e019f95f8976bdb1e7dd7e7dcebba41af78e149ba162a97c98cc070ded,"[""atomic_minerals"",""coal"",""lignite"",""petroleum"",""natural_gas"",""minor_minerals""]",False,False,excluded_context_only,"[""non_spatial_aggregate"",""provisional_2024_status""]","Preserves the source table value and scope; it is not a site, reserve/resource estimate, production record, or proof of current operation."
IBM-IMYB2024-LEASE-AGG-073,official_mining_lease_aggregate,SRC_IBM_INDIAN_MINERALS_YEARBOOK_2024_CONCESSIONS,mineral,Amethyst,Amethyst,2024-03-31,True,2,2,5.83,5.83,,,False,"[""mineral:quartz""]","[""Quartz""]","[""quartz""]","[""SiO2""]",Table 2,39,24,https://ibm.gov.in/writereaddata/files/17690756386971f3b675b8aFINAL_IMYB2024_as_on_21.01.2026.pdf,2026-09-10,5b3208e019f95f8976bdb1e7dd7e7dcebba41af78e149ba162a97c98cc070ded,"[""atomic_minerals"",""coal"",""lignite"",""petroleum"",""natural_gas"",""minor_minerals""]",False,False,excluded_context_only,"[""non_spatial_aggregate"",""provisional_2024_status""]","Preserves the source table value and scope; it is not a site, reserve/resource estimate, production record, or proof of current operation."
IBM-IMYB2024-LEASE-AGG-074,official_mining_lease_aggregate,SRC_IBM_INDIAN_MINERALS_YEARBOOK_2024_CONCESSIONS,mineral,Apatite,Apatite,2024-03-31,True,1,1,13.47,13.47,,,False,"[""group:apatite-group""]","[""Apatite group""]","[""Apatite group""]",[],Table 2,39,24,https://ibm.gov.in/writereaddata/files/17690756386971f3b675b8aFINAL_IMYB2024_as_on_21.01.2026.pdf,2026-09-10,5b3208e019f95f8976bdb1e7dd7e7dcebba41af78e149ba162a97c98cc070ded,"[""atomic_minerals"",""coal"",""lignite"",""petroleum"",""natural_gas"",""minor_minerals""]",False,False,excluded_context_only,"[""non_spatial_aggregate"",""provisional_2024_status""]","Preserves the source table value and scope; it is not a site, reserve/resource estimate, production record, or proof of current operation."
IBM-IMYB2024-LEASE-AGG-075,official_mining_lease_aggregate,SRC_IBM_INDIAN_MINERALS_YEARBOOK_2024_CONCESSIONS,mineral,Bauxite,Bauxite,2024-03-31,True,310,310,23524.363,23524.363,,,False,"[""element:aluminium"",""ore:bauxite""]","[""Aluminium"",""Bauxite""]","[""aluminium"",""Bauxite""]","[""Al""]",Table 2,39,24,https://ibm.gov.in/writereaddata/files/17690756386971f3b675b8aFINAL_IMYB2024_as_on_21.01.2026.pdf,2026-09-10,5b3208e019f95f8976bdb1e7dd7e7dcebba41af78e149ba162a97c98cc070ded,"[""atomic_minerals"",""coal"",""lignite"",""petroleum"",""natural_gas"",""minor_minerals""]",False,False,excluded_context_only,"[""non_spatial_aggregate"",""provisional_2024_status""]","Preserves the source table value and scope; it is not a site, reserve/resource estimate, production record, or proof of current operation."
IBM-IMYB2024-LEASE-AGG-076,official_mining_lease_aggregate,SRC_IBM_INDIAN_MINERALS_YEARBOOK_2024_CONCESSIONS,mineral,Borax,Borax,2024-03-31,True,1,1,159.0,159,,,False,"[""mineral:borax""]","[""Borax""]","[""borax""]","[""Na2B4O5(OH)4(H2O)8""]",Table 2,39,24,https://ibm.gov.in/writereaddata/files/17690756386971f3b675b8aFINAL_IMYB2024_as_on_21.01.2026.pdf,2026-09-10,5b3208e019f95f8976bdb1e7dd7e7dcebba41af78e149ba162a97c98cc070ded,"[""atomic_minerals"",""coal"",""lignite"",""petroleum"",""natural_gas"",""minor_minerals""]",False,False,excluded_context_only,"[""non_spatial_aggregate"",""provisional_2024_status""]","Preserves the source table value and scope; it is not a site, reserve/resource estimate, production record, or proof of current operation."
IBM-IMYB2024-LEASE-AGG-077,official_mining_lease_aggregate,SRC_IBM_INDIAN_MINERALS_YEARBOOK_2024_CONCESSIONS,mineral,Chromite,Chromite,2024-03-31,True,22,22,5620.859,5620.859,,,False,"[""element:chromium"",""mineral:chromite""]","[""Chromium"",""Chromite""]","[""chromium"",""chromite""]","[""Cr"",""Fe2+Cr2O4""]",Table 2,39,24,https://ibm.gov.in/writereaddata/files/17690756386971f3b675b8aFINAL_IMYB2024_as_on_21.01.2026.pdf,2026-09-10,5b3208e019f95f8976bdb1e7dd7e7dcebba41af78e149ba162a97c98cc070ded,"[""atomic_minerals"",""coal"",""lignite"",""petroleum"",""natural_gas"",""minor_minerals""]",False,False,excluded_context_only,"[""non_spatial_aggregate"",""provisional_2024_status""]","Preserves the source table value and scope; it is not a site, reserve/resource estimate, production record, or proof of current operation."
IBM-IMYB2024-LEASE-AGG-078,official_mining_lease_aggregate,SRC_IBM_INDIAN_MINERALS_YEARBOOK_2024_CONCESSIONS,mineral,Copper Ore,Copper Ore,2024-03-31,True,9,9,3916.851,3916.851,,,False,"[""element:copper""]","[""Copper""]","[""copper""]","[""Cu""]",Table 2,39,24,https://ibm.gov.in/writereaddata/files/17690756386971f3b675b8aFINAL_IMYB2024_as_on_21.01.2026.pdf,2026-09-10,5b3208e019f95f8976bdb1e7dd7e7dcebba41af78e149ba162a97c98cc070ded,"[""atomic_minerals"",""coal"",""lignite"",""petroleum"",""natural_gas"",""minor_minerals""]",False,False,excluded_context_only,"[""non_spatial_aggregate"",""provisional_2024_status""]","Preserves the source table value and scope; it is not a site, reserve/resource estimate, production record, or proof of current operation."
IBM-IMYB2024-LEASE-AGG-079,official_mining_lease_aggregate,SRC_IBM_INDIAN_MINERALS_YEARBOOK_2024_CONCESSIONS,mineral,Diamond,Diamond,2024-03-31,True,2,2,275.963,275.963,,,False,"[""mineral:diamond""]","[""Diamond""]","[""diamond""]","[""C""]",Table 2,39,24,https://ibm.gov.in/writereaddata/files/17690756386971f3b675b8aFINAL_IMYB2024_as_on_21.01.2026.pdf,2026-09-10,5b3208e019f95f8976bdb1e7dd7e7dcebba41af78e149ba162a97c98cc070ded,"[""atomic_minerals"",""coal"",""lignite"",""petroleum"",""natural_gas"",""minor_minerals""]",False,False,excluded_context_only,"[""non_spatial_aggregate"",""provisional_2024_status""]","Preserves the source table value and scope; it is not a site, reserve/resource estimate, production record, or proof of current operation."
IBM-IMYB2024-LEASE-AGG-080,official_mining_lease_aggregate,SRC_IBM_INDIAN_MINERALS_YEARBOOK_2024_CONCESSIONS,mineral,Emerald,Emerald,2024-03-31,True,2,2,125.64,125.64,,,False,"[""variety:emerald""]","[""Emerald""]","[""emerald""]","[""Be3Al2Si6O18""]",Table 2,39,24,https://ibm.gov.in/writereaddata/files/17690756386971f3b675b8aFINAL_IMYB2024_as_on_21.01.2026.pdf,2026-09-10,5b3208e019f95f8976bdb1e7dd7e7dcebba41af78e149ba162a97c98cc070ded,"[""atomic_minerals"",""coal"",""lignite"",""petroleum"",""natural_gas"",""minor_minerals""]",False,False,excluded_context_only,"[""non_spatial_aggregate"",""provisional_2024_status""]","Preserves the source table value and scope; it is not a site, reserve/resource estimate, production record, or proof of current operation."
IBM-IMYB2024-LEASE-AGG-081,official_mining_lease_aggregate,SRC_IBM_INDIAN_MINERALS_YEARBOOK_2024_CONCESSIONS,mineral,Epidote,Epidote,2024-03-31,True,1,1,4.0515,4.0515,,,False,"[""mineral:epidote""]","[""Epidote""]","[""epidote""]","[""Ca2(Al2Fe3+)(Si2O7)(SiO4)O(OH)""]",Table 2,39,24,https://ibm.gov.in/writereaddata/files/17690756386971f3b675b8aFINAL_IMYB2024_as_on_21.01.2026.pdf,2026-09-10,5b3208e019f95f8976bdb1e7dd7e7dcebba41af78e149ba162a97c98cc070ded,"[""atomic_minerals"",""coal"",""lignite"",""petroleum"",""natural_gas"",""minor_minerals""]",False,False,excluded_context_only,"[""non_spatial_aggregate"",""provisional_2024_status""]","Preserves the source table value and scope; it is not a site, reserve/resource estimate, production record, or proof of current operation."
IBM-IMYB2024-LEASE-AGG-082,official_mining_lease_aggregate,SRC_IBM_INDIAN_MINERALS_YEARBOOK_2024_CONCESSIONS,mineral,Fluorite,Fluorite,2024-03-31,True,7,7,416.158,416.158,,,False,"[""element:fluorine"",""mineral:fluorite""]","[""Fluorine"",""Fluorite""]","[""fluorine"",""calcium fluoride"",""fluorite""]","[""F"",""CaF2""]",Table 2,39,24,https://ibm.gov.in/writereaddata/files/17690756386971f3b675b8aFINAL_IMYB2024_as_on_21.01.2026.pdf,2026-09-10,5b3208e019f95f8976bdb1e7dd7e7dcebba41af78e149ba162a97c98cc070ded,"[""atomic_minerals"",""coal"",""lignite"",""petroleum"",""natural_gas"",""minor_minerals""]",False,False,excluded_context_only,"[""non_spatial_aggregate"",""provisional_2024_status""]","Preserves the source table value and scope; it is not a site, reserve/resource estimate, production record, or proof of current operation."
IBM-IMYB2024-LEASE-AGG-083,official_mining_lease_aggregate,SRC_IBM_INDIAN_MINERALS_YEARBOOK_2024_CONCESSIONS,mineral,Garnet,Garnet,2024-03-31,True,20,20,118.7838,118.7838,,,False,"[""group:garnet-group""]","[""Garnet group""]","[""Garnet group""]",[],Table 2,39,24,https://ibm.gov.in/writereaddata/files/17690756386971f3b675b8aFINAL_IMYB2024_as_on_21.01.2026.pdf,2026-09-10,5b3208e019f95f8976bdb1e7dd7e7dcebba41af78e149ba162a97c98cc070ded,"[""atomic_minerals"",""coal"",""lignite"",""petroleum"",""natural_gas"",""minor_minerals""]",False,False,excluded_context_only,"[""non_spatial_aggregate"",""provisional_2024_status""]","Preserves the source table value and scope; it is not a site, reserve/resource estimate, production record, or proof of current operation."
IBM-IMYB2024-LEASE-AGG-084,official_mining_lease_aggregate,SRC_IBM_INDIAN_MINERALS_YEARBOOK_2024_CONCESSIONS,mineral,Gold,Gold,2024-03-31,True,10,10,6934.26,6934.26,,,False,"[""element:gold""]","[""Gold""]","[""gold""]","[""Au""]",Table 2,39,24,https://ibm.gov.in/writereaddata/files/17690756386971f3b675b8aFINAL_IMYB2024_as_on_21.01.2026.pdf,2026-09-10,5b3208e019f95f8976bdb1e7dd7e7dcebba41af78e149ba162a97c98cc070ded,"[""atomic_minerals"",""coal"",""lignite"",""petroleum"",""natural_gas"",""minor_minerals""]",False,False,excluded_context_only,"[""non_spatial_aggregate"",""provisional_2024_status""]","Preserves the source table value and scope; it is not a site, reserve/resource estimate, production record, or proof of current operation."
IBM-IMYB2024-LEASE-AGG-085,official_mining_lease_aggregate,SRC_IBM_INDIAN_MINERALS_YEARBOOK_2024_CONCESSIONS,mineral,Graphite,Graphite,2024-03-31,True,27,27,1199.0369,1199.0369,,,False,"[""mineral:graphite""]","[""Graphite""]","[""carbon""]","[""C""]",Table 2,39,24,https://ibm.gov.in/writereaddata/files/17690756386971f3b675b8aFINAL_IMYB2024_as_on_21.01.2026.pdf,2026-09-10,5b3208e019f95f8976bdb1e7dd7e7dcebba41af78e149ba162a97c98cc070ded,"[""atomic_minerals"",""coal"",""lignite"",""petroleum"",""natural_gas"",""minor_minerals""]",False,False,excluded_context_only,"[""non_spatial_aggregate"",""provisional_2024_status""]","Preserves the source table value and scope; it is not a site, reserve/resource estimate, production record, or proof of current operation."
IBM-IMYB2024-LEASE-AGG-086,official_mining_lease_aggregate,SRC_IBM_INDIAN_MINERALS_YEARBOOK_2024_CONCESSIONS,mineral,Iolite,Iolite,2024-03-31,True,2,2,16.417,16.417,,,False,"[""mineral:cordierite""]","[""Cordierite""]","[""cordierite""]","[""Mg2Al3(Si5AlO18)""]",Table 2,39,24,https://ibm.gov.in/writereaddata/files/17690756386971f3b675b8aFINAL_IMYB2024_as_on_21.01.2026.pdf,2026-09-10,5b3208e019f95f8976bdb1e7dd7e7dcebba41af78e149ba162a97c98cc070ded,"[""atomic_minerals"",""coal"",""lignite"",""petroleum"",""natural_gas"",""minor_minerals""]",False,False,excluded_context_only,"[""non_spatial_aggregate"",""provisional_2024_status""]","Preserves the source table value and scope; it is not a site, reserve/resource estimate, production record, or proof of current operation."
IBM-IMYB2024-LEASE-AGG-087,official_mining_lease_aggregate,SRC_IBM_INDIAN_MINERALS_YEARBOOK_2024_CONCESSIONS,mineral,Iron Ore,Iron Ore,2024-03-31,True,337,337,56920.617,56920.617,,,False,"[""element:iron"",""ore:iron-ore""]","[""Iron"",""Iron ore""]","[""iron"",""Iron ore""]","[""Fe""]",Table 2,39,24,https://ibm.gov.in/writereaddata/files/17690756386971f3b675b8aFINAL_IMYB2024_as_on_21.01.2026.pdf,2026-09-10,5b3208e019f95f8976bdb1e7dd7e7dcebba41af78e149ba162a97c98cc070ded,"[""atomic_minerals"",""coal"",""lignite"",""petroleum"",""natural_gas"",""minor_minerals""]",False,False,excluded_context_only,"[""non_spatial_aggregate"",""provisional_2024_status""]","Preserves the source table value and scope; it is not a site, reserve/resource estimate, production record, or proof of current operation."
IBM-IMYB2024-LEASE-AGG-088,official_mining_lease_aggregate,SRC_IBM_INDIAN_MINERALS_YEARBOOK_2024_CONCESSIONS,mineral,Kyanite,Kyanite,2024-03-31,True,15,15,288.982,288.982,,,False,"[""group:kyanite-and-related-minerals"",""mineral:kyanite""]","[""Kyanite and related minerals"",""Kyanite""]","[""kyanite and related minerals"",""kyanite""]","[""Al2SiO5"",""Al2OSiO4""]",Table 2,39,24,https://ibm.gov.in/writereaddata/files/17690756386971f3b675b8aFINAL_IMYB2024_as_on_21.01.2026.pdf,2026-09-10,5b3208e019f95f8976bdb1e7dd7e7dcebba41af78e149ba162a97c98cc070ded,"[""atomic_minerals"",""coal"",""lignite"",""petroleum"",""natural_gas"",""minor_minerals""]",False,False,excluded_context_only,"[""non_spatial_aggregate"",""provisional_2024_status""]","Preserves the source table value and scope; it is not a site, reserve/resource estimate, production record, or proof of current operation."
IBM-IMYB2024-LEASE-AGG-089,official_mining_lease_aggregate,SRC_IBM_INDIAN_MINERALS_YEARBOOK_2024_CONCESSIONS,mineral,Lead and Zinc Ore,Lead and Zinc Ore,2024-03-31,True,11,11,6890.4875,6890.4875,,,False,"[""element:lead"",""element:zinc""]","[""Lead"",""Zinc""]","[""lead"",""zinc""]","[""Pb"",""Zn""]",Table 2,39,24,https://ibm.gov.in/writereaddata/files/17690756386971f3b675b8aFINAL_IMYB2024_as_on_21.01.2026.pdf,2026-09-10,5b3208e019f95f8976bdb1e7dd7e7dcebba41af78e149ba162a97c98cc070ded,"[""atomic_minerals"",""coal"",""lignite"",""petroleum"",""natural_gas"",""minor_minerals""]",False,False,excluded_context_only,"[""non_spatial_aggregate"",""provisional_2024_status""]","Preserves the source table value and scope; it is not a site, reserve/resource estimate, production record, or proof of current operation."
IBM-IMYB2024-LEASE-AGG-090,official_mining_lease_aggregate,SRC_IBM_INDIAN_MINERALS_YEARBOOK_2024_CONCESSIONS,mineral,Limeshell,Limeshell,2024-03-31,True,18,18,873.958,873.958,,,False,"[""group:calcium-and-limestone"",""material:calcareous-shell-material""]","[""Calcium and limestone"",""Calcareous shell material""]","[""calcium"",""calcium carbonate"",""Calcareous shell material""]",[],Table 2,39,24,https://ibm.gov.in/writereaddata/files/17690756386971f3b675b8aFINAL_IMYB2024_as_on_21.01.2026.pdf,2026-09-10,5b3208e019f95f8976bdb1e7dd7e7dcebba41af78e149ba162a97c98cc070ded,"[""atomic_minerals"",""coal"",""lignite"",""petroleum"",""natural_gas"",""minor_minerals""]",False,False,excluded_context_only,"[""non_spatial_aggregate"",""provisional_2024_status""]","Preserves the source table value and scope; it is not a site, reserve/resource estimate, production record, or proof of current operation."
IBM-IMYB2024-LEASE-AGG-091,official_mining_lease_aggregate,SRC_IBM_INDIAN_MINERALS_YEARBOOK_2024_CONCESSIONS,mineral,Limestone,Limestone,2024-03-31,True,1812,1812,168264.605,168264.605,,,False,"[""group:calcium-and-limestone"",""rock:limestone""]","[""Calcium and limestone"",""Limestone""]","[""calcium"",""calcium carbonate"",""Limestone""]",[],Table 2,39,24,https://ibm.gov.in/writereaddata/files/17690756386971f3b675b8aFINAL_IMYB2024_as_on_21.01.2026.pdf,2026-09-10,5b3208e019f95f8976bdb1e7dd7e7dcebba41af78e149ba162a97c98cc070ded,"[""atomic_minerals"",""coal"",""lignite"",""petroleum"",""natural_gas"",""minor_minerals""]",False,False,excluded_context_only,"[""non_spatial_aggregate"",""provisional_2024_status""]","Preserves the source table value and scope; it is not a site, reserve/resource estimate, production record, or proof of current operation."
IBM-IMYB2024-LEASE-AGG-092,official_mining_lease_aggregate,SRC_IBM_INDIAN_MINERALS_YEARBOOK_2024_CONCESSIONS,mineral,Magnesite,Magnesite,2024-03-31,True,33,33,2301.721,2301.721,,,False,"[""element:magnesium"",""mineral:magnesite""]","[""Magnesium"",""Magnesite""]","[""magnesium"",""magnesium carbonate"",""magnesite""]","[""Mg"",""Mg(CO3)""]",Table 2,39,24,https://ibm.gov.in/writereaddata/files/17690756386971f3b675b8aFINAL_IMYB2024_as_on_21.01.2026.pdf,2026-09-10,5b3208e019f95f8976bdb1e7dd7e7dcebba41af78e149ba162a97c98cc070ded,"[""atomic_minerals"",""coal"",""lignite"",""petroleum"",""natural_gas"",""minor_minerals""]",False,False,excluded_context_only,"[""non_spatial_aggregate"",""provisional_2024_status""]","Preserves the source table value and scope; it is not a site, reserve/resource estimate, production record, or proof of current operation."
IBM-IMYB2024-LEASE-AGG-093,official_mining_lease_aggregate,SRC_IBM_INDIAN_MINERALS_YEARBOOK_2024_CONCESSIONS,mineral,Manganese Ore,Manganese Ore,2024-03-31,True,215,215,11482.96,11482.96,,,False,"[""element:manganese""]","[""Manganese""]","[""manganese""]","[""Mn""]",Table 2,39,24,https://ibm.gov.in/writereaddata/files/17690756386971f3b675b8aFINAL_IMYB2024_as_on_21.01.2026.pdf,2026-09-10,5b3208e019f95f8976bdb1e7dd7e7dcebba41af78e149ba162a97c98cc070ded,"[""atomic_minerals"",""coal"",""lignite"",""petroleum"",""natural_gas"",""minor_minerals""]",False,False,excluded_context_only,"[""non_spatial_aggregate"",""provisional_2024_status""]","Preserves the source table value and scope; it is not a site, reserve/resource estimate, production record, or proof of current operation."
IBM-IMYB2024-LEASE-AGG-094,official_mining_lease_aggregate,SRC_IBM_INDIAN_MINERALS_YEARBOOK_2024_CONCESSIONS,mineral,Moulding Sand,Moulding Sand,2024-03-31,True,6,6,39.232,39.232,,,False,"[""material:moulding-sand""]","[""Moulding sand""]","[""Moulding sand""]",[],Table 2,39,24,https://ibm.gov.in/writereaddata/files/17690756386971f3b675b8aFINAL_IMYB2024_as_on_21.01.2026.pdf,2026-09-10,5b3208e019f95f8976bdb1e7dd7e7dcebba41af78e149ba162a97c98cc070ded,"[""atomic_minerals"",""coal"",""lignite"",""petroleum"",""natural_gas"",""minor_minerals""]",False,False,excluded_context_only,"[""non_spatial_aggregate"",""provisional_2024_status""]","Preserves the source table value and scope; it is not a site, reserve/resource estimate, production record, or proof of current operation."
IBM-IMYB2024-LEASE-AGG-095,official_mining_lease_aggregate,SRC_IBM_INDIAN_MINERALS_YEARBOOK_2024_CONCESSIONS,mineral,Perlite,Perlite,2024-03-31,True,1,1,144.8831,144.8831,,,False,"[""rock:perlite""]","[""Perlite""]","[""Perlite""]",[],Table 2,39,24,https://ibm.gov.in/writereaddata/files/17690756386971f3b675b8aFINAL_IMYB2024_as_on_21.01.2026.pdf,2026-09-10,5b3208e019f95f8976bdb1e7dd7e7dcebba41af78e149ba162a97c98cc070ded,"[""atomic_minerals"",""coal"",""lignite"",""petroleum"",""natural_gas"",""minor_minerals""]",False,False,excluded_context_only,"[""non_spatial_aggregate"",""provisional_2024_status""]","Preserves the source table value and scope; it is not a site, reserve/resource estimate, production record, or proof of current operation."
IBM-IMYB2024-LEASE-AGG-096,official_mining_lease_aggregate,SRC_IBM_INDIAN_MINERALS_YEARBOOK_2024_CONCESSIONS,mineral,Rock Phosphate,Rock Phosphate,2024-03-31,True,7,7,1534.237,1534.237,,,False,"[""element:phosphorus"",""ore:phosphorite""]","[""Phosphorus"",""Phosphorite""]","[""phosphorus"",""Phosphorite""]","[""P""]",Table 2,39,24,https://ibm.gov.in/writereaddata/files/17690756386971f3b675b8aFINAL_IMYB2024_as_on_21.01.2026.pdf,2026-09-10,5b3208e019f95f8976bdb1e7dd7e7dcebba41af78e149ba162a97c98cc070ded,"[""atomic_minerals"",""coal"",""lignite"",""petroleum"",""natural_gas"",""minor_minerals""]",False,False,excluded_context_only,"[""non_spatial_aggregate"",""provisional_2024_status""]","Preserves the source table value and scope; it is not a site, reserve/resource estimate, production record, or proof of current operation."
IBM-IMYB2024-LEASE-AGG-097,official_mining_lease_aggregate,SRC_IBM_INDIAN_MINERALS_YEARBOOK_2024_CONCESSIONS,mineral,Rock Salt,Rock Salt,2024-03-31,True,1,1,8.122,8.122,,,False,"[""mineral:halite""]","[""Halite""]","[""halite""]","[""NaCl""]",Table 2,39,24,https://ibm.gov.in/writereaddata/files/17690756386971f3b675b8aFINAL_IMYB2024_as_on_21.01.2026.pdf,2026-09-10,5b3208e019f95f8976bdb1e7dd7e7dcebba41af78e149ba162a97c98cc070ded,"[""atomic_minerals"",""coal"",""lignite"",""petroleum"",""natural_gas"",""minor_minerals""]",False,False,excluded_context_only,"[""non_spatial_aggregate"",""provisional_2024_status""]","Preserves the source table value and scope; it is not a site, reserve/resource estimate, production record, or proof of current operation."
IBM-IMYB2024-LEASE-AGG-098,official_mining_lease_aggregate,SRC_IBM_INDIAN_MINERALS_YEARBOOK_2024_CONCESSIONS,mineral,Semi Precious Stone,Semi Precious Stone,2024-03-31,True,14,14,164.214,164.214,,,False,"[""group:semi-precious-gemstones""]","[""Semi-precious gemstones""]","[""Semi-precious gemstones""]",[],Table 2,39,24,https://ibm.gov.in/writereaddata/files/17690756386971f3b675b8aFINAL_IMYB2024_as_on_21.01.2026.pdf,2026-09-10,5b3208e019f95f8976bdb1e7dd7e7dcebba41af78e149ba162a97c98cc070ded,"[""atomic_minerals"",""coal"",""lignite"",""petroleum"",""natural_gas"",""minor_minerals""]",False,False,excluded_context_only,"[""non_spatial_aggregate"",""provisional_2024_status""]","Preserves the source table value and scope; it is not a site, reserve/resource estimate, production record, or proof of current operation."
IBM-IMYB2024-LEASE-AGG-099,official_mining_lease_aggregate,SRC_IBM_INDIAN_MINERALS_YEARBOOK_2024_CONCESSIONS,mineral,Selenite,Selenite,2024-03-31,True,4,4,624.3466,624.3466,,,False,"[""mineral:gypsum""]","[""Gypsum""]","[""gypsum""]","[""Ca(SO4)(H2O)2""]",Table 2,39,24,https://ibm.gov.in/writereaddata/files/17690756386971f3b675b8aFINAL_IMYB2024_as_on_21.01.2026.pdf,2026-09-10,5b3208e019f95f8976bdb1e7dd7e7dcebba41af78e149ba162a97c98cc070ded,"[""atomic_minerals"",""coal"",""lignite"",""petroleum"",""natural_gas"",""minor_minerals""]",False,False,excluded_context_only,"[""non_spatial_aggregate"",""provisional_2024_status""]","Preserves the source table value and scope; it is not a site, reserve/resource estimate, production record, or proof of current operation."
IBM-IMYB2024-LEASE-AGG-100,official_mining_lease_aggregate,SRC_IBM_INDIAN_MINERALS_YEARBOOK_2024_CONCESSIONS,mineral,Siliceous Earth,Siliceous Earth,2024-03-31,True,17,17,168.4086,168.4086,,,False,"[""material:siliceous-earth""]","[""Siliceous earth""]","[""Siliceous earth""]",[],Table 2,39,24,https://ibm.gov.in/writereaddata/files/17690756386971f3b675b8aFINAL_IMYB2024_as_on_21.01.2026.pdf,2026-09-10,5b3208e019f95f8976bdb1e7dd7e7dcebba41af78e149ba162a97c98cc070ded,"[""atomic_minerals"",""coal"",""lignite"",""petroleum"",""natural_gas"",""minor_minerals""]",False,False,excluded_context_only,"[""non_spatial_aggregate"",""provisional_2024_status""]","Preserves the source table value and scope; it is not a site, reserve/resource estimate, production record, or proof of current operation."
IBM-IMYB2024-LEASE-AGG-101,official_mining_lease_aggregate,SRC_IBM_INDIAN_MINERALS_YEARBOOK_2024_CONCESSIONS,mineral,Sillamanite,Sillimanite,2024-03-31,True,1,1,4.64,4.64,,,False,"[""mineral:sillimanite""]","[""Sillimanite""]","[""sillimanite""]","[""Al2SiO5""]",Table 2,39,24,https://ibm.gov.in/writereaddata/files/17690756386971f3b675b8aFINAL_IMYB2024_as_on_21.01.2026.pdf,2026-09-10,5b3208e019f95f8976bdb1e7dd7e7dcebba41af78e149ba162a97c98cc070ded,"[""atomic_minerals"",""coal"",""lignite"",""petroleum"",""natural_gas"",""minor_minerals""]",False,False,excluded_context_only,"[""source_spelling_preserved_normalized_to_sillimanite"",""non_spatial_aggregate"",""provisional_2024_status""]","Preserves the source table value and scope; it is not a site, reserve/resource estimate, production record, or proof of current operation."
IBM-IMYB2024-LEASE-AGG-102,official_mining_lease_aggregate,SRC_IBM_INDIAN_MINERALS_YEARBOOK_2024_CONCESSIONS,mineral,Stibnite/Antimony,Stibnite/Antimony,2024-03-31,True,1,1,40.468,40.468,,,False,"[""mineral:stibnite"",""element:antimony""]","[""Stibnite"",""Antimony""]","[""stibnite"",""antimony""]","[""Sb2S3"",""Sb""]",Table 2,39,24,https://ibm.gov.in/writereaddata/files/17690756386971f3b675b8aFINAL_IMYB2024_as_on_21.01.2026.pdf,2026-09-10,5b3208e019f95f8976bdb1e7dd7e7dcebba41af78e149ba162a97c98cc070ded,"[""atomic_minerals"",""coal"",""lignite"",""petroleum"",""natural_gas"",""minor_minerals""]",False,False,excluded_context_only,"[""non_spatial_aggregate"",""provisional_2024_status""]","Preserves the source table value and scope; it is not a site, reserve/resource estimate, production record, or proof of current operation."
IBM-IMYB2024-LEASE-AGG-103,official_mining_lease_aggregate,SRC_IBM_INDIAN_MINERALS_YEARBOOK_2024_CONCESSIONS,mineral,Tin,Tin,2024-03-31,True,17,17,338.183,338.183,,,False,"[""element:tin""]","[""Tin""]","[""tin""]","[""Sn""]",Table 2,39,24,https://ibm.gov.in/writereaddata/files/17690756386971f3b675b8aFINAL_IMYB2024_as_on_21.01.2026.pdf,2026-09-10,5b3208e019f95f8976bdb1e7dd7e7dcebba41af78e149ba162a97c98cc070ded,"[""atomic_minerals"",""coal"",""lignite"",""petroleum"",""natural_gas"",""minor_minerals""]",False,False,excluded_context_only,"[""non_spatial_aggregate"",""provisional_2024_status""]","Preserves the source table value and scope; it is not a site, reserve/resource estimate, production record, or proof of current operation."
IBM-IMYB2024-LEASE-AGG-104,official_mining_lease_aggregate,SRC_IBM_INDIAN_MINERALS_YEARBOOK_2024_CONCESSIONS,mineral,Vermiculite,Vermiculite,2024-03-31,True,50,50,890.9683,890.9683,,,False,"[""mineral:vermiculite""]","[""Vermiculite""]","[""vermiculite""]","[""Mg0.7(Mg,Fe,Al)6(Si,Al)8O20(OH)4·8H2O""]",Table 2,39,24,https://ibm.gov.in/writereaddata/files/17690756386971f3b675b8aFINAL_IMYB2024_as_on_21.01.2026.pdf,2026-09-10,5b3208e019f95f8976bdb1e7dd7e7dcebba41af78e149ba162a97c98cc070ded,"[""atomic_minerals"",""coal"",""lignite"",""petroleum"",""natural_gas"",""minor_minerals""]",False,False,excluded_context_only,"[""non_spatial_aggregate"",""provisional_2024_status""]","Preserves the source table value and scope; it is not a site, reserve/resource estimate, production record, or proof of current operation."
IBM-IMYB2024-LEASE-AGG-105,official_mining_lease_aggregate,SRC_IBM_INDIAN_MINERALS_YEARBOOK_2024_CONCESSIONS,mineral,Wollastonite,Wollastonite,2024-03-31,True,12,12,254.1042,254.1042,,,False,"[""mineral:wollastonite""]","[""Wollastonite""]","[""wollastonite""]","[""CaSiO3""]",Table 2,39,24,https://ibm.gov.in/writereaddata/files/17690756386971f3b675b8aFINAL_IMYB2024_as_on_21.01.2026.pdf,2026-09-10,5b3208e019f95f8976bdb1e7dd7e7dcebba41af78e149ba162a97c98cc070ded,"[""atomic_minerals"",""coal"",""lignite"",""petroleum"",""natural_gas"",""minor_minerals""]",False,False,excluded_context_only,"[""non_spatial_aggregate"",""provisional_2024_status""]","Preserves the source table value and scope; it is not a site, reserve/resource estimate, production record, or proof of current operation."
IBM-IMYB2024-LEASE-AGG-106,official_mining_lease_aggregate,SRC_IBM_INDIAN_MINERALS_YEARBOOK_2024_CONCESSIONS,mineral,Gemstone Cats Eye,Gemstone Cats Eye,2024-03-31,True,3,3,82.357,82.357,,,False,"[""group:semi-precious-gemstones""]","[""Semi-precious gemstones""]","[""Semi-precious gemstones""]",[],Table 2,40,25,https://ibm.gov.in/writereaddata/files/17690756386971f3b675b8aFINAL_IMYB2024_as_on_21.01.2026.pdf,2026-09-10,5b3208e019f95f8976bdb1e7dd7e7dcebba41af78e149ba162a97c98cc070ded,"[""atomic_minerals"",""coal"",""lignite"",""petroleum"",""natural_gas"",""minor_minerals""]",False,False,excluded_context_only,"[""non_spatial_aggregate"",""provisional_2024_status""]","Preserves the source table value and scope; it is not a site, reserve/resource estimate, production record, or proof of current operation."
IBM-IMYB2024-LEASE-AGG-107,official_mining_lease_aggregate,SRC_IBM_INDIAN_MINERALS_YEARBOOK_2024_CONCESSIONS,mineral,Beryl,Beryl,2024-03-31,True,2,2,9.8,9.8,,,False,"[""mineral:beryl"",""element:beryllium""]","[""Beryl"",""Beryllium""]","[""beryl"",""beryllium""]","[""Be3Al2(Si6O18)"",""Be""]",Table 2,40,25,https://ibm.gov.in/writereaddata/files/17690756386971f3b675b8aFINAL_IMYB2024_as_on_21.01.2026.pdf,2026-09-10,5b3208e019f95f8976bdb1e7dd7e7dcebba41af78e149ba162a97c98cc070ded,"[""atomic_minerals"",""coal"",""lignite"",""petroleum"",""natural_gas"",""minor_minerals""]",False,False,excluded_context_only,"[""non_spatial_aggregate"",""provisional_2024_status""]","Preserves the source table value and scope; it is not a site, reserve/resource estimate, production record, or proof of current operation."
IBM-IMYB2024-LEASE-AGG-108,official_mining_lease_aggregate,SRC_IBM_INDIAN_MINERALS_YEARBOOK_2024_CONCESSIONS,mineral,Fluorspar,Fluorspar,2024-03-31,True,1,1,63.2,63.2,,,False,"[""element:fluorine"",""mineral:fluorite""]","[""Fluorine"",""Fluorite""]","[""fluorine"",""calcium fluoride"",""fluorite""]","[""F"",""CaF2""]",Table 2,40,25,https://ibm.gov.in/writereaddata/files/17690756386971f3b675b8aFINAL_IMYB2024_as_on_21.01.2026.pdf,2026-09-10,5b3208e019f95f8976bdb1e7dd7e7dcebba41af78e149ba162a97c98cc070ded,"[""atomic_minerals"",""coal"",""lignite"",""petroleum"",""natural_gas"",""minor_minerals""]",False,False,excluded_context_only,"[""non_spatial_aggregate"",""provisional_2024_status""]","Preserves the source table value and scope; it is not a site, reserve/resource estimate, production record, or proof of current operation."
IBM-IMYB2024-LEASE-AGG-109,official_mining_lease_aggregate,SRC_IBM_INDIAN_MINERALS_YEARBOOK_2024_CONCESSIONS,mineral,Aluminous Laterite,Aluminous Laterite,2024-03-31,True,1,1,90.36,90.36,,,False,"[""element:aluminium"",""ore:aluminous-laterite"",""rock:laterite""]","[""Aluminium"",""Aluminous laterite"",""Laterite""]","[""aluminium"",""Aluminous laterite"",""Laterite""]","[""Al""]",Table 2,40,25,https://ibm.gov.in/writereaddata/files/17690756386971f3b675b8aFINAL_IMYB2024_as_on_21.01.2026.pdf,2026-09-10,5b3208e019f95f8976bdb1e7dd7e7dcebba41af78e149ba162a97c98cc070ded,"[""atomic_minerals"",""coal"",""lignite"",""petroleum"",""natural_gas"",""minor_minerals""]",False,False,excluded_context_only,"[""non_spatial_aggregate"",""provisional_2024_status""]","Preserves the source table value and scope; it is not a site, reserve/resource estimate, production record, or proof of current operation."
IBM-IMYB2024-LEASE-AGG-110,official_mining_lease_aggregate,SRC_IBM_INDIAN_MINERALS_YEARBOOK_2024_CONCESSIONS,mineral,Total,Total,2024-03-31,True,2995,2995,293811.54,293811.54,,,True,[],[],[],[],Table 2,40,25,https://ibm.gov.in/writereaddata/files/17690756386971f3b675b8aFINAL_IMYB2024_as_on_21.01.2026.pdf,2026-09-10,5b3208e019f95f8976bdb1e7dd7e7dcebba41af78e149ba162a97c98cc070ded,"[""atomic_minerals"",""coal"",""lignite"",""petroleum"",""natural_gas"",""minor_minerals""]",False,False,excluded_context_only,"[""non_spatial_aggregate"",""provisional_2024_status""]","Preserves the source table value and scope; it is not a site, reserve/resource estimate, production record, or proof of current operation."
IBM-IMYB2024-LEASE-AGG-111,official_mining_lease_aggregate,SRC_IBM_INDIAN_MINERALS_YEARBOOK_2024_CONCESSIONS,sector,Total,Total,2024-03-31,True,2995,2995,293811.5373,293811.5373,100.0,100.0,True,[],[],[],[],Table 3,40,25,https://ibm.gov.in/writereaddata/files/17690756386971f3b675b8aFINAL_IMYB2024_as_on_21.01.2026.pdf,2026-09-10,5b3208e019f95f8976bdb1e7dd7e7dcebba41af78e149ba162a97c98cc070ded,"[""atomic_minerals"",""coal"",""lignite"",""petroleum"",""natural_gas"",""minor_minerals""]",False,False,excluded_context_only,"[""non_spatial_aggregate"",""provisional_2024_status""]","Preserves the source table value and scope; it is not a site, reserve/resource estimate, production record, or proof of current operation."
IBM-IMYB2024-LEASE-AGG-112,official_mining_lease_aggregate,SRC_IBM_INDIAN_MINERALS_YEARBOOK_2024_CONCESSIONS,sector,Public,Public,2024-03-31,True,251,251,83150.059,83150.059,8.38,28.3,False,[],[],[],[],Table 3,40,25,https://ibm.gov.in/writereaddata/files/17690756386971f3b675b8aFINAL_IMYB2024_as_on_21.01.2026.pdf,2026-09-10,5b3208e019f95f8976bdb1e7dd7e7dcebba41af78e149ba162a97c98cc070ded,"[""atomic_minerals"",""coal"",""lignite"",""petroleum"",""natural_gas"",""minor_minerals""]",False,False,excluded_context_only,"[""non_spatial_aggregate"",""provisional_2024_status""]","Preserves the source table value and scope; it is not a site, reserve/resource estimate, production record, or proof of current operation."
IBM-IMYB2024-LEASE-AGG-113,official_mining_lease_aggregate,SRC_IBM_INDIAN_MINERALS_YEARBOOK_2024_CONCESSIONS,sector,Private,Private,2024-03-31,True,2744,2744,210661.4783,210661.4783,91.62,71.7,False,[],[],[],[],Table 3,40,25,https://ibm.gov.in/writereaddata/files/17690756386971f3b675b8aFINAL_IMYB2024_as_on_21.01.2026.pdf,2026-09-10,5b3208e019f95f8976bdb1e7dd7e7dcebba41af78e149ba162a97c98cc070ded,"[""atomic_minerals"",""coal"",""lignite"",""petroleum"",""natural_gas"",""minor_minerals""]",False,False,excluded_context_only,"[""non_spatial_aggregate"",""provisional_2024_status""]","Preserves the source table value and scope; it is not a site, reserve/resource estimate, production record, or proof of current operation."
IBM-IMYB2024-LEASE-AGG-114,official_mining_lease_aggregate,SRC_IBM_INDIAN_MINERALS_YEARBOOK_2024_CONCESSIONS,lease_area_band,0 to 2,0 to 2,2024-03-31,True,337,337,398.3,398.30,,,False,[],[],[],[],Table 4,40,25,https://ibm.gov.in/writereaddata/files/17690756386971f3b675b8aFINAL_IMYB2024_as_on_21.01.2026.pdf,2026-09-10,5b3208e019f95f8976bdb1e7dd7e7dcebba41af78e149ba162a97c98cc070ded,"[""atomic_minerals"",""coal"",""lignite"",""petroleum"",""natural_gas"",""minor_minerals""]",False,False,excluded_context_only,"[""non_spatial_aggregate"",""provisional_2024_status""]","Preserves the source table value and scope; it is not a site, reserve/resource estimate, production record, or proof of current operation."
IBM-IMYB2024-LEASE-AGG-115,official_mining_lease_aggregate,SRC_IBM_INDIAN_MINERALS_YEARBOOK_2024_CONCESSIONS,lease_area_band,>2 to 5,>2 to 5,2024-03-31,True,777,777,2931.42,2931.42,,,False,[],[],[],[],Table 4,40,25,https://ibm.gov.in/writereaddata/files/17690756386971f3b675b8aFINAL_IMYB2024_as_on_21.01.2026.pdf,2026-09-10,5b3208e019f95f8976bdb1e7dd7e7dcebba41af78e149ba162a97c98cc070ded,"[""atomic_minerals"",""coal"",""lignite"",""petroleum"",""natural_gas"",""minor_minerals""]",False,False,excluded_context_only,"[""non_spatial_aggregate"",""provisional_2024_status""]","Preserves the source table value and scope; it is not a site, reserve/resource estimate, production record, or proof of current operation."
IBM-IMYB2024-LEASE-AGG-116,official_mining_lease_aggregate,SRC_IBM_INDIAN_MINERALS_YEARBOOK_2024_CONCESSIONS,lease_area_band,>5 to 10,>5 to 10,2024-03-31,True,392,392,2817.74,2817.74,,,False,[],[],[],[],Table 4,40,25,https://ibm.gov.in/writereaddata/files/17690756386971f3b675b8aFINAL_IMYB2024_as_on_21.01.2026.pdf,2026-09-10,5b3208e019f95f8976bdb1e7dd7e7dcebba41af78e149ba162a97c98cc070ded,"[""atomic_minerals"",""coal"",""lignite"",""petroleum"",""natural_gas"",""minor_minerals""]",False,False,excluded_context_only,"[""non_spatial_aggregate"",""provisional_2024_status""]","Preserves the source table value and scope; it is not a site, reserve/resource estimate, production record, or proof of current operation."
IBM-IMYB2024-LEASE-AGG-117,official_mining_lease_aggregate,SRC_IBM_INDIAN_MINERALS_YEARBOOK_2024_CONCESSIONS,lease_area_band,>10 to 20,>10 to 20,2024-03-31,True,303,303,4400.4,4400.40,,,False,[],[],[],[],Table 4,40,25,https://ibm.gov.in/writereaddata/files/17690756386971f3b675b8aFINAL_IMYB2024_as_on_21.01.2026.pdf,2026-09-10,5b3208e019f95f8976bdb1e7dd7e7dcebba41af78e149ba162a97c98cc070ded,"[""atomic_minerals"",""coal"",""lignite"",""petroleum"",""natural_gas"",""minor_minerals""]",False,False,excluded_context_only,"[""non_spatial_aggregate"",""provisional_2024_status""]","Preserves the source table value and scope; it is not a site, reserve/resource estimate, production record, or proof of current operation."
IBM-IMYB2024-LEASE-AGG-118,official_mining_lease_aggregate,SRC_IBM_INDIAN_MINERALS_YEARBOOK_2024_CONCESSIONS,lease_area_band,>20 to 50,>20 to 50,2024-03-31,True,400,400,12891.16,12891.16,,,False,[],[],[],[],Table 4,40,25,https://ibm.gov.in/writereaddata/files/17690756386971f3b675b8aFINAL_IMYB2024_as_on_21.01.2026.pdf,2026-09-10,5b3208e019f95f8976bdb1e7dd7e7dcebba41af78e149ba162a97c98cc070ded,"[""atomic_minerals"",""coal"",""lignite"",""petroleum"",""natural_gas"",""minor_minerals""]",False,False,excluded_context_only,"[""non_spatial_aggregate"",""provisional_2024_status""]","Preserves the source table value and scope; it is not a site, reserve/resource estimate, production record, or proof of current operation."
IBM-IMYB2024-LEASE-AGG-119,official_mining_lease_aggregate,SRC_IBM_INDIAN_MINERALS_YEARBOOK_2024_CONCESSIONS,lease_area_band,>50 to 100,>50 to 100,2024-03-31,True,223,223,15944.85,15944.85,,,False,[],[],[],[],Table 4,40,25,https://ibm.gov.in/writereaddata/files/17690756386971f3b675b8aFINAL_IMYB2024_as_on_21.01.2026.pdf,2026-09-10,5b3208e019f95f8976bdb1e7dd7e7dcebba41af78e149ba162a97c98cc070ded,"[""atomic_minerals"",""coal"",""lignite"",""petroleum"",""natural_gas"",""minor_minerals""]",False,False,excluded_context_only,"[""non_spatial_aggregate"",""provisional_2024_status""]","Preserves the source table value and scope; it is not a site, reserve/resource estimate, production record, or proof of current operation."
IBM-IMYB2024-LEASE-AGG-120,official_mining_lease_aggregate,SRC_IBM_INDIAN_MINERALS_YEARBOOK_2024_CONCESSIONS,lease_area_band,>100 to 200,>100 to 200,2024-03-31,True,189,189,27245.18,27245.18,,,False,[],[],[],[],Table 4,40,25,https://ibm.gov.in/writereaddata/files/17690756386971f3b675b8aFINAL_IMYB2024_as_on_21.01.2026.pdf,2026-09-10,5b3208e019f95f8976bdb1e7dd7e7dcebba41af78e149ba162a97c98cc070ded,"[""atomic_minerals"",""coal"",""lignite"",""petroleum"",""natural_gas"",""minor_minerals""]",False,False,excluded_context_only,"[""non_spatial_aggregate"",""provisional_2024_status""]","Preserves the source table value and scope; it is not a site, reserve/resource estimate, production record, or proof of current operation."
IBM-IMYB2024-LEASE-AGG-121,official_mining_lease_aggregate,SRC_IBM_INDIAN_MINERALS_YEARBOOK_2024_CONCESSIONS,lease_area_band,>200 to 500,>200 to 500,2024-03-31,True,204,204,65804.03,65804.03,,,False,[],[],[],[],Table 4,40,25,https://ibm.gov.in/writereaddata/files/17690756386971f3b675b8aFINAL_IMYB2024_as_on_21.01.2026.pdf,2026-09-10,5b3208e019f95f8976bdb1e7dd7e7dcebba41af78e149ba162a97c98cc070ded,"[""atomic_minerals"",""coal"",""lignite"",""petroleum"",""natural_gas"",""minor_minerals""]",False,False,excluded_context_only,"[""non_spatial_aggregate"",""provisional_2024_status""]","Preserves the source table value and scope; it is not a site, reserve/resource estimate, production record, or proof of current operation."
IBM-IMYB2024-LEASE-AGG-122,official_mining_lease_aggregate,SRC_IBM_INDIAN_MINERALS_YEARBOOK_2024_CONCESSIONS,lease_area_band,Above 500,Above 500,2024-03-31,True,170,170,161378.45,161378.45,,,False,[],[],[],[],Table 4,40,25,https://ibm.gov.in/writereaddata/files/17690756386971f3b675b8aFINAL_IMYB2024_as_on_21.01.2026.pdf,2026-09-10,5b3208e019f95f8976bdb1e7dd7e7dcebba41af78e149ba162a97c98cc070ded,"[""atomic_minerals"",""coal"",""lignite"",""petroleum"",""natural_gas"",""minor_minerals""]",False,False,excluded_context_only,"[""non_spatial_aggregate"",""provisional_2024_status""]","Preserves the source table value and scope; it is not a site, reserve/resource estimate, production record, or proof of current operation."
IBM-IMYB2024-LEASE-AGG-123,official_mining_lease_aggregate,SRC_IBM_INDIAN_MINERALS_YEARBOOK_2024_CONCESSIONS,lease_area_band,Total,Total,2024-03-31,True,2995,2995,293811.54,293811.54,,,True,[],[],[],[],Table 4,40,25,https://ibm.gov.in/writereaddata/files/17690756386971f3b675b8aFINAL_IMYB2024_as_on_21.01.2026.pdf,2026-09-10,5b3208e019f95f8976bdb1e7dd7e7dcebba41af78e149ba162a97c98cc070ded,"[""atomic_minerals"",""coal"",""lignite"",""petroleum"",""natural_gas"",""minor_minerals""]",False,False,excluded_context_only,"[""non_spatial_aggregate"",""provisional_2024_status""]","Preserves the source table value and scope; it is not a site, reserve/resource estimate, production record, or proof of current operation."
