record_id,material_name,known_evidence_records_raw,unique_positive_h3_cells,positive_h3_r3_groups,positive_sentinel_complete_cells,positive_sentinel_complete_rate,background_cells_sampled,background_sentinel_complete_rate,spatial_cv_folds,oof_positive_rows,oof_background_rows,baseline_roc_auc,sentinel2_roc_auc,delta_roc_auc,delta_roc_auc_group_bootstrap_ci95_low,delta_roc_auc_group_bootstrap_ci95_high,baseline_average_precision,sentinel2_average_precision,delta_average_precision,baseline_recall_at_background_top5pct,sentinel2_recall_at_background_top5pct,delta_recall_at_background_top5pct,baseline_brier_score,sentinel2_brier_score,folds_with_positive_auc_gain,folds_with_negative_auc_gain,minimum_test_positive_to_training_positive_km,admission_gate_result,sentinel2_feature_admission_decision,decision_reason,production_scoring_status,candidate_scores_recomputed,experiment_version,background_interpretation,baseline_features_json,sentinel2_features_json
S2-ABL-ANTIMONY,Antimony,1,1,1,1,1.00000000,0,,0,0,0,,,,,,,,,,,,,,0,0,,False,not_evaluated_low_support,fewer_than_10_unique_positive_h3_cells,not_admitted_shadow_evaluation_only,False,sentinel2-spatial-ablation-v0.1,Pseudo-absence cells are not confirmed barren and metrics do not estimate discovery probability.,"[""elevation_m"",""slope_degrees_approx"",""local_relief_m_approx"",""temperature_mean_c_rolling_12m"",""precipitation_total_mm_rolling_12m"",""relative_humidity_mean_pct_rolling_12m"",""wind_speed_2m_mean_m_s_rolling_12m"",""fold_safe_log1p_distance_to_training_positive_km"",""fold_safe_log1p_training_positive_count_100km"",""fold_safe_training_positive_geology_affinity""]","[""annual_bare_b02_reflectance_median"",""annual_bare_b03_reflectance_median"",""annual_bare_b04_reflectance_median"",""annual_bare_b08_reflectance_median"",""annual_bare_b11_reflectance_median"",""annual_bare_b12_reflectance_median"",""annual_bare_ndvi_median"",""annual_bare_ndmi_median"",""annual_bare_bsi_median"",""annual_bare_ndti_median"",""annual_bare_red_blue_ratio_median"",""annual_bare_swir1_swir2_ratio_median"",""dry_clear_land_ndvi_median"",""dry_clear_land_ndmi_median"",""dry_clear_land_bsi_median"",""post_clear_land_ndvi_median"",""post_clear_land_ndmi_median"",""post_clear_land_bsi_median""]"
S2-ABL-BERYLLIUM,Beryllium,0,0,0,0,,0,,0,0,0,,,,,,,,,,,,,,0,0,,False,not_evaluated_low_support,fewer_than_10_unique_positive_h3_cells,not_admitted_shadow_evaluation_only,False,sentinel2-spatial-ablation-v0.1,Pseudo-absence cells are not confirmed barren and metrics do not estimate discovery probability.,"[""elevation_m"",""slope_degrees_approx"",""local_relief_m_approx"",""temperature_mean_c_rolling_12m"",""precipitation_total_mm_rolling_12m"",""relative_humidity_mean_pct_rolling_12m"",""wind_speed_2m_mean_m_s_rolling_12m"",""fold_safe_log1p_distance_to_training_positive_km"",""fold_safe_log1p_training_positive_count_100km"",""fold_safe_training_positive_geology_affinity""]","[""annual_bare_b02_reflectance_median"",""annual_bare_b03_reflectance_median"",""annual_bare_b04_reflectance_median"",""annual_bare_b08_reflectance_median"",""annual_bare_b11_reflectance_median"",""annual_bare_b12_reflectance_median"",""annual_bare_ndvi_median"",""annual_bare_ndmi_median"",""annual_bare_bsi_median"",""annual_bare_ndti_median"",""annual_bare_red_blue_ratio_median"",""annual_bare_swir1_swir2_ratio_median"",""dry_clear_land_ndvi_median"",""dry_clear_land_ndmi_median"",""dry_clear_land_bsi_median"",""post_clear_land_ndvi_median"",""post_clear_land_ndmi_median"",""post_clear_land_bsi_median""]"
S2-ABL-BISMUTH,Bismuth,0,0,0,0,,0,,0,0,0,,,,,,,,,,,,,,0,0,,False,not_evaluated_low_support,fewer_than_10_unique_positive_h3_cells,not_admitted_shadow_evaluation_only,False,sentinel2-spatial-ablation-v0.1,Pseudo-absence cells are not confirmed barren and metrics do not estimate discovery probability.,"[""elevation_m"",""slope_degrees_approx"",""local_relief_m_approx"",""temperature_mean_c_rolling_12m"",""precipitation_total_mm_rolling_12m"",""relative_humidity_mean_pct_rolling_12m"",""wind_speed_2m_mean_m_s_rolling_12m"",""fold_safe_log1p_distance_to_training_positive_km"",""fold_safe_log1p_training_positive_count_100km"",""fold_safe_training_positive_geology_affinity""]","[""annual_bare_b02_reflectance_median"",""annual_bare_b03_reflectance_median"",""annual_bare_b04_reflectance_median"",""annual_bare_b08_reflectance_median"",""annual_bare_b11_reflectance_median"",""annual_bare_b12_reflectance_median"",""annual_bare_ndvi_median"",""annual_bare_ndmi_median"",""annual_bare_bsi_median"",""annual_bare_ndti_median"",""annual_bare_red_blue_ratio_median"",""annual_bare_swir1_swir2_ratio_median"",""dry_clear_land_ndvi_median"",""dry_clear_land_ndmi_median"",""dry_clear_land_bsi_median"",""post_clear_land_ndvi_median"",""post_clear_land_ndmi_median"",""post_clear_land_bsi_median""]"
S2-ABL-COBALT,Cobalt,4,4,4,4,1.00000000,0,,0,0,0,,,,,,,,,,,,,,0,0,,False,not_evaluated_low_support,fewer_than_10_unique_positive_h3_cells,not_admitted_shadow_evaluation_only,False,sentinel2-spatial-ablation-v0.1,Pseudo-absence cells are not confirmed barren and metrics do not estimate discovery probability.,"[""elevation_m"",""slope_degrees_approx"",""local_relief_m_approx"",""temperature_mean_c_rolling_12m"",""precipitation_total_mm_rolling_12m"",""relative_humidity_mean_pct_rolling_12m"",""wind_speed_2m_mean_m_s_rolling_12m"",""fold_safe_log1p_distance_to_training_positive_km"",""fold_safe_log1p_training_positive_count_100km"",""fold_safe_training_positive_geology_affinity""]","[""annual_bare_b02_reflectance_median"",""annual_bare_b03_reflectance_median"",""annual_bare_b04_reflectance_median"",""annual_bare_b08_reflectance_median"",""annual_bare_b11_reflectance_median"",""annual_bare_b12_reflectance_median"",""annual_bare_ndvi_median"",""annual_bare_ndmi_median"",""annual_bare_bsi_median"",""annual_bare_ndti_median"",""annual_bare_red_blue_ratio_median"",""annual_bare_swir1_swir2_ratio_median"",""dry_clear_land_ndvi_median"",""dry_clear_land_ndmi_median"",""dry_clear_land_bsi_median"",""post_clear_land_ndvi_median"",""post_clear_land_ndmi_median"",""post_clear_land_bsi_median""]"
S2-ABL-COPPER,Copper,174,136,60,136,1.00000000,4080,0.96617647,5,136,4080,0.65911368,0.66634047,0.00722679,-0.02122659,0.03277646,0.06860044,0.06778195,-0.00081849,0.11764706,0.12500000,0.00735294,0.08771359,0.08880822,2,3,50.37231942,False,not_admitted_inconclusive_or_below_threshold,one_or_more_predefined_admission_gates_failed,not_admitted_shadow_evaluation_only,False,sentinel2-spatial-ablation-v0.1,Pseudo-absence cells are not confirmed barren and metrics do not estimate discovery probability.,"[""elevation_m"",""slope_degrees_approx"",""local_relief_m_approx"",""temperature_mean_c_rolling_12m"",""precipitation_total_mm_rolling_12m"",""relative_humidity_mean_pct_rolling_12m"",""wind_speed_2m_mean_m_s_rolling_12m"",""fold_safe_log1p_distance_to_training_positive_km"",""fold_safe_log1p_training_positive_count_100km"",""fold_safe_training_positive_geology_affinity""]","[""annual_bare_b02_reflectance_median"",""annual_bare_b03_reflectance_median"",""annual_bare_b04_reflectance_median"",""annual_bare_b08_reflectance_median"",""annual_bare_b11_reflectance_median"",""annual_bare_b12_reflectance_median"",""annual_bare_ndvi_median"",""annual_bare_ndmi_median"",""annual_bare_bsi_median"",""annual_bare_ndti_median"",""annual_bare_red_blue_ratio_median"",""annual_bare_swir1_swir2_ratio_median"",""dry_clear_land_ndvi_median"",""dry_clear_land_ndmi_median"",""dry_clear_land_bsi_median"",""post_clear_land_ndvi_median"",""post_clear_land_ndmi_median"",""post_clear_land_bsi_median""]"
S2-ABL-GALLIUM,Gallium,1,1,1,1,1.00000000,0,,0,0,0,,,,,,,,,,,,,,0,0,,False,not_evaluated_low_support,fewer_than_10_unique_positive_h3_cells,not_admitted_shadow_evaluation_only,False,sentinel2-spatial-ablation-v0.1,Pseudo-absence cells are not confirmed barren and metrics do not estimate discovery probability.,"[""elevation_m"",""slope_degrees_approx"",""local_relief_m_approx"",""temperature_mean_c_rolling_12m"",""precipitation_total_mm_rolling_12m"",""relative_humidity_mean_pct_rolling_12m"",""wind_speed_2m_mean_m_s_rolling_12m"",""fold_safe_log1p_distance_to_training_positive_km"",""fold_safe_log1p_training_positive_count_100km"",""fold_safe_training_positive_geology_affinity""]","[""annual_bare_b02_reflectance_median"",""annual_bare_b03_reflectance_median"",""annual_bare_b04_reflectance_median"",""annual_bare_b08_reflectance_median"",""annual_bare_b11_reflectance_median"",""annual_bare_b12_reflectance_median"",""annual_bare_ndvi_median"",""annual_bare_ndmi_median"",""annual_bare_bsi_median"",""annual_bare_ndti_median"",""annual_bare_red_blue_ratio_median"",""annual_bare_swir1_swir2_ratio_median"",""dry_clear_land_ndvi_median"",""dry_clear_land_ndmi_median"",""dry_clear_land_bsi_median"",""post_clear_land_ndvi_median"",""post_clear_land_ndmi_median"",""post_clear_land_bsi_median""]"
S2-ABL-GERMANIUM,Germanium,0,0,0,0,,0,,0,0,0,,,,,,,,,,,,,,0,0,,False,not_evaluated_low_support,fewer_than_10_unique_positive_h3_cells,not_admitted_shadow_evaluation_only,False,sentinel2-spatial-ablation-v0.1,Pseudo-absence cells are not confirmed barren and metrics do not estimate discovery probability.,"[""elevation_m"",""slope_degrees_approx"",""local_relief_m_approx"",""temperature_mean_c_rolling_12m"",""precipitation_total_mm_rolling_12m"",""relative_humidity_mean_pct_rolling_12m"",""wind_speed_2m_mean_m_s_rolling_12m"",""fold_safe_log1p_distance_to_training_positive_km"",""fold_safe_log1p_training_positive_count_100km"",""fold_safe_training_positive_geology_affinity""]","[""annual_bare_b02_reflectance_median"",""annual_bare_b03_reflectance_median"",""annual_bare_b04_reflectance_median"",""annual_bare_b08_reflectance_median"",""annual_bare_b11_reflectance_median"",""annual_bare_b12_reflectance_median"",""annual_bare_ndvi_median"",""annual_bare_ndmi_median"",""annual_bare_bsi_median"",""annual_bare_ndti_median"",""annual_bare_red_blue_ratio_median"",""annual_bare_swir1_swir2_ratio_median"",""dry_clear_land_ndvi_median"",""dry_clear_land_ndmi_median"",""dry_clear_land_bsi_median"",""post_clear_land_ndvi_median"",""post_clear_land_ndmi_median"",""post_clear_land_bsi_median""]"
S2-ABL-GRAPHITE,Graphite,15,15,12,15,1.00000000,1000,0.96900000,5,15,1000,0.79200000,0.78466667,-0.00733333,-0.10395057,0.09548707,0.13327860,0.13330153,0.00002293,0.60000000,0.60000000,0.00000000,0.07447133,0.06928845,2,3,52.83797544,False,not_admitted_performance_degraded,paired_out_of_fold_roc_auc_decreased,not_admitted_shadow_evaluation_only,False,sentinel2-spatial-ablation-v0.1,Pseudo-absence cells are not confirmed barren and metrics do not estimate discovery probability.,"[""elevation_m"",""slope_degrees_approx"",""local_relief_m_approx"",""temperature_mean_c_rolling_12m"",""precipitation_total_mm_rolling_12m"",""relative_humidity_mean_pct_rolling_12m"",""wind_speed_2m_mean_m_s_rolling_12m"",""fold_safe_log1p_distance_to_training_positive_km"",""fold_safe_log1p_training_positive_count_100km"",""fold_safe_training_positive_geology_affinity""]","[""annual_bare_b02_reflectance_median"",""annual_bare_b03_reflectance_median"",""annual_bare_b04_reflectance_median"",""annual_bare_b08_reflectance_median"",""annual_bare_b11_reflectance_median"",""annual_bare_b12_reflectance_median"",""annual_bare_ndvi_median"",""annual_bare_ndmi_median"",""annual_bare_bsi_median"",""annual_bare_ndti_median"",""annual_bare_red_blue_ratio_median"",""annual_bare_swir1_swir2_ratio_median"",""dry_clear_land_ndvi_median"",""dry_clear_land_ndmi_median"",""dry_clear_land_bsi_median"",""post_clear_land_ndvi_median"",""post_clear_land_ndmi_median"",""post_clear_land_bsi_median""]"
S2-ABL-HAFNIUM,Hafnium,0,0,0,0,,0,,0,0,0,,,,,,,,,,,,,,0,0,,False,not_evaluated_low_support,fewer_than_10_unique_positive_h3_cells,not_admitted_shadow_evaluation_only,False,sentinel2-spatial-ablation-v0.1,Pseudo-absence cells are not confirmed barren and metrics do not estimate discovery probability.,"[""elevation_m"",""slope_degrees_approx"",""local_relief_m_approx"",""temperature_mean_c_rolling_12m"",""precipitation_total_mm_rolling_12m"",""relative_humidity_mean_pct_rolling_12m"",""wind_speed_2m_mean_m_s_rolling_12m"",""fold_safe_log1p_distance_to_training_positive_km"",""fold_safe_log1p_training_positive_count_100km"",""fold_safe_training_positive_geology_affinity""]","[""annual_bare_b02_reflectance_median"",""annual_bare_b03_reflectance_median"",""annual_bare_b04_reflectance_median"",""annual_bare_b08_reflectance_median"",""annual_bare_b11_reflectance_median"",""annual_bare_b12_reflectance_median"",""annual_bare_ndvi_median"",""annual_bare_ndmi_median"",""annual_bare_bsi_median"",""annual_bare_ndti_median"",""annual_bare_red_blue_ratio_median"",""annual_bare_swir1_swir2_ratio_median"",""dry_clear_land_ndvi_median"",""dry_clear_land_ndmi_median"",""dry_clear_land_bsi_median"",""post_clear_land_ndvi_median"",""post_clear_land_ndmi_median"",""post_clear_land_bsi_median""]"
S2-ABL-INDIUM,Indium,0,0,0,0,,0,,0,0,0,,,,,,,,,,,,,,0,0,,False,not_evaluated_low_support,fewer_than_10_unique_positive_h3_cells,not_admitted_shadow_evaluation_only,False,sentinel2-spatial-ablation-v0.1,Pseudo-absence cells are not confirmed barren and metrics do not estimate discovery probability.,"[""elevation_m"",""slope_degrees_approx"",""local_relief_m_approx"",""temperature_mean_c_rolling_12m"",""precipitation_total_mm_rolling_12m"",""relative_humidity_mean_pct_rolling_12m"",""wind_speed_2m_mean_m_s_rolling_12m"",""fold_safe_log1p_distance_to_training_positive_km"",""fold_safe_log1p_training_positive_count_100km"",""fold_safe_training_positive_geology_affinity""]","[""annual_bare_b02_reflectance_median"",""annual_bare_b03_reflectance_median"",""annual_bare_b04_reflectance_median"",""annual_bare_b08_reflectance_median"",""annual_bare_b11_reflectance_median"",""annual_bare_b12_reflectance_median"",""annual_bare_ndvi_median"",""annual_bare_ndmi_median"",""annual_bare_bsi_median"",""annual_bare_ndti_median"",""annual_bare_red_blue_ratio_median"",""annual_bare_swir1_swir2_ratio_median"",""dry_clear_land_ndvi_median"",""dry_clear_land_ndmi_median"",""dry_clear_land_bsi_median"",""post_clear_land_ndvi_median"",""post_clear_land_ndmi_median"",""post_clear_land_bsi_median""]"
S2-ABL-LITHIUM,Lithium,1,1,1,1,1.00000000,0,,0,0,0,,,,,,,,,,,,,,0,0,,False,not_evaluated_low_support,fewer_than_10_unique_positive_h3_cells,not_admitted_shadow_evaluation_only,False,sentinel2-spatial-ablation-v0.1,Pseudo-absence cells are not confirmed barren and metrics do not estimate discovery probability.,"[""elevation_m"",""slope_degrees_approx"",""local_relief_m_approx"",""temperature_mean_c_rolling_12m"",""precipitation_total_mm_rolling_12m"",""relative_humidity_mean_pct_rolling_12m"",""wind_speed_2m_mean_m_s_rolling_12m"",""fold_safe_log1p_distance_to_training_positive_km"",""fold_safe_log1p_training_positive_count_100km"",""fold_safe_training_positive_geology_affinity""]","[""annual_bare_b02_reflectance_median"",""annual_bare_b03_reflectance_median"",""annual_bare_b04_reflectance_median"",""annual_bare_b08_reflectance_median"",""annual_bare_b11_reflectance_median"",""annual_bare_b12_reflectance_median"",""annual_bare_ndvi_median"",""annual_bare_ndmi_median"",""annual_bare_bsi_median"",""annual_bare_ndti_median"",""annual_bare_red_blue_ratio_median"",""annual_bare_swir1_swir2_ratio_median"",""dry_clear_land_ndvi_median"",""dry_clear_land_ndmi_median"",""dry_clear_land_bsi_median"",""post_clear_land_ndvi_median"",""post_clear_land_ndmi_median"",""post_clear_land_bsi_median""]"
S2-ABL-MOLYBDENUM,Molybdenum,4,4,4,4,1.00000000,0,,0,0,0,,,,,,,,,,,,,,0,0,,False,not_evaluated_low_support,fewer_than_10_unique_positive_h3_cells,not_admitted_shadow_evaluation_only,False,sentinel2-spatial-ablation-v0.1,Pseudo-absence cells are not confirmed barren and metrics do not estimate discovery probability.,"[""elevation_m"",""slope_degrees_approx"",""local_relief_m_approx"",""temperature_mean_c_rolling_12m"",""precipitation_total_mm_rolling_12m"",""relative_humidity_mean_pct_rolling_12m"",""wind_speed_2m_mean_m_s_rolling_12m"",""fold_safe_log1p_distance_to_training_positive_km"",""fold_safe_log1p_training_positive_count_100km"",""fold_safe_training_positive_geology_affinity""]","[""annual_bare_b02_reflectance_median"",""annual_bare_b03_reflectance_median"",""annual_bare_b04_reflectance_median"",""annual_bare_b08_reflectance_median"",""annual_bare_b11_reflectance_median"",""annual_bare_b12_reflectance_median"",""annual_bare_ndvi_median"",""annual_bare_ndmi_median"",""annual_bare_bsi_median"",""annual_bare_ndti_median"",""annual_bare_red_blue_ratio_median"",""annual_bare_swir1_swir2_ratio_median"",""dry_clear_land_ndvi_median"",""dry_clear_land_ndmi_median"",""dry_clear_land_bsi_median"",""post_clear_land_ndvi_median"",""post_clear_land_ndmi_median"",""post_clear_land_bsi_median""]"
S2-ABL-NIOBIUM,Niobium,0,0,0,0,,0,,0,0,0,,,,,,,,,,,,,,0,0,,False,not_evaluated_low_support,fewer_than_10_unique_positive_h3_cells,not_admitted_shadow_evaluation_only,False,sentinel2-spatial-ablation-v0.1,Pseudo-absence cells are not confirmed barren and metrics do not estimate discovery probability.,"[""elevation_m"",""slope_degrees_approx"",""local_relief_m_approx"",""temperature_mean_c_rolling_12m"",""precipitation_total_mm_rolling_12m"",""relative_humidity_mean_pct_rolling_12m"",""wind_speed_2m_mean_m_s_rolling_12m"",""fold_safe_log1p_distance_to_training_positive_km"",""fold_safe_log1p_training_positive_count_100km"",""fold_safe_training_positive_geology_affinity""]","[""annual_bare_b02_reflectance_median"",""annual_bare_b03_reflectance_median"",""annual_bare_b04_reflectance_median"",""annual_bare_b08_reflectance_median"",""annual_bare_b11_reflectance_median"",""annual_bare_b12_reflectance_median"",""annual_bare_ndvi_median"",""annual_bare_ndmi_median"",""annual_bare_bsi_median"",""annual_bare_ndti_median"",""annual_bare_red_blue_ratio_median"",""annual_bare_swir1_swir2_ratio_median"",""dry_clear_land_ndvi_median"",""dry_clear_land_ndmi_median"",""dry_clear_land_bsi_median"",""post_clear_land_ndvi_median"",""post_clear_land_ndmi_median"",""post_clear_land_bsi_median""]"
S2-ABL-NICKEL,Nickel,7,7,6,7,1.00000000,0,,0,0,0,,,,,,,,,,,,,,0,0,,False,not_evaluated_low_support,fewer_than_10_unique_positive_h3_cells,not_admitted_shadow_evaluation_only,False,sentinel2-spatial-ablation-v0.1,Pseudo-absence cells are not confirmed barren and metrics do not estimate discovery probability.,"[""elevation_m"",""slope_degrees_approx"",""local_relief_m_approx"",""temperature_mean_c_rolling_12m"",""precipitation_total_mm_rolling_12m"",""relative_humidity_mean_pct_rolling_12m"",""wind_speed_2m_mean_m_s_rolling_12m"",""fold_safe_log1p_distance_to_training_positive_km"",""fold_safe_log1p_training_positive_count_100km"",""fold_safe_training_positive_geology_affinity""]","[""annual_bare_b02_reflectance_median"",""annual_bare_b03_reflectance_median"",""annual_bare_b04_reflectance_median"",""annual_bare_b08_reflectance_median"",""annual_bare_b11_reflectance_median"",""annual_bare_b12_reflectance_median"",""annual_bare_ndvi_median"",""annual_bare_ndmi_median"",""annual_bare_bsi_median"",""annual_bare_ndti_median"",""annual_bare_red_blue_ratio_median"",""annual_bare_swir1_swir2_ratio_median"",""dry_clear_land_ndvi_median"",""dry_clear_land_ndmi_median"",""dry_clear_land_bsi_median"",""post_clear_land_ndvi_median"",""post_clear_land_ndmi_median"",""post_clear_land_bsi_median""]"
S2-ABL-PLATINUM-GROUP-ELEMENTS,Platinum-group elements,8,8,8,8,1.00000000,0,,0,0,0,,,,,,,,,,,,,,0,0,,False,not_evaluated_low_support,fewer_than_10_unique_positive_h3_cells,not_admitted_shadow_evaluation_only,False,sentinel2-spatial-ablation-v0.1,Pseudo-absence cells are not confirmed barren and metrics do not estimate discovery probability.,"[""elevation_m"",""slope_degrees_approx"",""local_relief_m_approx"",""temperature_mean_c_rolling_12m"",""precipitation_total_mm_rolling_12m"",""relative_humidity_mean_pct_rolling_12m"",""wind_speed_2m_mean_m_s_rolling_12m"",""fold_safe_log1p_distance_to_training_positive_km"",""fold_safe_log1p_training_positive_count_100km"",""fold_safe_training_positive_geology_affinity""]","[""annual_bare_b02_reflectance_median"",""annual_bare_b03_reflectance_median"",""annual_bare_b04_reflectance_median"",""annual_bare_b08_reflectance_median"",""annual_bare_b11_reflectance_median"",""annual_bare_b12_reflectance_median"",""annual_bare_ndvi_median"",""annual_bare_ndmi_median"",""annual_bare_bsi_median"",""annual_bare_ndti_median"",""annual_bare_red_blue_ratio_median"",""annual_bare_swir1_swir2_ratio_median"",""dry_clear_land_ndvi_median"",""dry_clear_land_ndmi_median"",""dry_clear_land_bsi_median"",""post_clear_land_ndvi_median"",""post_clear_land_ndmi_median"",""post_clear_land_bsi_median""]"
S2-ABL-PHOSPHORUS,Phosphorus,85,70,38,69,0.98571429,2100,0.97238095,5,70,2100,0.73429252,0.64467347,-0.08961905,-0.16432387,-0.00267614,0.07620240,0.06463530,-0.01156710,0.14285714,0.14285714,0.00000000,0.09971148,0.09939142,1,4,56.61463862,False,not_admitted_performance_degraded,paired_out_of_fold_roc_auc_decreased,not_admitted_shadow_evaluation_only,False,sentinel2-spatial-ablation-v0.1,Pseudo-absence cells are not confirmed barren and metrics do not estimate discovery probability.,"[""elevation_m"",""slope_degrees_approx"",""local_relief_m_approx"",""temperature_mean_c_rolling_12m"",""precipitation_total_mm_rolling_12m"",""relative_humidity_mean_pct_rolling_12m"",""wind_speed_2m_mean_m_s_rolling_12m"",""fold_safe_log1p_distance_to_training_positive_km"",""fold_safe_log1p_training_positive_count_100km"",""fold_safe_training_positive_geology_affinity""]","[""annual_bare_b02_reflectance_median"",""annual_bare_b03_reflectance_median"",""annual_bare_b04_reflectance_median"",""annual_bare_b08_reflectance_median"",""annual_bare_b11_reflectance_median"",""annual_bare_b12_reflectance_median"",""annual_bare_ndvi_median"",""annual_bare_ndmi_median"",""annual_bare_bsi_median"",""annual_bare_ndti_median"",""annual_bare_red_blue_ratio_median"",""annual_bare_swir1_swir2_ratio_median"",""dry_clear_land_ndvi_median"",""dry_clear_land_ndmi_median"",""dry_clear_land_bsi_median"",""post_clear_land_ndvi_median"",""post_clear_land_ndmi_median"",""post_clear_land_bsi_median""]"
S2-ABL-POTASH,Potash,0,0,0,0,,0,,0,0,0,,,,,,,,,,,,,,0,0,,False,not_evaluated_low_support,fewer_than_10_unique_positive_h3_cells,not_admitted_shadow_evaluation_only,False,sentinel2-spatial-ablation-v0.1,Pseudo-absence cells are not confirmed barren and metrics do not estimate discovery probability.,"[""elevation_m"",""slope_degrees_approx"",""local_relief_m_approx"",""temperature_mean_c_rolling_12m"",""precipitation_total_mm_rolling_12m"",""relative_humidity_mean_pct_rolling_12m"",""wind_speed_2m_mean_m_s_rolling_12m"",""fold_safe_log1p_distance_to_training_positive_km"",""fold_safe_log1p_training_positive_count_100km"",""fold_safe_training_positive_geology_affinity""]","[""annual_bare_b02_reflectance_median"",""annual_bare_b03_reflectance_median"",""annual_bare_b04_reflectance_median"",""annual_bare_b08_reflectance_median"",""annual_bare_b11_reflectance_median"",""annual_bare_b12_reflectance_median"",""annual_bare_ndvi_median"",""annual_bare_ndmi_median"",""annual_bare_bsi_median"",""annual_bare_ndti_median"",""annual_bare_red_blue_ratio_median"",""annual_bare_swir1_swir2_ratio_median"",""dry_clear_land_ndvi_median"",""dry_clear_land_ndmi_median"",""dry_clear_land_bsi_median"",""post_clear_land_ndvi_median"",""post_clear_land_ndmi_median"",""post_clear_land_bsi_median""]"
S2-ABL-RARE-EARTH-ELEMENTS,Rare-earth elements,9,5,5,5,1.00000000,0,,0,0,0,,,,,,,,,,,,,,0,0,,False,not_evaluated_low_support,fewer_than_10_unique_positive_h3_cells,not_admitted_shadow_evaluation_only,False,sentinel2-spatial-ablation-v0.1,Pseudo-absence cells are not confirmed barren and metrics do not estimate discovery probability.,"[""elevation_m"",""slope_degrees_approx"",""local_relief_m_approx"",""temperature_mean_c_rolling_12m"",""precipitation_total_mm_rolling_12m"",""relative_humidity_mean_pct_rolling_12m"",""wind_speed_2m_mean_m_s_rolling_12m"",""fold_safe_log1p_distance_to_training_positive_km"",""fold_safe_log1p_training_positive_count_100km"",""fold_safe_training_positive_geology_affinity""]","[""annual_bare_b02_reflectance_median"",""annual_bare_b03_reflectance_median"",""annual_bare_b04_reflectance_median"",""annual_bare_b08_reflectance_median"",""annual_bare_b11_reflectance_median"",""annual_bare_b12_reflectance_median"",""annual_bare_ndvi_median"",""annual_bare_ndmi_median"",""annual_bare_bsi_median"",""annual_bare_ndti_median"",""annual_bare_red_blue_ratio_median"",""annual_bare_swir1_swir2_ratio_median"",""dry_clear_land_ndvi_median"",""dry_clear_land_ndmi_median"",""dry_clear_land_bsi_median"",""post_clear_land_ndvi_median"",""post_clear_land_ndmi_median"",""post_clear_land_bsi_median""]"
S2-ABL-RHENIUM,Rhenium,0,0,0,0,,0,,0,0,0,,,,,,,,,,,,,,0,0,,False,not_evaluated_low_support,fewer_than_10_unique_positive_h3_cells,not_admitted_shadow_evaluation_only,False,sentinel2-spatial-ablation-v0.1,Pseudo-absence cells are not confirmed barren and metrics do not estimate discovery probability.,"[""elevation_m"",""slope_degrees_approx"",""local_relief_m_approx"",""temperature_mean_c_rolling_12m"",""precipitation_total_mm_rolling_12m"",""relative_humidity_mean_pct_rolling_12m"",""wind_speed_2m_mean_m_s_rolling_12m"",""fold_safe_log1p_distance_to_training_positive_km"",""fold_safe_log1p_training_positive_count_100km"",""fold_safe_training_positive_geology_affinity""]","[""annual_bare_b02_reflectance_median"",""annual_bare_b03_reflectance_median"",""annual_bare_b04_reflectance_median"",""annual_bare_b08_reflectance_median"",""annual_bare_b11_reflectance_median"",""annual_bare_b12_reflectance_median"",""annual_bare_ndvi_median"",""annual_bare_ndmi_median"",""annual_bare_bsi_median"",""annual_bare_ndti_median"",""annual_bare_red_blue_ratio_median"",""annual_bare_swir1_swir2_ratio_median"",""dry_clear_land_ndvi_median"",""dry_clear_land_ndmi_median"",""dry_clear_land_bsi_median"",""post_clear_land_ndvi_median"",""post_clear_land_ndmi_median"",""post_clear_land_bsi_median""]"
S2-ABL-SILICON,Silicon,110,93,50,90,0.96774194,2790,0.96702509,5,93,2790,0.74864146,0.73455891,-0.01408255,-0.06245787,0.03156848,0.07827538,0.07279979,-0.00547558,0.19354839,0.10752688,-0.08602151,0.10724628,0.10288296,1,4,52.05613767,False,not_admitted_performance_degraded,paired_out_of_fold_roc_auc_decreased,not_admitted_shadow_evaluation_only,False,sentinel2-spatial-ablation-v0.1,Pseudo-absence cells are not confirmed barren and metrics do not estimate discovery probability.,"[""elevation_m"",""slope_degrees_approx"",""local_relief_m_approx"",""temperature_mean_c_rolling_12m"",""precipitation_total_mm_rolling_12m"",""relative_humidity_mean_pct_rolling_12m"",""wind_speed_2m_mean_m_s_rolling_12m"",""fold_safe_log1p_distance_to_training_positive_km"",""fold_safe_log1p_training_positive_count_100km"",""fold_safe_training_positive_geology_affinity""]","[""annual_bare_b02_reflectance_median"",""annual_bare_b03_reflectance_median"",""annual_bare_b04_reflectance_median"",""annual_bare_b08_reflectance_median"",""annual_bare_b11_reflectance_median"",""annual_bare_b12_reflectance_median"",""annual_bare_ndvi_median"",""annual_bare_ndmi_median"",""annual_bare_bsi_median"",""annual_bare_ndti_median"",""annual_bare_red_blue_ratio_median"",""annual_bare_swir1_swir2_ratio_median"",""dry_clear_land_ndvi_median"",""dry_clear_land_ndmi_median"",""dry_clear_land_bsi_median"",""post_clear_land_ndvi_median"",""post_clear_land_ndmi_median"",""post_clear_land_bsi_median""]"
S2-ABL-STRONTIUM,Strontium,0,0,0,0,,0,,0,0,0,,,,,,,,,,,,,,0,0,,False,not_evaluated_low_support,fewer_than_10_unique_positive_h3_cells,not_admitted_shadow_evaluation_only,False,sentinel2-spatial-ablation-v0.1,Pseudo-absence cells are not confirmed barren and metrics do not estimate discovery probability.,"[""elevation_m"",""slope_degrees_approx"",""local_relief_m_approx"",""temperature_mean_c_rolling_12m"",""precipitation_total_mm_rolling_12m"",""relative_humidity_mean_pct_rolling_12m"",""wind_speed_2m_mean_m_s_rolling_12m"",""fold_safe_log1p_distance_to_training_positive_km"",""fold_safe_log1p_training_positive_count_100km"",""fold_safe_training_positive_geology_affinity""]","[""annual_bare_b02_reflectance_median"",""annual_bare_b03_reflectance_median"",""annual_bare_b04_reflectance_median"",""annual_bare_b08_reflectance_median"",""annual_bare_b11_reflectance_median"",""annual_bare_b12_reflectance_median"",""annual_bare_ndvi_median"",""annual_bare_ndmi_median"",""annual_bare_bsi_median"",""annual_bare_ndti_median"",""annual_bare_red_blue_ratio_median"",""annual_bare_swir1_swir2_ratio_median"",""dry_clear_land_ndvi_median"",""dry_clear_land_ndmi_median"",""dry_clear_land_bsi_median"",""post_clear_land_ndvi_median"",""post_clear_land_ndmi_median"",""post_clear_land_bsi_median""]"
S2-ABL-TANTALUM,Tantalum,0,0,0,0,,0,,0,0,0,,,,,,,,,,,,,,0,0,,False,not_evaluated_low_support,fewer_than_10_unique_positive_h3_cells,not_admitted_shadow_evaluation_only,False,sentinel2-spatial-ablation-v0.1,Pseudo-absence cells are not confirmed barren and metrics do not estimate discovery probability.,"[""elevation_m"",""slope_degrees_approx"",""local_relief_m_approx"",""temperature_mean_c_rolling_12m"",""precipitation_total_mm_rolling_12m"",""relative_humidity_mean_pct_rolling_12m"",""wind_speed_2m_mean_m_s_rolling_12m"",""fold_safe_log1p_distance_to_training_positive_km"",""fold_safe_log1p_training_positive_count_100km"",""fold_safe_training_positive_geology_affinity""]","[""annual_bare_b02_reflectance_median"",""annual_bare_b03_reflectance_median"",""annual_bare_b04_reflectance_median"",""annual_bare_b08_reflectance_median"",""annual_bare_b11_reflectance_median"",""annual_bare_b12_reflectance_median"",""annual_bare_ndvi_median"",""annual_bare_ndmi_median"",""annual_bare_bsi_median"",""annual_bare_ndti_median"",""annual_bare_red_blue_ratio_median"",""annual_bare_swir1_swir2_ratio_median"",""dry_clear_land_ndvi_median"",""dry_clear_land_ndmi_median"",""dry_clear_land_bsi_median"",""post_clear_land_ndvi_median"",""post_clear_land_ndmi_median"",""post_clear_land_bsi_median""]"
S2-ABL-TELLURIUM,Tellurium,0,0,0,0,,0,,0,0,0,,,,,,,,,,,,,,0,0,,False,not_evaluated_low_support,fewer_than_10_unique_positive_h3_cells,not_admitted_shadow_evaluation_only,False,sentinel2-spatial-ablation-v0.1,Pseudo-absence cells are not confirmed barren and metrics do not estimate discovery probability.,"[""elevation_m"",""slope_degrees_approx"",""local_relief_m_approx"",""temperature_mean_c_rolling_12m"",""precipitation_total_mm_rolling_12m"",""relative_humidity_mean_pct_rolling_12m"",""wind_speed_2m_mean_m_s_rolling_12m"",""fold_safe_log1p_distance_to_training_positive_km"",""fold_safe_log1p_training_positive_count_100km"",""fold_safe_training_positive_geology_affinity""]","[""annual_bare_b02_reflectance_median"",""annual_bare_b03_reflectance_median"",""annual_bare_b04_reflectance_median"",""annual_bare_b08_reflectance_median"",""annual_bare_b11_reflectance_median"",""annual_bare_b12_reflectance_median"",""annual_bare_ndvi_median"",""annual_bare_ndmi_median"",""annual_bare_bsi_median"",""annual_bare_ndti_median"",""annual_bare_red_blue_ratio_median"",""annual_bare_swir1_swir2_ratio_median"",""dry_clear_land_ndvi_median"",""dry_clear_land_ndmi_median"",""dry_clear_land_bsi_median"",""post_clear_land_ndvi_median"",""post_clear_land_ndmi_median"",""post_clear_land_bsi_median""]"
S2-ABL-TIN,Tin,0,0,0,0,,0,,0,0,0,,,,,,,,,,,,,,0,0,,False,not_evaluated_low_support,fewer_than_10_unique_positive_h3_cells,not_admitted_shadow_evaluation_only,False,sentinel2-spatial-ablation-v0.1,Pseudo-absence cells are not confirmed barren and metrics do not estimate discovery probability.,"[""elevation_m"",""slope_degrees_approx"",""local_relief_m_approx"",""temperature_mean_c_rolling_12m"",""precipitation_total_mm_rolling_12m"",""relative_humidity_mean_pct_rolling_12m"",""wind_speed_2m_mean_m_s_rolling_12m"",""fold_safe_log1p_distance_to_training_positive_km"",""fold_safe_log1p_training_positive_count_100km"",""fold_safe_training_positive_geology_affinity""]","[""annual_bare_b02_reflectance_median"",""annual_bare_b03_reflectance_median"",""annual_bare_b04_reflectance_median"",""annual_bare_b08_reflectance_median"",""annual_bare_b11_reflectance_median"",""annual_bare_b12_reflectance_median"",""annual_bare_ndvi_median"",""annual_bare_ndmi_median"",""annual_bare_bsi_median"",""annual_bare_ndti_median"",""annual_bare_red_blue_ratio_median"",""annual_bare_swir1_swir2_ratio_median"",""dry_clear_land_ndvi_median"",""dry_clear_land_ndmi_median"",""dry_clear_land_bsi_median"",""post_clear_land_ndvi_median"",""post_clear_land_ndmi_median"",""post_clear_land_bsi_median""]"
S2-ABL-TITANIUM,Titanium,39,33,27,33,1.00000000,1000,0.96300000,5,33,1000,0.77478788,0.72336364,-0.05142424,-0.11678485,-0.00411977,0.11524884,0.11897193,0.00372309,0.24242424,0.24242424,0.00000000,0.14667932,0.15029255,2,2,75.88025371,False,not_admitted_performance_degraded,paired_out_of_fold_roc_auc_decreased,not_admitted_shadow_evaluation_only,False,sentinel2-spatial-ablation-v0.1,Pseudo-absence cells are not confirmed barren and metrics do not estimate discovery probability.,"[""elevation_m"",""slope_degrees_approx"",""local_relief_m_approx"",""temperature_mean_c_rolling_12m"",""precipitation_total_mm_rolling_12m"",""relative_humidity_mean_pct_rolling_12m"",""wind_speed_2m_mean_m_s_rolling_12m"",""fold_safe_log1p_distance_to_training_positive_km"",""fold_safe_log1p_training_positive_count_100km"",""fold_safe_training_positive_geology_affinity""]","[""annual_bare_b02_reflectance_median"",""annual_bare_b03_reflectance_median"",""annual_bare_b04_reflectance_median"",""annual_bare_b08_reflectance_median"",""annual_bare_b11_reflectance_median"",""annual_bare_b12_reflectance_median"",""annual_bare_ndvi_median"",""annual_bare_ndmi_median"",""annual_bare_bsi_median"",""annual_bare_ndti_median"",""annual_bare_red_blue_ratio_median"",""annual_bare_swir1_swir2_ratio_median"",""dry_clear_land_ndvi_median"",""dry_clear_land_ndmi_median"",""dry_clear_land_bsi_median"",""post_clear_land_ndvi_median"",""post_clear_land_ndmi_median"",""post_clear_land_bsi_median""]"
S2-ABL-TUNGSTEN,Tungsten,3,3,3,3,1.00000000,0,,0,0,0,,,,,,,,,,,,,,0,0,,False,not_evaluated_low_support,fewer_than_10_unique_positive_h3_cells,not_admitted_shadow_evaluation_only,False,sentinel2-spatial-ablation-v0.1,Pseudo-absence cells are not confirmed barren and metrics do not estimate discovery probability.,"[""elevation_m"",""slope_degrees_approx"",""local_relief_m_approx"",""temperature_mean_c_rolling_12m"",""precipitation_total_mm_rolling_12m"",""relative_humidity_mean_pct_rolling_12m"",""wind_speed_2m_mean_m_s_rolling_12m"",""fold_safe_log1p_distance_to_training_positive_km"",""fold_safe_log1p_training_positive_count_100km"",""fold_safe_training_positive_geology_affinity""]","[""annual_bare_b02_reflectance_median"",""annual_bare_b03_reflectance_median"",""annual_bare_b04_reflectance_median"",""annual_bare_b08_reflectance_median"",""annual_bare_b11_reflectance_median"",""annual_bare_b12_reflectance_median"",""annual_bare_ndvi_median"",""annual_bare_ndmi_median"",""annual_bare_bsi_median"",""annual_bare_ndti_median"",""annual_bare_red_blue_ratio_median"",""annual_bare_swir1_swir2_ratio_median"",""dry_clear_land_ndvi_median"",""dry_clear_land_ndmi_median"",""dry_clear_land_bsi_median"",""post_clear_land_ndvi_median"",""post_clear_land_ndmi_median"",""post_clear_land_bsi_median""]"
S2-ABL-VANADIUM,Vanadium,10,10,8,10,1.00000000,1000,0.97600000,5,10,1000,0.42930000,0.68170000,0.25240000,0.08899429,0.37637671,0.00894567,0.02295680,0.01401112,0.00000000,0.10000000,0.10000000,0.18913525,0.12914383,5,0,168.27337049,False,not_admitted_inconclusive_or_below_threshold,one_or_more_predefined_admission_gates_failed,not_admitted_shadow_evaluation_only,False,sentinel2-spatial-ablation-v0.1,Pseudo-absence cells are not confirmed barren and metrics do not estimate discovery probability.,"[""elevation_m"",""slope_degrees_approx"",""local_relief_m_approx"",""temperature_mean_c_rolling_12m"",""precipitation_total_mm_rolling_12m"",""relative_humidity_mean_pct_rolling_12m"",""wind_speed_2m_mean_m_s_rolling_12m"",""fold_safe_log1p_distance_to_training_positive_km"",""fold_safe_log1p_training_positive_count_100km"",""fold_safe_training_positive_geology_affinity""]","[""annual_bare_b02_reflectance_median"",""annual_bare_b03_reflectance_median"",""annual_bare_b04_reflectance_median"",""annual_bare_b08_reflectance_median"",""annual_bare_b11_reflectance_median"",""annual_bare_b12_reflectance_median"",""annual_bare_ndvi_median"",""annual_bare_ndmi_median"",""annual_bare_bsi_median"",""annual_bare_ndti_median"",""annual_bare_red_blue_ratio_median"",""annual_bare_swir1_swir2_ratio_median"",""dry_clear_land_ndvi_median"",""dry_clear_land_ndmi_median"",""dry_clear_land_bsi_median"",""post_clear_land_ndvi_median"",""post_clear_land_ndmi_median"",""post_clear_land_bsi_median""]"
S2-ABL-ZIRCONIUM,Zirconium,12,6,5,6,1.00000000,0,,0,0,0,,,,,,,,,,,,,,0,0,,False,not_evaluated_low_support,fewer_than_10_unique_positive_h3_cells,not_admitted_shadow_evaluation_only,False,sentinel2-spatial-ablation-v0.1,Pseudo-absence cells are not confirmed barren and metrics do not estimate discovery probability.,"[""elevation_m"",""slope_degrees_approx"",""local_relief_m_approx"",""temperature_mean_c_rolling_12m"",""precipitation_total_mm_rolling_12m"",""relative_humidity_mean_pct_rolling_12m"",""wind_speed_2m_mean_m_s_rolling_12m"",""fold_safe_log1p_distance_to_training_positive_km"",""fold_safe_log1p_training_positive_count_100km"",""fold_safe_training_positive_geology_affinity""]","[""annual_bare_b02_reflectance_median"",""annual_bare_b03_reflectance_median"",""annual_bare_b04_reflectance_median"",""annual_bare_b08_reflectance_median"",""annual_bare_b11_reflectance_median"",""annual_bare_b12_reflectance_median"",""annual_bare_ndvi_median"",""annual_bare_ndmi_median"",""annual_bare_bsi_median"",""annual_bare_ndti_median"",""annual_bare_red_blue_ratio_median"",""annual_bare_swir1_swir2_ratio_median"",""dry_clear_land_ndvi_median"",""dry_clear_land_ndmi_median"",""dry_clear_land_bsi_median"",""post_clear_land_ndvi_median"",""post_clear_land_ndmi_median"",""post_clear_land_bsi_median""]"
S2-ABL-SELENIUM,Selenium,2,1,1,1,1.00000000,0,,0,0,0,,,,,,,,,,,,,,0,0,,False,not_evaluated_low_support,fewer_than_10_unique_positive_h3_cells,not_admitted_shadow_evaluation_only,False,sentinel2-spatial-ablation-v0.1,Pseudo-absence cells are not confirmed barren and metrics do not estimate discovery probability.,"[""elevation_m"",""slope_degrees_approx"",""local_relief_m_approx"",""temperature_mean_c_rolling_12m"",""precipitation_total_mm_rolling_12m"",""relative_humidity_mean_pct_rolling_12m"",""wind_speed_2m_mean_m_s_rolling_12m"",""fold_safe_log1p_distance_to_training_positive_km"",""fold_safe_log1p_training_positive_count_100km"",""fold_safe_training_positive_geology_affinity""]","[""annual_bare_b02_reflectance_median"",""annual_bare_b03_reflectance_median"",""annual_bare_b04_reflectance_median"",""annual_bare_b08_reflectance_median"",""annual_bare_b11_reflectance_median"",""annual_bare_b12_reflectance_median"",""annual_bare_ndvi_median"",""annual_bare_ndmi_median"",""annual_bare_bsi_median"",""annual_bare_ndti_median"",""annual_bare_red_blue_ratio_median"",""annual_bare_swir1_swir2_ratio_median"",""dry_clear_land_ndvi_median"",""dry_clear_land_ndmi_median"",""dry_clear_land_bsi_median"",""post_clear_land_ndvi_median"",""post_clear_land_ndmi_median"",""post_clear_land_bsi_median""]"
S2-ABL-CADMIUM,Cadmium,4,4,4,4,1.00000000,0,,0,0,0,,,,,,,,,,,,,,0,0,,False,not_evaluated_low_support,fewer_than_10_unique_positive_h3_cells,not_admitted_shadow_evaluation_only,False,sentinel2-spatial-ablation-v0.1,Pseudo-absence cells are not confirmed barren and metrics do not estimate discovery probability.,"[""elevation_m"",""slope_degrees_approx"",""local_relief_m_approx"",""temperature_mean_c_rolling_12m"",""precipitation_total_mm_rolling_12m"",""relative_humidity_mean_pct_rolling_12m"",""wind_speed_2m_mean_m_s_rolling_12m"",""fold_safe_log1p_distance_to_training_positive_km"",""fold_safe_log1p_training_positive_count_100km"",""fold_safe_training_positive_geology_affinity""]","[""annual_bare_b02_reflectance_median"",""annual_bare_b03_reflectance_median"",""annual_bare_b04_reflectance_median"",""annual_bare_b08_reflectance_median"",""annual_bare_b11_reflectance_median"",""annual_bare_b12_reflectance_median"",""annual_bare_ndvi_median"",""annual_bare_ndmi_median"",""annual_bare_bsi_median"",""annual_bare_ndti_median"",""annual_bare_red_blue_ratio_median"",""annual_bare_swir1_swir2_ratio_median"",""dry_clear_land_ndvi_median"",""dry_clear_land_ndmi_median"",""dry_clear_land_bsi_median"",""post_clear_land_ndvi_median"",""post_clear_land_ndmi_median"",""post_clear_land_bsi_median""]"
S2-ABL-ALUMINIUM,Aluminium,110,70,48,70,1.00000000,2100,0.97000000,5,70,2100,0.72510204,0.70787075,-0.01723129,-0.05088040,0.01430900,0.06293181,0.05991848,-0.00301333,0.12857143,0.10000000,-0.02857143,0.14767994,0.14533735,2,3,51.32180287,False,not_admitted_performance_degraded,paired_out_of_fold_roc_auc_decreased,not_admitted_shadow_evaluation_only,False,sentinel2-spatial-ablation-v0.1,Pseudo-absence cells are not confirmed barren and metrics do not estimate discovery probability.,"[""elevation_m"",""slope_degrees_approx"",""local_relief_m_approx"",""temperature_mean_c_rolling_12m"",""precipitation_total_mm_rolling_12m"",""relative_humidity_mean_pct_rolling_12m"",""wind_speed_2m_mean_m_s_rolling_12m"",""fold_safe_log1p_distance_to_training_positive_km"",""fold_safe_log1p_training_positive_count_100km"",""fold_safe_training_positive_geology_affinity""]","[""annual_bare_b02_reflectance_median"",""annual_bare_b03_reflectance_median"",""annual_bare_b04_reflectance_median"",""annual_bare_b08_reflectance_median"",""annual_bare_b11_reflectance_median"",""annual_bare_b12_reflectance_median"",""annual_bare_ndvi_median"",""annual_bare_ndmi_median"",""annual_bare_bsi_median"",""annual_bare_ndti_median"",""annual_bare_red_blue_ratio_median"",""annual_bare_swir1_swir2_ratio_median"",""dry_clear_land_ndvi_median"",""dry_clear_land_ndmi_median"",""dry_clear_land_bsi_median"",""post_clear_land_ndvi_median"",""post_clear_land_ndmi_median"",""post_clear_land_bsi_median""]"
S2-ABL-IRON,Iron,238,147,54,144,0.97959184,4410,0.97006803,5,147,4410,0.81558456,0.75694541,-0.05863915,-0.11678344,0.00767409,0.10703510,0.12049878,0.01346368,0.12925170,0.26530612,0.13605442,0.08079755,0.07866352,1,4,50.81287473,False,not_admitted_performance_degraded,paired_out_of_fold_roc_auc_decreased,not_admitted_shadow_evaluation_only,False,sentinel2-spatial-ablation-v0.1,Pseudo-absence cells are not confirmed barren and metrics do not estimate discovery probability.,"[""elevation_m"",""slope_degrees_approx"",""local_relief_m_approx"",""temperature_mean_c_rolling_12m"",""precipitation_total_mm_rolling_12m"",""relative_humidity_mean_pct_rolling_12m"",""wind_speed_2m_mean_m_s_rolling_12m"",""fold_safe_log1p_distance_to_training_positive_km"",""fold_safe_log1p_training_positive_count_100km"",""fold_safe_training_positive_geology_affinity""]","[""annual_bare_b02_reflectance_median"",""annual_bare_b03_reflectance_median"",""annual_bare_b04_reflectance_median"",""annual_bare_b08_reflectance_median"",""annual_bare_b11_reflectance_median"",""annual_bare_b12_reflectance_median"",""annual_bare_ndvi_median"",""annual_bare_ndmi_median"",""annual_bare_bsi_median"",""annual_bare_ndti_median"",""annual_bare_red_blue_ratio_median"",""annual_bare_swir1_swir2_ratio_median"",""dry_clear_land_ndvi_median"",""dry_clear_land_ndmi_median"",""dry_clear_land_bsi_median"",""post_clear_land_ndvi_median"",""post_clear_land_ndmi_median"",""post_clear_land_bsi_median""]"
S2-ABL-MANGANESE,Manganese,130,86,27,84,0.97674419,2580,0.97015504,5,86,2580,0.85936542,0.79812511,-0.06124031,-0.09102802,-0.00804376,0.12175828,0.08545573,-0.03630254,0.19767442,0.19767442,0.00000000,0.07004811,0.07405704,0,5,51.65622740,False,not_admitted_performance_degraded,paired_out_of_fold_roc_auc_decreased,not_admitted_shadow_evaluation_only,False,sentinel2-spatial-ablation-v0.1,Pseudo-absence cells are not confirmed barren and metrics do not estimate discovery probability.,"[""elevation_m"",""slope_degrees_approx"",""local_relief_m_approx"",""temperature_mean_c_rolling_12m"",""precipitation_total_mm_rolling_12m"",""relative_humidity_mean_pct_rolling_12m"",""wind_speed_2m_mean_m_s_rolling_12m"",""fold_safe_log1p_distance_to_training_positive_km"",""fold_safe_log1p_training_positive_count_100km"",""fold_safe_training_positive_geology_affinity""]","[""annual_bare_b02_reflectance_median"",""annual_bare_b03_reflectance_median"",""annual_bare_b04_reflectance_median"",""annual_bare_b08_reflectance_median"",""annual_bare_b11_reflectance_median"",""annual_bare_b12_reflectance_median"",""annual_bare_ndvi_median"",""annual_bare_ndmi_median"",""annual_bare_bsi_median"",""annual_bare_ndti_median"",""annual_bare_red_blue_ratio_median"",""annual_bare_swir1_swir2_ratio_median"",""dry_clear_land_ndvi_median"",""dry_clear_land_ndmi_median"",""dry_clear_land_bsi_median"",""post_clear_land_ndvi_median"",""post_clear_land_ndmi_median"",""post_clear_land_bsi_median""]"
S2-ABL-CHROMIUM,Chromium,72,20,11,20,1.00000000,1000,0.97300000,5,20,1000,0.92730000,0.91825000,-0.00905000,-0.02117820,0.00773139,0.28894628,0.27260938,-0.01633690,0.65000000,0.55000000,-0.10000000,0.06078396,0.05579758,3,2,50.66605829,False,not_admitted_performance_degraded,paired_out_of_fold_roc_auc_decreased,not_admitted_shadow_evaluation_only,False,sentinel2-spatial-ablation-v0.1,Pseudo-absence cells are not confirmed barren and metrics do not estimate discovery probability.,"[""elevation_m"",""slope_degrees_approx"",""local_relief_m_approx"",""temperature_mean_c_rolling_12m"",""precipitation_total_mm_rolling_12m"",""relative_humidity_mean_pct_rolling_12m"",""wind_speed_2m_mean_m_s_rolling_12m"",""fold_safe_log1p_distance_to_training_positive_km"",""fold_safe_log1p_training_positive_count_100km"",""fold_safe_training_positive_geology_affinity""]","[""annual_bare_b02_reflectance_median"",""annual_bare_b03_reflectance_median"",""annual_bare_b04_reflectance_median"",""annual_bare_b08_reflectance_median"",""annual_bare_b11_reflectance_median"",""annual_bare_b12_reflectance_median"",""annual_bare_ndvi_median"",""annual_bare_ndmi_median"",""annual_bare_bsi_median"",""annual_bare_ndti_median"",""annual_bare_red_blue_ratio_median"",""annual_bare_swir1_swir2_ratio_median"",""dry_clear_land_ndvi_median"",""dry_clear_land_ndmi_median"",""dry_clear_land_bsi_median"",""post_clear_land_ndvi_median"",""post_clear_land_ndmi_median"",""post_clear_land_bsi_median""]"
S2-ABL-LEAD,Lead,34,30,22,30,1.00000000,1000,0.96600000,5,30,1000,0.59920000,0.66110000,0.06190000,-0.01789734,0.13918548,0.04346748,0.04895465,0.00548718,0.03333333,0.10000000,0.06666667,0.14408965,0.13476687,4,1,67.14351624,False,not_admitted_inconclusive_or_below_threshold,one_or_more_predefined_admission_gates_failed,not_admitted_shadow_evaluation_only,False,sentinel2-spatial-ablation-v0.1,Pseudo-absence cells are not confirmed barren and metrics do not estimate discovery probability.,"[""elevation_m"",""slope_degrees_approx"",""local_relief_m_approx"",""temperature_mean_c_rolling_12m"",""precipitation_total_mm_rolling_12m"",""relative_humidity_mean_pct_rolling_12m"",""wind_speed_2m_mean_m_s_rolling_12m"",""fold_safe_log1p_distance_to_training_positive_km"",""fold_safe_log1p_training_positive_count_100km"",""fold_safe_training_positive_geology_affinity""]","[""annual_bare_b02_reflectance_median"",""annual_bare_b03_reflectance_median"",""annual_bare_b04_reflectance_median"",""annual_bare_b08_reflectance_median"",""annual_bare_b11_reflectance_median"",""annual_bare_b12_reflectance_median"",""annual_bare_ndvi_median"",""annual_bare_ndmi_median"",""annual_bare_bsi_median"",""annual_bare_ndti_median"",""annual_bare_red_blue_ratio_median"",""annual_bare_swir1_swir2_ratio_median"",""dry_clear_land_ndvi_median"",""dry_clear_land_ndmi_median"",""dry_clear_land_bsi_median"",""post_clear_land_ndvi_median"",""post_clear_land_ndmi_median"",""post_clear_land_bsi_median""]"
S2-ABL-ZINC,Zinc,24,21,17,21,1.00000000,1000,0.96200000,5,21,1000,0.71171429,0.59404762,-0.11766667,-0.22479474,0.00626752,0.04361704,0.02888406,-0.01473299,0.09523810,0.04761905,-0.04761905,0.17271521,0.15621878,2,3,79.71082847,False,not_admitted_performance_degraded,paired_out_of_fold_roc_auc_decreased,not_admitted_shadow_evaluation_only,False,sentinel2-spatial-ablation-v0.1,Pseudo-absence cells are not confirmed barren and metrics do not estimate discovery probability.,"[""elevation_m"",""slope_degrees_approx"",""local_relief_m_approx"",""temperature_mean_c_rolling_12m"",""precipitation_total_mm_rolling_12m"",""relative_humidity_mean_pct_rolling_12m"",""wind_speed_2m_mean_m_s_rolling_12m"",""fold_safe_log1p_distance_to_training_positive_km"",""fold_safe_log1p_training_positive_count_100km"",""fold_safe_training_positive_geology_affinity""]","[""annual_bare_b02_reflectance_median"",""annual_bare_b03_reflectance_median"",""annual_bare_b04_reflectance_median"",""annual_bare_b08_reflectance_median"",""annual_bare_b11_reflectance_median"",""annual_bare_b12_reflectance_median"",""annual_bare_ndvi_median"",""annual_bare_ndmi_median"",""annual_bare_bsi_median"",""annual_bare_ndti_median"",""annual_bare_red_blue_ratio_median"",""annual_bare_swir1_swir2_ratio_median"",""dry_clear_land_ndvi_median"",""dry_clear_land_ndmi_median"",""dry_clear_land_bsi_median"",""post_clear_land_ndvi_median"",""post_clear_land_ndmi_median"",""post_clear_land_bsi_median""]"
S2-ABL-GOLD,Gold,16,14,11,13,0.92857143,1000,0.96400000,5,14,1000,0.54750000,0.47085714,-0.07664286,-0.23737067,0.08944681,0.02109523,0.01337660,-0.00771863,0.07142857,0.00000000,-0.07142857,0.17093025,0.15504246,1,4,83.28720839,False,not_admitted_performance_degraded,paired_out_of_fold_roc_auc_decreased,not_admitted_shadow_evaluation_only,False,sentinel2-spatial-ablation-v0.1,Pseudo-absence cells are not confirmed barren and metrics do not estimate discovery probability.,"[""elevation_m"",""slope_degrees_approx"",""local_relief_m_approx"",""temperature_mean_c_rolling_12m"",""precipitation_total_mm_rolling_12m"",""relative_humidity_mean_pct_rolling_12m"",""wind_speed_2m_mean_m_s_rolling_12m"",""fold_safe_log1p_distance_to_training_positive_km"",""fold_safe_log1p_training_positive_count_100km"",""fold_safe_training_positive_geology_affinity""]","[""annual_bare_b02_reflectance_median"",""annual_bare_b03_reflectance_median"",""annual_bare_b04_reflectance_median"",""annual_bare_b08_reflectance_median"",""annual_bare_b11_reflectance_median"",""annual_bare_b12_reflectance_median"",""annual_bare_ndvi_median"",""annual_bare_ndmi_median"",""annual_bare_bsi_median"",""annual_bare_ndti_median"",""annual_bare_red_blue_ratio_median"",""annual_bare_swir1_swir2_ratio_median"",""dry_clear_land_ndvi_median"",""dry_clear_land_ndmi_median"",""dry_clear_land_bsi_median"",""post_clear_land_ndvi_median"",""post_clear_land_ndmi_median"",""post_clear_land_bsi_median""]"
S2-ABL-SILVER,Silver,21,20,15,20,1.00000000,1000,0.96300000,5,20,1000,0.53175000,0.65695000,0.12520000,0.02124787,0.23293931,0.05003055,0.05050145,0.00047090,0.25000000,0.20000000,-0.05000000,0.11911987,0.11070500,4,1,63.00246496,False,not_admitted_inconclusive_or_below_threshold,one_or_more_predefined_admission_gates_failed,not_admitted_shadow_evaluation_only,False,sentinel2-spatial-ablation-v0.1,Pseudo-absence cells are not confirmed barren and metrics do not estimate discovery probability.,"[""elevation_m"",""slope_degrees_approx"",""local_relief_m_approx"",""temperature_mean_c_rolling_12m"",""precipitation_total_mm_rolling_12m"",""relative_humidity_mean_pct_rolling_12m"",""wind_speed_2m_mean_m_s_rolling_12m"",""fold_safe_log1p_distance_to_training_positive_km"",""fold_safe_log1p_training_positive_count_100km"",""fold_safe_training_positive_geology_affinity""]","[""annual_bare_b02_reflectance_median"",""annual_bare_b03_reflectance_median"",""annual_bare_b04_reflectance_median"",""annual_bare_b08_reflectance_median"",""annual_bare_b11_reflectance_median"",""annual_bare_b12_reflectance_median"",""annual_bare_ndvi_median"",""annual_bare_ndmi_median"",""annual_bare_bsi_median"",""annual_bare_ndti_median"",""annual_bare_red_blue_ratio_median"",""annual_bare_swir1_swir2_ratio_median"",""dry_clear_land_ndvi_median"",""dry_clear_land_ndmi_median"",""dry_clear_land_bsi_median"",""post_clear_land_ndvi_median"",""post_clear_land_ndmi_median"",""post_clear_land_bsi_median""]"
S2-ABL-URANIUM,Uranium,1,1,1,1,1.00000000,0,,0,0,0,,,,,,,,,,,,,,0,0,,False,not_evaluated_low_support,fewer_than_10_unique_positive_h3_cells,not_admitted_shadow_evaluation_only,False,sentinel2-spatial-ablation-v0.1,Pseudo-absence cells are not confirmed barren and metrics do not estimate discovery probability.,"[""elevation_m"",""slope_degrees_approx"",""local_relief_m_approx"",""temperature_mean_c_rolling_12m"",""precipitation_total_mm_rolling_12m"",""relative_humidity_mean_pct_rolling_12m"",""wind_speed_2m_mean_m_s_rolling_12m"",""fold_safe_log1p_distance_to_training_positive_km"",""fold_safe_log1p_training_positive_count_100km"",""fold_safe_training_positive_geology_affinity""]","[""annual_bare_b02_reflectance_median"",""annual_bare_b03_reflectance_median"",""annual_bare_b04_reflectance_median"",""annual_bare_b08_reflectance_median"",""annual_bare_b11_reflectance_median"",""annual_bare_b12_reflectance_median"",""annual_bare_ndvi_median"",""annual_bare_ndmi_median"",""annual_bare_bsi_median"",""annual_bare_ndti_median"",""annual_bare_red_blue_ratio_median"",""annual_bare_swir1_swir2_ratio_median"",""dry_clear_land_ndvi_median"",""dry_clear_land_ndmi_median"",""dry_clear_land_bsi_median"",""post_clear_land_ndvi_median"",""post_clear_land_ndmi_median"",""post_clear_land_bsi_median""]"
S2-ABL-THORIUM,Thorium,5,5,5,5,1.00000000,0,,0,0,0,,,,,,,,,,,,,,0,0,,False,not_evaluated_low_support,fewer_than_10_unique_positive_h3_cells,not_admitted_shadow_evaluation_only,False,sentinel2-spatial-ablation-v0.1,Pseudo-absence cells are not confirmed barren and metrics do not estimate discovery probability.,"[""elevation_m"",""slope_degrees_approx"",""local_relief_m_approx"",""temperature_mean_c_rolling_12m"",""precipitation_total_mm_rolling_12m"",""relative_humidity_mean_pct_rolling_12m"",""wind_speed_2m_mean_m_s_rolling_12m"",""fold_safe_log1p_distance_to_training_positive_km"",""fold_safe_log1p_training_positive_count_100km"",""fold_safe_training_positive_geology_affinity""]","[""annual_bare_b02_reflectance_median"",""annual_bare_b03_reflectance_median"",""annual_bare_b04_reflectance_median"",""annual_bare_b08_reflectance_median"",""annual_bare_b11_reflectance_median"",""annual_bare_b12_reflectance_median"",""annual_bare_ndvi_median"",""annual_bare_ndmi_median"",""annual_bare_bsi_median"",""annual_bare_ndti_median"",""annual_bare_red_blue_ratio_median"",""annual_bare_swir1_swir2_ratio_median"",""dry_clear_land_ndvi_median"",""dry_clear_land_ndmi_median"",""dry_clear_land_bsi_median"",""post_clear_land_ndvi_median"",""post_clear_land_ndmi_median"",""post_clear_land_bsi_median""]"
S2-ABL-COAL,Coal,0,0,0,0,,0,,0,0,0,,,,,,,,,,,,,,0,0,,False,not_evaluated_low_support,fewer_than_10_unique_positive_h3_cells,not_admitted_shadow_evaluation_only,False,sentinel2-spatial-ablation-v0.1,Pseudo-absence cells are not confirmed barren and metrics do not estimate discovery probability.,"[""elevation_m"",""slope_degrees_approx"",""local_relief_m_approx"",""temperature_mean_c_rolling_12m"",""precipitation_total_mm_rolling_12m"",""relative_humidity_mean_pct_rolling_12m"",""wind_speed_2m_mean_m_s_rolling_12m"",""fold_safe_log1p_distance_to_training_positive_km"",""fold_safe_log1p_training_positive_count_100km"",""fold_safe_training_positive_geology_affinity""]","[""annual_bare_b02_reflectance_median"",""annual_bare_b03_reflectance_median"",""annual_bare_b04_reflectance_median"",""annual_bare_b08_reflectance_median"",""annual_bare_b11_reflectance_median"",""annual_bare_b12_reflectance_median"",""annual_bare_ndvi_median"",""annual_bare_ndmi_median"",""annual_bare_bsi_median"",""annual_bare_ndti_median"",""annual_bare_red_blue_ratio_median"",""annual_bare_swir1_swir2_ratio_median"",""dry_clear_land_ndvi_median"",""dry_clear_land_ndmi_median"",""dry_clear_land_bsi_median"",""post_clear_land_ndvi_median"",""post_clear_land_ndmi_median"",""post_clear_land_bsi_median""]"
S2-ABL-LIGNITE,Lignite,0,0,0,0,,0,,0,0,0,,,,,,,,,,,,,,0,0,,False,not_evaluated_low_support,fewer_than_10_unique_positive_h3_cells,not_admitted_shadow_evaluation_only,False,sentinel2-spatial-ablation-v0.1,Pseudo-absence cells are not confirmed barren and metrics do not estimate discovery probability.,"[""elevation_m"",""slope_degrees_approx"",""local_relief_m_approx"",""temperature_mean_c_rolling_12m"",""precipitation_total_mm_rolling_12m"",""relative_humidity_mean_pct_rolling_12m"",""wind_speed_2m_mean_m_s_rolling_12m"",""fold_safe_log1p_distance_to_training_positive_km"",""fold_safe_log1p_training_positive_count_100km"",""fold_safe_training_positive_geology_affinity""]","[""annual_bare_b02_reflectance_median"",""annual_bare_b03_reflectance_median"",""annual_bare_b04_reflectance_median"",""annual_bare_b08_reflectance_median"",""annual_bare_b11_reflectance_median"",""annual_bare_b12_reflectance_median"",""annual_bare_ndvi_median"",""annual_bare_ndmi_median"",""annual_bare_bsi_median"",""annual_bare_ndti_median"",""annual_bare_red_blue_ratio_median"",""annual_bare_swir1_swir2_ratio_median"",""dry_clear_land_ndvi_median"",""dry_clear_land_ndmi_median"",""dry_clear_land_bsi_median"",""post_clear_land_ndvi_median"",""post_clear_land_ndmi_median"",""post_clear_land_bsi_median""]"
S2-ABL-PETROLEUM,Petroleum,0,0,0,0,,0,,0,0,0,,,,,,,,,,,,,,0,0,,False,not_evaluated_low_support,fewer_than_10_unique_positive_h3_cells,not_admitted_shadow_evaluation_only,False,sentinel2-spatial-ablation-v0.1,Pseudo-absence cells are not confirmed barren and metrics do not estimate discovery probability.,"[""elevation_m"",""slope_degrees_approx"",""local_relief_m_approx"",""temperature_mean_c_rolling_12m"",""precipitation_total_mm_rolling_12m"",""relative_humidity_mean_pct_rolling_12m"",""wind_speed_2m_mean_m_s_rolling_12m"",""fold_safe_log1p_distance_to_training_positive_km"",""fold_safe_log1p_training_positive_count_100km"",""fold_safe_training_positive_geology_affinity""]","[""annual_bare_b02_reflectance_median"",""annual_bare_b03_reflectance_median"",""annual_bare_b04_reflectance_median"",""annual_bare_b08_reflectance_median"",""annual_bare_b11_reflectance_median"",""annual_bare_b12_reflectance_median"",""annual_bare_ndvi_median"",""annual_bare_ndmi_median"",""annual_bare_bsi_median"",""annual_bare_ndti_median"",""annual_bare_red_blue_ratio_median"",""annual_bare_swir1_swir2_ratio_median"",""dry_clear_land_ndvi_median"",""dry_clear_land_ndmi_median"",""dry_clear_land_bsi_median"",""post_clear_land_ndvi_median"",""post_clear_land_ndmi_median"",""post_clear_land_bsi_median""]"
S2-ABL-NATURAL-GAS,Natural gas,0,0,0,0,,0,,0,0,0,,,,,,,,,,,,,,0,0,,False,not_evaluated_low_support,fewer_than_10_unique_positive_h3_cells,not_admitted_shadow_evaluation_only,False,sentinel2-spatial-ablation-v0.1,Pseudo-absence cells are not confirmed barren and metrics do not estimate discovery probability.,"[""elevation_m"",""slope_degrees_approx"",""local_relief_m_approx"",""temperature_mean_c_rolling_12m"",""precipitation_total_mm_rolling_12m"",""relative_humidity_mean_pct_rolling_12m"",""wind_speed_2m_mean_m_s_rolling_12m"",""fold_safe_log1p_distance_to_training_positive_km"",""fold_safe_log1p_training_positive_count_100km"",""fold_safe_training_positive_geology_affinity""]","[""annual_bare_b02_reflectance_median"",""annual_bare_b03_reflectance_median"",""annual_bare_b04_reflectance_median"",""annual_bare_b08_reflectance_median"",""annual_bare_b11_reflectance_median"",""annual_bare_b12_reflectance_median"",""annual_bare_ndvi_median"",""annual_bare_ndmi_median"",""annual_bare_bsi_median"",""annual_bare_ndti_median"",""annual_bare_red_blue_ratio_median"",""annual_bare_swir1_swir2_ratio_median"",""dry_clear_land_ndvi_median"",""dry_clear_land_ndmi_median"",""dry_clear_land_bsi_median"",""post_clear_land_ndvi_median"",""post_clear_land_ndmi_median"",""post_clear_land_bsi_median""]"
S2-ABL-BORON,Boron,1,1,1,1,1.00000000,0,,0,0,0,,,,,,,,,,,,,,0,0,,False,not_evaluated_low_support,fewer_than_10_unique_positive_h3_cells,not_admitted_shadow_evaluation_only,False,sentinel2-spatial-ablation-v0.1,Pseudo-absence cells are not confirmed barren and metrics do not estimate discovery probability.,"[""elevation_m"",""slope_degrees_approx"",""local_relief_m_approx"",""temperature_mean_c_rolling_12m"",""precipitation_total_mm_rolling_12m"",""relative_humidity_mean_pct_rolling_12m"",""wind_speed_2m_mean_m_s_rolling_12m"",""fold_safe_log1p_distance_to_training_positive_km"",""fold_safe_log1p_training_positive_count_100km"",""fold_safe_training_positive_geology_affinity""]","[""annual_bare_b02_reflectance_median"",""annual_bare_b03_reflectance_median"",""annual_bare_b04_reflectance_median"",""annual_bare_b08_reflectance_median"",""annual_bare_b11_reflectance_median"",""annual_bare_b12_reflectance_median"",""annual_bare_ndvi_median"",""annual_bare_ndmi_median"",""annual_bare_bsi_median"",""annual_bare_ndti_median"",""annual_bare_red_blue_ratio_median"",""annual_bare_swir1_swir2_ratio_median"",""dry_clear_land_ndvi_median"",""dry_clear_land_ndmi_median"",""dry_clear_land_bsi_median"",""post_clear_land_ndvi_median"",""post_clear_land_ndmi_median"",""post_clear_land_bsi_median""]"
S2-ABL-FLUORINE,Fluorine,3,3,2,3,1.00000000,0,,0,0,0,,,,,,,,,,,,,,0,0,,False,not_evaluated_low_support,fewer_than_10_unique_positive_h3_cells,not_admitted_shadow_evaluation_only,False,sentinel2-spatial-ablation-v0.1,Pseudo-absence cells are not confirmed barren and metrics do not estimate discovery probability.,"[""elevation_m"",""slope_degrees_approx"",""local_relief_m_approx"",""temperature_mean_c_rolling_12m"",""precipitation_total_mm_rolling_12m"",""relative_humidity_mean_pct_rolling_12m"",""wind_speed_2m_mean_m_s_rolling_12m"",""fold_safe_log1p_distance_to_training_positive_km"",""fold_safe_log1p_training_positive_count_100km"",""fold_safe_training_positive_geology_affinity""]","[""annual_bare_b02_reflectance_median"",""annual_bare_b03_reflectance_median"",""annual_bare_b04_reflectance_median"",""annual_bare_b08_reflectance_median"",""annual_bare_b11_reflectance_median"",""annual_bare_b12_reflectance_median"",""annual_bare_ndvi_median"",""annual_bare_ndmi_median"",""annual_bare_bsi_median"",""annual_bare_ndti_median"",""annual_bare_red_blue_ratio_median"",""annual_bare_swir1_swir2_ratio_median"",""dry_clear_land_ndvi_median"",""dry_clear_land_ndmi_median"",""dry_clear_land_bsi_median"",""post_clear_land_ndvi_median"",""post_clear_land_ndmi_median"",""post_clear_land_bsi_median""]"
S2-ABL-MAGNESIUM,Magnesium,4,3,2,3,1.00000000,0,,0,0,0,,,,,,,,,,,,,,0,0,,False,not_evaluated_low_support,fewer_than_10_unique_positive_h3_cells,not_admitted_shadow_evaluation_only,False,sentinel2-spatial-ablation-v0.1,Pseudo-absence cells are not confirmed barren and metrics do not estimate discovery probability.,"[""elevation_m"",""slope_degrees_approx"",""local_relief_m_approx"",""temperature_mean_c_rolling_12m"",""precipitation_total_mm_rolling_12m"",""relative_humidity_mean_pct_rolling_12m"",""wind_speed_2m_mean_m_s_rolling_12m"",""fold_safe_log1p_distance_to_training_positive_km"",""fold_safe_log1p_training_positive_count_100km"",""fold_safe_training_positive_geology_affinity""]","[""annual_bare_b02_reflectance_median"",""annual_bare_b03_reflectance_median"",""annual_bare_b04_reflectance_median"",""annual_bare_b08_reflectance_median"",""annual_bare_b11_reflectance_median"",""annual_bare_b12_reflectance_median"",""annual_bare_ndvi_median"",""annual_bare_ndmi_median"",""annual_bare_bsi_median"",""annual_bare_ndti_median"",""annual_bare_red_blue_ratio_median"",""annual_bare_swir1_swir2_ratio_median"",""dry_clear_land_ndvi_median"",""dry_clear_land_ndmi_median"",""dry_clear_land_bsi_median"",""post_clear_land_ndvi_median"",""post_clear_land_ndmi_median"",""post_clear_land_bsi_median""]"
S2-ABL-BARIUM,Barium,3,3,3,3,1.00000000,0,,0,0,0,,,,,,,,,,,,,,0,0,,False,not_evaluated_low_support,fewer_than_10_unique_positive_h3_cells,not_admitted_shadow_evaluation_only,False,sentinel2-spatial-ablation-v0.1,Pseudo-absence cells are not confirmed barren and metrics do not estimate discovery probability.,"[""elevation_m"",""slope_degrees_approx"",""local_relief_m_approx"",""temperature_mean_c_rolling_12m"",""precipitation_total_mm_rolling_12m"",""relative_humidity_mean_pct_rolling_12m"",""wind_speed_2m_mean_m_s_rolling_12m"",""fold_safe_log1p_distance_to_training_positive_km"",""fold_safe_log1p_training_positive_count_100km"",""fold_safe_training_positive_geology_affinity""]","[""annual_bare_b02_reflectance_median"",""annual_bare_b03_reflectance_median"",""annual_bare_b04_reflectance_median"",""annual_bare_b08_reflectance_median"",""annual_bare_b11_reflectance_median"",""annual_bare_b12_reflectance_median"",""annual_bare_ndvi_median"",""annual_bare_ndmi_median"",""annual_bare_bsi_median"",""annual_bare_ndti_median"",""annual_bare_red_blue_ratio_median"",""annual_bare_swir1_swir2_ratio_median"",""dry_clear_land_ndvi_median"",""dry_clear_land_ndmi_median"",""dry_clear_land_bsi_median"",""post_clear_land_ndvi_median"",""post_clear_land_ndmi_median"",""post_clear_land_bsi_median""]"
S2-ABL-CALCIUM-AND-LIMESTONE,Calcium and limestone,6,6,6,5,0.83333333,0,,0,0,0,,,,,,,,,,,,,,0,0,,False,not_evaluated_low_support,fewer_than_10_unique_positive_h3_cells,not_admitted_shadow_evaluation_only,False,sentinel2-spatial-ablation-v0.1,Pseudo-absence cells are not confirmed barren and metrics do not estimate discovery probability.,"[""elevation_m"",""slope_degrees_approx"",""local_relief_m_approx"",""temperature_mean_c_rolling_12m"",""precipitation_total_mm_rolling_12m"",""relative_humidity_mean_pct_rolling_12m"",""wind_speed_2m_mean_m_s_rolling_12m"",""fold_safe_log1p_distance_to_training_positive_km"",""fold_safe_log1p_training_positive_count_100km"",""fold_safe_training_positive_geology_affinity""]","[""annual_bare_b02_reflectance_median"",""annual_bare_b03_reflectance_median"",""annual_bare_b04_reflectance_median"",""annual_bare_b08_reflectance_median"",""annual_bare_b11_reflectance_median"",""annual_bare_b12_reflectance_median"",""annual_bare_ndvi_median"",""annual_bare_ndmi_median"",""annual_bare_bsi_median"",""annual_bare_ndti_median"",""annual_bare_red_blue_ratio_median"",""annual_bare_swir1_swir2_ratio_median"",""dry_clear_land_ndvi_median"",""dry_clear_land_ndmi_median"",""dry_clear_land_bsi_median"",""post_clear_land_ndvi_median"",""post_clear_land_ndmi_median"",""post_clear_land_bsi_median""]"
S2-ABL-KAOLIN,Kaolin,3,3,3,3,1.00000000,0,,0,0,0,,,,,,,,,,,,,,0,0,,False,not_evaluated_low_support,fewer_than_10_unique_positive_h3_cells,not_admitted_shadow_evaluation_only,False,sentinel2-spatial-ablation-v0.1,Pseudo-absence cells are not confirmed barren and metrics do not estimate discovery probability.,"[""elevation_m"",""slope_degrees_approx"",""local_relief_m_approx"",""temperature_mean_c_rolling_12m"",""precipitation_total_mm_rolling_12m"",""relative_humidity_mean_pct_rolling_12m"",""wind_speed_2m_mean_m_s_rolling_12m"",""fold_safe_log1p_distance_to_training_positive_km"",""fold_safe_log1p_training_positive_count_100km"",""fold_safe_training_positive_geology_affinity""]","[""annual_bare_b02_reflectance_median"",""annual_bare_b03_reflectance_median"",""annual_bare_b04_reflectance_median"",""annual_bare_b08_reflectance_median"",""annual_bare_b11_reflectance_median"",""annual_bare_b12_reflectance_median"",""annual_bare_ndvi_median"",""annual_bare_ndmi_median"",""annual_bare_bsi_median"",""annual_bare_ndti_median"",""annual_bare_red_blue_ratio_median"",""annual_bare_swir1_swir2_ratio_median"",""dry_clear_land_ndvi_median"",""dry_clear_land_ndmi_median"",""dry_clear_land_bsi_median"",""post_clear_land_ndvi_median"",""post_clear_land_ndmi_median"",""post_clear_land_bsi_median""]"
