record_id,material_name,fold_id,train_positive_rows,train_background_rows,test_positive_rows,test_background_rows,train_spatial_groups,test_spatial_groups,train_test_groups_disjoint,purge_distance_km,minimum_test_positive_to_training_positive_km,test_sentinel_complete_rate,baseline_roc_auc,sentinel2_roc_auc,delta_roc_auc,baseline_average_precision,sentinel2_average_precision,baseline_recall_at_background_top5pct,sentinel2_recall_at_background_top5pct,experiment_version
S2-ABL-COPPER-F1,Copper,1,89,3235,35,808,253,63,True,50.00000000,50.37231942,0.95017794,0.72850071,0.71318953,-0.01531117,0.08217465,0.08366607,0.08571429,0.05714286,sentinel2-spatial-ablation-v0.1
S2-ABL-COPPER-F2,Copper,2,113,3297,21,749,256,60,True,50.00000000,55.39100100,0.97792208,0.72280501,0.68771060,-0.03509441,0.06668223,0.06528673,0.04761905,0.14285714,sentinel2-spatial-ablation-v0.1
S2-ABL-COPPER-F3,Copper,3,95,3179,34,859,252,65,True,50.00000000,50.63934772,0.97200448,0.44579881,0.52396768,0.07816887,0.05314837,0.07625061,0.02941176,0.05882353,sentinel2-spatial-ablation-v0.1
S2-ABL-COPPER-F4,Copper,4,114,3199,19,842,252,65,True,50.00000000,50.63934772,0.97677120,0.78259782,0.75909489,-0.02350294,0.14192746,0.12514612,0.31578947,0.31578947,sentinel2-spatial-ablation-v0.1
S2-ABL-COPPER-F5,Copper,5,96,3221,27,822,253,64,True,50.00000000,58.98543868,0.95995289,0.62552942,0.64341714,0.01788772,0.07666512,0.07123370,0.18518519,0.14814815,sentinel2-spatial-ablation-v0.1
S2-ABL-GRAPHITE-F1,Graphite,1,12,791,3,208,229,57,True,50.00000000,82.51496938,0.97630332,0.75641026,0.73397436,-0.02243590,0.12283294,0.12810338,0.66666667,0.66666667,sentinel2-spatial-ablation-v0.1
S2-ABL-GRAPHITE-F2,Graphite,2,14,803,1,197,229,57,True,50.00000000,80.83129999,0.97474747,0.97969543,0.97461929,-0.00507614,0.20000000,0.16666667,1.00000000,1.00000000,sentinel2-spatial-ablation-v0.1
S2-ABL-GRAPHITE-F3,Graphite,3,11,807,3,189,229,57,True,50.00000000,80.83129999,0.96354167,0.46560847,0.71075838,0.24514991,0.05262903,0.05999336,0.33333333,0.33333333,sentinel2-spatial-ablation-v0.1
S2-ABL-GRAPHITE-F4,Graphite,4,10,799,5,199,228,58,True,50.00000000,52.83797544,0.96568627,0.80703518,0.73869347,-0.06834171,0.40416579,0.23293121,0.60000000,0.60000000,sentinel2-spatial-ablation-v0.1
S2-ABL-GRAPHITE-F5,Graphite,5,11,792,3,207,229,57,True,50.00000000,52.83797544,0.96666667,0.95491143,0.95652174,0.00161031,0.23611111,0.59003831,0.66666667,0.66666667,sentinel2-spatial-ablation-v0.1
S2-ABL-PHOSPHORUS-F1,Phosphorus,1,60,1673,10,420,248,64,True,50.00000000,65.52200929,0.96976744,0.74238095,0.76880952,0.02642857,0.05211138,0.07770027,0.00000000,0.30000000,sentinel2-spatial-ablation-v0.1
S2-ABL-PHOSPHORUS-F2,Phosphorus,2,65,1656,5,441,249,62,True,50.00000000,68.05870404,0.96860987,0.65442177,0.64399093,-0.01043084,0.02526592,0.02518840,0.20000000,0.00000000,sentinel2-spatial-ablation-v0.1
S2-ABL-PHOSPHORUS-F3,Phosphorus,3,40,1667,22,416,248,64,True,50.00000000,56.61463862,0.96347032,0.73623252,0.61407343,-0.12215909,0.19003071,0.17549536,0.18181818,0.18181818,sentinel2-spatial-ablation-v0.1
S2-ABL-PHOSPHORUS-F4,Phosphorus,4,39,1684,18,401,254,58,True,50.00000000,56.61463862,0.98806683,0.67068440,0.50540316,-0.16528124,0.07879827,0.04629262,0.11111111,0.00000000,sentinel2-spatial-ablation-v0.1
S2-ABL-PHOSPHORUS-F5,Phosphorus,5,53,1660,15,422,247,64,True,50.00000000,65.86125732,0.97482838,0.77456556,0.76255924,-0.01200632,0.11277175,0.09272810,0.20000000,0.20000000,sentinel2-spatial-ablation-v0.1
S2-ABL-SILICON-F1,Silicon,1,73,2211,12,567,254,63,True,50.00000000,52.05613767,0.97754750,0.73809524,0.77836567,0.04027043,0.11900562,0.07417021,0.25000000,0.16666667,sentinel2-spatial-ablation-v0.1
S2-ABL-SILICON-F2,Silicon,2,85,2216,8,564,254,63,True,50.00000000,56.77803891,0.94055944,0.76484929,0.74822695,-0.01662234,0.05190715,0.03625829,0.37500000,0.00000000,sentinel2-spatial-ablation-v0.1
S2-ABL-SILICON-F3,Silicon,3,52,2203,35,542,251,66,True,50.00000000,62.36283621,0.97053726,0.73964154,0.71433843,-0.02530311,0.15157714,0.12362701,0.28571429,0.11428571,sentinel2-spatial-ablation-v0.1
S2-ABL-SILICON-F4,Silicon,4,75,2217,14,554,256,61,True,50.00000000,58.81826847,0.97887324,0.77784941,0.76843734,-0.00941207,0.07070137,0.10146200,0.14285714,0.07142857,sentinel2-spatial-ablation-v0.1
S2-ABL-SILICON-F5,Silicon,5,64,2213,24,563,253,64,True,50.00000000,60.92842439,0.96763203,0.69715808,0.69597395,-0.00118413,0.06634380,0.07607044,0.00000000,0.12500000,sentinel2-spatial-ablation-v0.1
S2-ABL-TITANIUM-F1,Titanium,1,32,817,1,183,227,56,True,50.00000000,153.97497389,0.96739130,0.82513661,0.82513661,0.00000000,0.03030303,0.03030303,0.00000000,0.00000000,sentinel2-spatial-ablation-v0.1
S2-ABL-TITANIUM-F2,Titanium,2,25,798,8,197,228,55,True,50.00000000,88.37299637,0.95609756,0.72969543,0.63832487,-0.09137056,0.07991568,0.06519499,0.00000000,0.12500000,sentinel2-spatial-ablation-v0.1
S2-ABL-TITANIUM-F3,Titanium,3,20,775,12,221,225,58,True,50.00000000,75.88025371,0.94849785,0.81221719,0.73642534,-0.07579186,0.28551977,0.21863028,0.41666667,0.33333333,sentinel2-spatial-ablation-v0.1
S2-ABL-TITANIUM-F4,Titanium,4,22,809,9,187,226,57,True,50.00000000,75.88025371,0.98469388,0.77599525,0.79500891,0.01901367,0.14485809,0.19004128,0.33333333,0.33333333,sentinel2-spatial-ablation-v0.1
S2-ABL-TITANIUM-F5,Titanium,5,30,788,3,212,226,57,True,50.00000000,88.37299637,0.96744186,0.85691824,0.90723270,0.05031447,0.05932706,0.08859335,0.00000000,0.00000000,sentinel2-spatial-ablation-v0.1
S2-ABL-VANADIUM-F1,Vanadium,1,8,802,2,196,232,58,True,50.00000000,197.89426740,0.98484848,0.68877551,0.89285714,0.20408163,0.02444842,0.06971154,0.00000000,0.00000000,sentinel2-spatial-ablation-v0.1
S2-ABL-VANADIUM-F2,Vanadium,2,9,803,1,197,233,57,True,50.00000000,244.23144786,0.96464646,0.56852792,0.73096447,0.16243655,0.01162791,0.01851852,0.00000000,0.00000000,sentinel2-spatial-ablation-v0.1
S2-ABL-VANADIUM-F3,Vanadium,3,8,793,2,207,231,59,True,50.00000000,649.39022427,0.98086124,0.30917874,0.46135266,0.15217391,0.01021310,0.01880452,0.00000000,0.00000000,sentinel2-spatial-ablation-v0.1
S2-ABL-VANADIUM-F4,Vanadium,4,6,802,4,196,232,58,True,50.00000000,168.27337049,0.98000000,0.36479592,0.66836735,0.30357143,0.01933497,0.06618357,0.00000000,0.25000000,sentinel2-spatial-ablation-v0.1
S2-ABL-VANADIUM-F5,Vanadium,5,9,796,1,204,232,58,True,50.00000000,168.27337049,0.97073171,0.49509804,0.81862745,0.32352941,0.00961538,0.02631579,0.00000000,0.00000000,sentinel2-spatial-ablation-v0.1
S2-ABL-ALUMINIUM-F1,Aluminium,1,60,1673,9,414,244,60,True,50.00000000,51.32180287,0.96926714,0.74986581,0.73295760,-0.01690821,0.05734398,0.06820749,0.22222222,0.22222222,sentinel2-spatial-ablation-v0.1
S2-ABL-ALUMINIUM-F2,Aluminium,2,60,1657,9,433,243,61,True,50.00000000,56.77803891,0.97511312,0.77213241,0.71773159,-0.05440082,0.04981136,0.03794439,0.11111111,0.00000000,sentinel2-spatial-ablation-v0.1
S2-ABL-ALUMINIUM-F3,Aluminium,3,55,1656,15,431,244,60,True,50.00000000,52.39086724,0.98430493,0.85444702,0.75699923,-0.09744780,0.12722129,0.17963310,0.26666667,0.26666667,sentinel2-spatial-ablation-v0.1
S2-ABL-ALUMINIUM-F4,Aluminium,4,58,1674,12,410,242,62,True,50.00000000,51.32180287,0.95260664,0.67662602,0.68455285,0.00792683,0.04993550,0.04611748,0.08333333,0.00000000,sentinel2-spatial-ablation-v0.1
S2-ABL-ALUMINIUM-F5,Aluminium,5,45,1672,25,412,243,61,True,50.00000000,52.39086724,0.97254005,0.63330097,0.66660194,0.03330097,0.08345149,0.08804610,0.04000000,0.04000000,sentinel2-spatial-ablation-v0.1
S2-ABL-IRON-F1,Iron,1,124,3570,18,816,258,59,True,50.00000000,50.88584485,0.97961631,0.75667211,0.75149782,-0.00517429,0.05579396,0.06210687,0.16666667,0.16666667,sentinel2-spatial-ablation-v0.1
S2-ABL-IRON-F2,Iron,2,81,3481,64,900,255,62,True,50.00000000,56.77803891,0.95746888,0.85296875,0.72104167,-0.13192708,0.23842746,0.23903201,0.09375000,0.35937500,sentinel2-spatial-ablation-v0.1
S2-ABL-IRON-F3,Iron,3,123,3566,17,833,252,65,True,50.00000000,50.81287473,0.97176471,0.75799732,0.75354848,-0.00444884,0.03983627,0.04680565,0.05882353,0.11764706,sentinel2-spatial-ablation-v0.1
S2-ABL-IRON-F4,Iron,4,105,3488,38,874,252,65,True,50.00000000,56.61463862,0.96271930,0.81660243,0.82148019,0.00487776,0.13396540,0.15609020,0.23684211,0.28947368,sentinel2-spatial-ablation-v0.1
S2-ABL-IRON-F5,Iron,5,136,3389,10,987,251,66,True,50.00000000,62.76051076,0.98094283,0.69898683,0.68247214,-0.01651469,0.01672362,0.01608389,0.00000000,0.00000000,sentinel2-spatial-ablation-v0.1
S2-ABL-MANGANESE-F1,Manganese,1,37,2025,37,543,247,66,True,50.00000000,71.58810631,0.97758621,0.84809119,0.77273406,-0.07535713,0.16955708,0.12139219,0.00000000,0.02702703,sentinel2-spatial-ablation-v0.1
S2-ABL-MANGANESE-F2,Manganese,2,56,2060,26,512,255,58,True,50.00000000,62.14058956,0.95539033,0.85186298,0.80513822,-0.04672476,0.23152383,0.20691896,0.46153846,0.42307692,sentinel2-spatial-ablation-v0.1
S2-ABL-MANGANESE-F3,Manganese,3,53,2091,11,479,252,61,True,50.00000000,51.65622740,0.97142857,0.70639590,0.68419055,-0.02220535,0.15434277,0.15031883,0.18181818,0.18181818,sentinel2-spatial-ablation-v0.1
S2-ABL-MANGANESE-F4,Manganese,4,82,2026,4,546,250,63,True,50.00000000,58.13611881,0.97454545,0.91117216,0.86034799,-0.05082418,0.08368455,0.06294021,0.25000000,0.25000000,sentinel2-spatial-ablation-v0.1
S2-ABL-MANGANESE-F5,Manganese,5,75,2073,8,500,248,65,True,50.00000000,58.13611881,0.97244094,0.84300000,0.80100000,-0.04200000,0.07316182,0.07432700,0.25000000,0.25000000,sentinel2-spatial-ablation-v0.1
S2-ABL-CHROMIUM-F1,Chromium,1,15,801,3,198,226,57,True,50.00000000,50.66605829,0.98009950,0.93771044,0.94276094,0.00505051,0.69166667,0.69369369,0.66666667,0.66666667,sentinel2-spatial-ablation-v0.1
S2-ABL-CHROMIUM-F2,Chromium,2,17,813,3,187,226,57,True,50.00000000,50.66605829,0.96315789,0.78253119,0.76114082,-0.02139037,0.20230769,0.19083607,0.33333333,0.33333333,sentinel2-spatial-ablation-v0.1
S2-ABL-CHROMIUM-F3,Chromium,3,12,783,5,216,227,56,True,50.00000000,53.49443562,0.97285068,0.93888889,0.94074074,0.00185185,0.21872200,0.19850441,0.40000000,0.40000000,sentinel2-spatial-ablation-v0.1
S2-ABL-CHROMIUM-F4,Chromium,4,18,785,2,215,226,57,True,50.00000000,119.97382242,0.97695853,0.97209302,0.97441860,0.00232558,0.19642857,0.21111111,1.00000000,1.00000000,sentinel2-spatial-ablation-v0.1
S2-ABL-CHROMIUM-F5,Chromium,5,11,814,7,184,227,56,True,50.00000000,56.68464125,0.97382199,0.96894410,0.93400621,-0.03493789,0.48164574,0.44944629,0.85714286,0.57142857,sentinel2-spatial-ablation-v0.1
S2-ABL-LEAD-F1,Lead,1,19,806,11,189,231,56,True,50.00000000,164.97430747,0.98000000,0.51611352,0.58730159,0.07118807,0.05956939,0.06937315,0.00000000,0.00000000,sentinel2-spatial-ablation-v0.1
S2-ABL-LEAD-F2,Lead,2,18,813,11,182,231,56,True,50.00000000,67.14351624,0.95336788,0.68781219,0.74475524,0.05694306,0.12891027,0.13630266,0.00000000,0.09090909,sentinel2-spatial-ablation-v0.1
S2-ABL-LEAD-F3,Lead,3,25,768,3,230,230,57,True,50.00000000,94.54590716,0.95278970,0.73768116,0.75072464,0.01304348,0.03978836,0.04565297,0.00000000,0.33333333,sentinel2-spatial-ablation-v0.1
S2-ABL-LEAD-F4,Lead,4,28,794,2,205,227,60,True,50.00000000,114.01646580,0.97584541,0.51951220,0.46341463,-0.05609756,0.02651515,0.03121775,0.00000000,0.00000000,sentinel2-spatial-ablation-v0.1
S2-ABL-LEAD-F5,Lead,5,25,806,3,194,229,58,True,50.00000000,67.14351624,0.97461929,0.86597938,0.87628866,0.01030928,0.08137084,0.10279720,0.33333333,0.33333333,sentinel2-spatial-ablation-v0.1
S2-ABL-ZINC-F1,Zinc,1,19,777,2,221,234,57,True,50.00000000,229.98880804,0.95964126,0.56108597,0.64479638,0.08371041,0.01484341,0.01980676,0.00000000,0.00000000,sentinel2-spatial-ablation-v0.1
S2-ABL-ZINC-F2,Zinc,2,15,793,6,202,233,58,True,50.00000000,79.71082847,0.96153846,0.77970297,0.62211221,-0.15759076,0.10596847,0.04640018,0.33333333,0.00000000,sentinel2-spatial-ablation-v0.1
S2-ABL-ZINC-F3,Zinc,3,11,788,7,210,233,58,True,50.00000000,94.54590716,0.98156682,0.68843537,0.48843537,-0.20000000,0.07391708,0.04235843,0.00000000,0.14285714,sentinel2-spatial-ablation-v0.1
S2-ABL-ZINC-F4,Zinc,4,20,803,1,195,230,60,True,50.00000000,319.57453381,0.94897959,0.73846154,0.67692308,-0.06153846,0.01923077,0.01562500,0.00000000,0.00000000,sentinel2-spatial-ablation-v0.1
S2-ABL-ZINC-F5,Zinc,5,14,824,5,172,233,58,True,50.00000000,79.71082847,0.96045198,0.67441860,0.75232558,0.07790698,0.05408280,0.07086251,0.00000000,0.00000000,sentinel2-spatial-ablation-v0.1
S2-ABL-GOLD-F1,Gold,1,12,797,2,202,228,57,True,50.00000000,216.90306525,0.98529412,0.20297030,0.14851485,-0.05445545,0.00916875,0.00844073,0.00000000,0.00000000,sentinel2-spatial-ablation-v0.1
S2-ABL-GOLD-F2,Gold,2,12,790,2,209,228,57,True,50.00000000,151.85635387,0.95260664,0.76794258,0.41148325,-0.35645933,0.03095238,0.01648228,0.00000000,0.00000000,sentinel2-spatial-ablation-v0.1
S2-ABL-GOLD-F3,Gold,3,8,803,6,196,231,54,True,50.00000000,83.28720839,0.97029703,0.71938776,0.56292517,-0.15646259,0.08299482,0.03834595,0.16666667,0.00000000,sentinel2-spatial-ablation-v0.1
S2-ABL-GOLD-F4,Gold,4,13,793,1,206,226,58,True,50.00000000,83.28720839,0.93719807,0.83495146,0.73786408,-0.09708738,0.02857143,0.01818182,0.00000000,0.00000000,sentinel2-spatial-ablation-v0.1
S2-ABL-GOLD-F5,Gold,5,11,812,3,187,226,59,True,50.00000000,193.04128855,0.97368421,0.23351159,0.44741533,0.21390374,0.01320271,0.01845446,0.00000000,0.00000000,sentinel2-spatial-ablation-v0.1
S2-ABL-SILVER-F1,Silver,1,15,822,5,178,231,59,True,50.00000000,82.56615404,0.96721311,0.78089888,0.76179775,-0.01910112,0.19833333,0.26701262,0.20000000,0.20000000,sentinel2-spatial-ablation-v0.1
S2-ABL-SILVER-F2,Silver,2,15,782,4,217,234,56,True,50.00000000,86.24381621,0.95475113,0.74423963,0.88479263,0.14055300,0.10011694,0.08802839,0.50000000,0.00000000,sentinel2-spatial-ablation-v0.1
S2-ABL-SILVER-F3,Silver,3,17,811,2,189,233,57,True,50.00000000,63.00246496,0.97382199,0.95238095,0.96560847,0.01322751,0.14090909,0.19090909,1.00000000,1.00000000,sentinel2-spatial-ablation-v0.1
S2-ABL-SILVER-F4,Silver,4,13,786,7,211,233,57,True,50.00000000,167.26829095,0.95871560,0.21394719,0.46648612,0.25253893,0.02209865,0.03394737,0.00000000,0.00000000,sentinel2-spatial-ablation-v0.1
S2-ABL-SILVER-F5,Silver,5,18,792,2,205,229,61,True,50.00000000,82.56615404,0.96618357,0.54878049,0.66097561,0.11219512,0.04417582,0.09068627,0.00000000,0.50000000,sentinel2-spatial-ablation-v0.1
