record_id,material_name,fold_id,train_positive_rows,train_background_rows,test_positive_rows,test_background_rows,train_spatial_groups,test_spatial_groups,train_test_groups_disjoint,purge_distance_km,minimum_test_positive_to_training_positive_km,test_soil_complete_rate,baseline_roc_auc,soilgrids_roc_auc,delta_roc_auc,baseline_average_precision,soilgrids_average_precision,baseline_recall_at_background_top5pct,soilgrids_recall_at_background_top5pct,experiment_version
SOIL-ABL-COPPER-F1,Copper,1,89,3235,35,808,253,63,True,50.00000000,50.37231942,0.97271649,0.72850071,0.67036775,-0.05813296,0.08217465,0.06266721,0.08571429,0.02857143,soilgrids-spatial-ablation-v0.1
SOIL-ABL-COPPER-F2,Copper,2,113,3297,21,749,256,60,True,50.00000000,55.39100100,0.99610390,0.72280501,0.68217941,-0.04062560,0.06668223,0.06664458,0.04761905,0.04761905,soilgrids-spatial-ablation-v0.1
SOIL-ABL-COPPER-F3,Copper,3,95,3179,34,859,252,65,True,50.00000000,50.63934772,0.99552072,0.44579881,0.51167568,0.06587687,0.05314837,0.05232364,0.02941176,0.05882353,soilgrids-spatial-ablation-v0.1
SOIL-ABL-COPPER-F4,Copper,4,114,3199,19,842,252,65,True,50.00000000,50.63934772,0.98838560,0.78259782,0.78878610,0.00618827,0.14192746,0.23832418,0.31578947,0.31578947,soilgrids-spatial-ablation-v0.1
SOIL-ABL-COPPER-F5,Copper,5,96,3221,27,822,253,64,True,50.00000000,58.98543868,0.99528857,0.62552942,0.62908894,0.00355952,0.07666512,0.07618298,0.18518519,0.25925926,soilgrids-spatial-ablation-v0.1
SOIL-ABL-GRAPHITE-F1,Graphite,1,12,791,3,208,229,57,True,50.00000000,82.51496938,0.99052133,0.75641026,0.70032051,-0.05608974,0.12283294,0.12142256,0.66666667,0.66666667,soilgrids-spatial-ablation-v0.1
SOIL-ABL-GRAPHITE-F2,Graphite,2,14,803,1,197,229,57,True,50.00000000,80.83129999,0.99494949,0.97969543,0.96954315,-0.01015228,0.20000000,0.14285714,1.00000000,1.00000000,soilgrids-spatial-ablation-v0.1
SOIL-ABL-GRAPHITE-F3,Graphite,3,11,807,3,189,229,57,True,50.00000000,80.83129999,0.98437500,0.46560847,0.68253968,0.21693122,0.05262903,0.07488788,0.33333333,0.33333333,soilgrids-spatial-ablation-v0.1
SOIL-ABL-GRAPHITE-F4,Graphite,4,10,799,5,199,228,58,True,50.00000000,52.83797544,0.98529412,0.80703518,0.78994975,-0.01708543,0.40416579,0.24732210,0.60000000,0.60000000,soilgrids-spatial-ablation-v0.1
SOIL-ABL-GRAPHITE-F5,Graphite,5,11,792,3,207,229,57,True,50.00000000,52.83797544,0.99047619,0.95491143,0.81642512,-0.13848631,0.23611111,0.47543860,0.66666667,0.66666667,soilgrids-spatial-ablation-v0.1
SOIL-ABL-PHOSPHORUS-F1,Phosphorus,1,60,1673,10,420,248,64,True,50.00000000,65.52200929,0.99069767,0.74238095,0.65476190,-0.08761905,0.05211138,0.04046735,0.00000000,0.00000000,soilgrids-spatial-ablation-v0.1
SOIL-ABL-PHOSPHORUS-F2,Phosphorus,2,65,1656,5,441,249,62,True,50.00000000,68.05870404,0.99775785,0.65442177,0.73922902,0.08480726,0.02526592,0.03336106,0.20000000,0.00000000,soilgrids-spatial-ablation-v0.1
SOIL-ABL-PHOSPHORUS-F3,Phosphorus,3,40,1667,22,416,248,64,True,50.00000000,56.61463862,0.99543379,0.73623252,0.73415647,-0.00207605,0.19003071,0.19914247,0.18181818,0.13636364,soilgrids-spatial-ablation-v0.1
SOIL-ABL-PHOSPHORUS-F4,Phosphorus,4,39,1684,18,401,254,58,True,50.00000000,56.61463862,0.99284010,0.67068440,0.65558326,-0.01510114,0.07879827,0.07781905,0.11111111,0.11111111,soilgrids-spatial-ablation-v0.1
SOIL-ABL-PHOSPHORUS-F5,Phosphorus,5,53,1660,15,422,247,64,True,50.00000000,65.86125732,0.99084668,0.77456556,0.66240126,-0.11216430,0.11277175,0.10525877,0.20000000,0.13333333,soilgrids-spatial-ablation-v0.1
SOIL-ABL-SILICON-F1,Silicon,1,73,2211,12,567,254,63,True,50.00000000,52.05613767,0.99827288,0.73809524,0.73192240,-0.00617284,0.11900562,0.14821029,0.25000000,0.33333333,soilgrids-spatial-ablation-v0.1
SOIL-ABL-SILICON-F2,Silicon,2,85,2216,8,564,254,63,True,50.00000000,56.77803891,0.98076923,0.76484929,0.70589539,-0.05895390,0.05190715,0.04300871,0.37500000,0.25000000,soilgrids-spatial-ablation-v0.1
SOIL-ABL-SILICON-F3,Silicon,3,52,2203,35,542,251,66,True,50.00000000,62.36283621,0.99653380,0.73964154,0.73900896,-0.00063258,0.15157714,0.19401366,0.28571429,0.34285714,soilgrids-spatial-ablation-v0.1
SOIL-ABL-SILICON-F4,Silicon,4,75,2217,14,554,256,61,True,50.00000000,58.81826847,0.99295775,0.77784941,0.75309438,-0.02475503,0.07070137,0.06760404,0.14285714,0.21428571,soilgrids-spatial-ablation-v0.1
SOIL-ABL-SILICON-F5,Silicon,5,64,2213,24,563,253,64,True,50.00000000,60.92842439,0.99148211,0.69715808,0.68783304,-0.00932504,0.06634380,0.06834755,0.00000000,0.08333333,soilgrids-spatial-ablation-v0.1
SOIL-ABL-TITANIUM-F1,Titanium,1,32,817,1,183,227,56,True,50.00000000,153.97497389,1.00000000,0.82513661,0.61748634,-0.20765027,0.03030303,0.01408451,0.00000000,0.00000000,soilgrids-spatial-ablation-v0.1
SOIL-ABL-TITANIUM-F2,Titanium,2,25,798,8,197,228,55,True,50.00000000,88.37299637,1.00000000,0.72969543,0.75190355,0.02220812,0.07991568,0.11904312,0.00000000,0.25000000,soilgrids-spatial-ablation-v0.1
SOIL-ABL-TITANIUM-F3,Titanium,3,20,775,12,221,225,58,True,50.00000000,75.88025371,0.98712446,0.81221719,0.80580694,-0.00641026,0.28551977,0.24343790,0.41666667,0.33333333,soilgrids-spatial-ablation-v0.1
SOIL-ABL-TITANIUM-F4,Titanium,4,22,809,9,187,226,57,True,50.00000000,75.88025371,0.97959184,0.77599525,0.77005348,-0.00594177,0.14485809,0.12548269,0.33333333,0.11111111,soilgrids-spatial-ablation-v0.1
SOIL-ABL-TITANIUM-F5,Titanium,5,30,788,3,212,226,57,True,50.00000000,88.37299637,0.99534884,0.85691824,0.87578616,0.01886792,0.05932706,0.07200368,0.00000000,0.00000000,soilgrids-spatial-ablation-v0.1
SOIL-ABL-VANADIUM-F1,Vanadium,1,8,802,2,196,232,58,True,50.00000000,197.89426740,1.00000000,0.68877551,0.70408163,0.01530612,0.02444842,0.02462462,0.00000000,0.00000000,soilgrids-spatial-ablation-v0.1
SOIL-ABL-VANADIUM-F2,Vanadium,2,9,803,1,197,233,57,True,50.00000000,244.23144786,0.97979798,0.56852792,0.20304569,-0.36548223,0.01162791,0.00632911,0.00000000,0.00000000,soilgrids-spatial-ablation-v0.1
SOIL-ABL-VANADIUM-F3,Vanadium,3,8,793,2,207,231,59,True,50.00000000,649.39022427,0.97607656,0.30917874,0.30676329,-0.00241546,0.01021310,0.01005124,0.00000000,0.00000000,soilgrids-spatial-ablation-v0.1
SOIL-ABL-VANADIUM-F4,Vanadium,4,6,802,4,196,232,58,True,50.00000000,168.27337049,0.99000000,0.36479592,0.72576531,0.36096939,0.01933497,0.04776650,0.00000000,0.00000000,soilgrids-spatial-ablation-v0.1
SOIL-ABL-VANADIUM-F5,Vanadium,5,9,796,1,204,232,58,True,50.00000000,168.27337049,1.00000000,0.49509804,0.50490196,0.00980392,0.00961538,0.00980392,0.00000000,0.00000000,soilgrids-spatial-ablation-v0.1
SOIL-ABL-ALUMINIUM-F1,Aluminium,1,60,1673,9,414,244,60,True,50.00000000,51.32180287,0.98345154,0.74986581,0.68679549,-0.06307032,0.05734398,0.04308284,0.22222222,0.22222222,soilgrids-spatial-ablation-v0.1
SOIL-ABL-ALUMINIUM-F2,Aluminium,2,60,1657,9,433,243,61,True,50.00000000,56.77803891,0.99773756,0.77213241,0.73774698,-0.03438542,0.04981136,0.04613328,0.11111111,0.00000000,soilgrids-spatial-ablation-v0.1
SOIL-ABL-ALUMINIUM-F3,Aluminium,3,55,1656,15,431,244,60,True,50.00000000,52.39086724,0.99551570,0.85444702,0.89017788,0.03573086,0.12722129,0.17928728,0.26666667,0.33333333,soilgrids-spatial-ablation-v0.1
SOIL-ABL-ALUMINIUM-F4,Aluminium,4,58,1674,12,410,242,62,True,50.00000000,51.32180287,0.98815166,0.67662602,0.70203252,0.02540650,0.04993550,0.04979169,0.08333333,0.00000000,soilgrids-spatial-ablation-v0.1
SOIL-ABL-ALUMINIUM-F5,Aluminium,5,45,1672,25,412,243,61,True,50.00000000,52.39086724,0.99313501,0.63330097,0.72213592,0.08883495,0.08345149,0.12254324,0.04000000,0.20000000,soilgrids-spatial-ablation-v0.1
SOIL-ABL-IRON-F1,Iron,1,124,3570,18,816,258,59,True,50.00000000,50.88584485,0.99520384,0.75667211,0.77069717,0.01402505,0.05579396,0.05837666,0.16666667,0.16666667,soilgrids-spatial-ablation-v0.1
SOIL-ABL-IRON-F2,Iron,2,81,3481,64,900,255,62,True,50.00000000,56.77803891,0.98962656,0.85296875,0.84451389,-0.00845486,0.23842746,0.24660892,0.09375000,0.23437500,soilgrids-spatial-ablation-v0.1
SOIL-ABL-IRON-F3,Iron,3,123,3566,17,833,252,65,True,50.00000000,50.81287473,0.99294118,0.75799732,0.74606313,-0.01193419,0.03983627,0.04109981,0.05882353,0.00000000,soilgrids-spatial-ablation-v0.1
SOIL-ABL-IRON-F4,Iron,4,105,3488,38,874,252,65,True,50.00000000,56.61463862,0.98793860,0.81660243,0.75457666,-0.06202577,0.13396540,0.12115018,0.23684211,0.21052632,soilgrids-spatial-ablation-v0.1
SOIL-ABL-IRON-F5,Iron,5,136,3389,10,987,251,66,True,50.00000000,62.76051076,0.99598796,0.69898683,0.72380952,0.02482270,0.01672362,0.01823330,0.00000000,0.00000000,soilgrids-spatial-ablation-v0.1
SOIL-ABL-MANGANESE-F1,Manganese,1,37,2025,37,543,247,66,True,50.00000000,71.58810631,0.98793103,0.84809119,0.79538102,-0.05271017,0.16955708,0.13492777,0.00000000,0.00000000,soilgrids-spatial-ablation-v0.1
SOIL-ABL-MANGANESE-F2,Manganese,2,56,2060,26,512,255,58,True,50.00000000,62.14058956,0.99628253,0.85186298,0.71228966,-0.13957332,0.23152383,0.19366087,0.46153846,0.42307692,soilgrids-spatial-ablation-v0.1
SOIL-ABL-MANGANESE-F3,Manganese,3,53,2091,11,479,252,61,True,50.00000000,51.65622740,0.98571429,0.70639590,0.68741697,-0.01897893,0.15434277,0.11362512,0.18181818,0.27272727,soilgrids-spatial-ablation-v0.1
SOIL-ABL-MANGANESE-F4,Manganese,4,82,2026,4,546,250,63,True,50.00000000,58.13611881,0.99090909,0.91117216,0.81639194,-0.09478022,0.08368455,0.06579623,0.25000000,0.25000000,soilgrids-spatial-ablation-v0.1
SOIL-ABL-MANGANESE-F5,Manganese,5,75,2073,8,500,248,65,True,50.00000000,58.13611881,0.99015748,0.84300000,0.82350000,-0.01950000,0.07316182,0.06157793,0.25000000,0.25000000,soilgrids-spatial-ablation-v0.1
SOIL-ABL-CHROMIUM-F1,Chromium,1,15,801,3,198,226,57,True,50.00000000,50.66605829,0.99502488,0.93771044,0.95791246,0.02020202,0.69166667,0.48611111,0.66666667,0.66666667,soilgrids-spatial-ablation-v0.1
SOIL-ABL-CHROMIUM-F2,Chromium,2,17,813,3,187,226,57,True,50.00000000,50.66605829,0.99473684,0.78253119,0.73618538,-0.04634581,0.20230769,0.39598109,0.33333333,0.33333333,soilgrids-spatial-ablation-v0.1
SOIL-ABL-CHROMIUM-F3,Chromium,3,12,783,5,216,227,56,True,50.00000000,53.49443562,0.99547511,0.93888889,0.93240741,-0.00648148,0.21872200,0.48382143,0.40000000,0.40000000,soilgrids-spatial-ablation-v0.1
SOIL-ABL-CHROMIUM-F4,Chromium,4,18,785,2,215,226,57,True,50.00000000,119.97382242,0.98156682,0.97209302,0.99767442,0.02558140,0.19642857,0.83333333,1.00000000,1.00000000,soilgrids-spatial-ablation-v0.1
SOIL-ABL-CHROMIUM-F5,Chromium,5,11,814,7,184,227,56,True,50.00000000,56.68464125,0.99476440,0.96894410,0.95419255,-0.01475155,0.48164574,0.52379900,0.85714286,0.57142857,soilgrids-spatial-ablation-v0.1
SOIL-ABL-LEAD-F1,Lead,1,19,806,11,189,231,56,True,50.00000000,164.97430747,0.99000000,0.51611352,0.42424242,-0.09187109,0.05956939,0.06745125,0.00000000,0.09090909,soilgrids-spatial-ablation-v0.1
SOIL-ABL-LEAD-F2,Lead,2,18,813,11,182,231,56,True,50.00000000,67.14351624,1.00000000,0.68781219,0.69980020,0.01198801,0.12891027,0.24627477,0.00000000,0.36363636,soilgrids-spatial-ablation-v0.1
SOIL-ABL-LEAD-F3,Lead,3,25,768,3,230,230,57,True,50.00000000,94.54590716,0.99570815,0.73768116,0.67681159,-0.06086957,0.03978836,0.02622644,0.00000000,0.00000000,soilgrids-spatial-ablation-v0.1
SOIL-ABL-LEAD-F4,Lead,4,28,794,2,205,227,60,True,50.00000000,114.01646580,0.99033816,0.51951220,0.34146341,-0.17804878,0.02651515,0.01240668,0.00000000,0.00000000,soilgrids-spatial-ablation-v0.1
SOIL-ABL-LEAD-F5,Lead,5,25,806,3,194,229,58,True,50.00000000,67.14351624,0.98477157,0.86597938,0.77319588,-0.09278351,0.08137084,0.04536995,0.33333333,0.00000000,soilgrids-spatial-ablation-v0.1
SOIL-ABL-ZINC-F1,Zinc,1,19,777,2,221,234,57,True,50.00000000,229.98880804,0.99551570,0.56108597,0.57918552,0.01809955,0.01484341,0.01600922,0.00000000,0.00000000,soilgrids-spatial-ablation-v0.1
SOIL-ABL-ZINC-F2,Zinc,2,15,793,6,202,233,58,True,50.00000000,79.71082847,1.00000000,0.77970297,0.65511551,-0.12458746,0.10596847,0.09838369,0.33333333,0.16666667,soilgrids-spatial-ablation-v0.1
SOIL-ABL-ZINC-F3,Zinc,3,11,788,7,210,233,58,True,50.00000000,94.54590716,1.00000000,0.68843537,0.65510204,-0.03333333,0.07391708,0.07138529,0.00000000,0.00000000,soilgrids-spatial-ablation-v0.1
SOIL-ABL-ZINC-F4,Zinc,4,20,803,1,195,230,60,True,50.00000000,319.57453381,0.98979592,0.73846154,0.82564103,0.08717949,0.01923077,0.02857143,0.00000000,0.00000000,soilgrids-spatial-ablation-v0.1
SOIL-ABL-ZINC-F5,Zinc,5,14,824,5,172,233,58,True,50.00000000,79.71082847,1.00000000,0.67441860,0.79883721,0.12441860,0.05408280,0.11275111,0.00000000,0.20000000,soilgrids-spatial-ablation-v0.1
SOIL-ABL-GOLD-F1,Gold,1,12,797,2,202,228,57,True,50.00000000,216.90306525,0.99019608,0.20297030,0.33663366,0.13366337,0.00916875,0.01093835,0.00000000,0.00000000,soilgrids-spatial-ablation-v0.1
SOIL-ABL-GOLD-F2,Gold,2,12,790,2,209,228,57,True,50.00000000,151.85635387,0.99052133,0.76794258,0.43779904,-0.33014354,0.03095238,0.02047937,0.00000000,0.00000000,soilgrids-spatial-ablation-v0.1
SOIL-ABL-GOLD-F3,Gold,3,8,803,6,196,231,54,True,50.00000000,83.28720839,0.99009901,0.71938776,0.56292517,-0.15646259,0.08299482,0.04265702,0.16666667,0.00000000,soilgrids-spatial-ablation-v0.1
SOIL-ABL-GOLD-F4,Gold,4,13,793,1,206,226,58,True,50.00000000,83.28720839,1.00000000,0.83495146,0.69902913,-0.13592233,0.02857143,0.01587302,0.00000000,0.00000000,soilgrids-spatial-ablation-v0.1
SOIL-ABL-GOLD-F5,Gold,5,11,812,3,187,226,59,True,50.00000000,193.04128855,0.99473684,0.23351159,0.32620321,0.09269162,0.01320271,0.01516675,0.00000000,0.00000000,soilgrids-spatial-ablation-v0.1
SOIL-ABL-SILVER-F1,Silver,1,15,822,5,178,231,59,True,50.00000000,82.56615404,1.00000000,0.78089888,0.61011236,-0.17078652,0.19833333,0.05324536,0.20000000,0.20000000,soilgrids-spatial-ablation-v0.1
SOIL-ABL-SILVER-F2,Silver,2,15,782,4,217,234,56,True,50.00000000,86.24381621,0.99547511,0.74423963,0.82834101,0.08410138,0.10011694,0.18648019,0.50000000,0.50000000,soilgrids-spatial-ablation-v0.1
SOIL-ABL-SILVER-F3,Silver,3,17,811,2,189,233,57,True,50.00000000,63.00246496,0.99476440,0.95238095,0.92328042,-0.02910053,0.14090909,0.16071429,1.00000000,0.50000000,soilgrids-spatial-ablation-v0.1
SOIL-ABL-SILVER-F4,Silver,4,13,786,7,211,233,57,True,50.00000000,167.26829095,0.99082569,0.21394719,0.43805010,0.22410291,0.02209865,0.03816649,0.00000000,0.00000000,soilgrids-spatial-ablation-v0.1
SOIL-ABL-SILVER-F5,Silver,5,18,792,2,205,229,61,True,50.00000000,82.56615404,0.99516908,0.54878049,0.53658537,-0.01219512,0.04417582,0.06790541,0.00000000,0.50000000,soilgrids-spatial-ablation-v0.1
