record_id,material_name,known_evidence_records_raw,unique_positive_h3_cells,positive_h3_r3_groups,positive_soil_complete_cells,positive_soil_complete_rate,background_cells_sampled,background_soil_complete_rate,spatial_cv_folds,oof_positive_rows,oof_background_rows,baseline_roc_auc,soilgrids_roc_auc,delta_roc_auc,delta_roc_auc_group_bootstrap_ci95_low,delta_roc_auc_group_bootstrap_ci95_high,baseline_average_precision,soilgrids_average_precision,delta_average_precision,baseline_recall_at_background_top5pct,soilgrids_recall_at_background_top5pct,delta_recall_at_background_top5pct,baseline_brier_score,soilgrids_brier_score,folds_with_positive_auc_gain,folds_with_negative_auc_gain,minimum_test_positive_to_training_positive_km,admission_gate_result,soilgrids_feature_admission_decision,decision_reason,production_scoring_status,candidate_scores_recomputed,experiment_version,background_interpretation,baseline_features_json,soilgrids_features_json
SOIL-ABL-ANTIMONY,Antimony,1,1,1,1,1.00000000,0,,0,0,0,,,,,,,,,,,,,,0,0,,False,not_evaluated_low_support,fewer_than_10_unique_positive_h3_cells,not_admitted_shadow_evaluation_only,False,soilgrids-spatial-ablation-v0.1,Pseudo-absence cells are not confirmed barren and metrics do not estimate discovery probability.,"[""elevation_m"",""slope_degrees_approx"",""local_relief_m_approx"",""temperature_mean_c_rolling_12m"",""precipitation_total_mm_rolling_12m"",""relative_humidity_mean_pct_rolling_12m"",""wind_speed_2m_mean_m_s_rolling_12m"",""fold_safe_log1p_distance_to_training_positive_km"",""fold_safe_log1p_training_positive_count_100km"",""fold_safe_training_positive_geology_affinity""]","[""soilgrids_phh2o_0_5cm_mean"",""soilgrids_phh2o_30_60cm_mean"",""soilgrids_clay_0_5cm_mean"",""soilgrids_clay_30_60cm_mean"",""soilgrids_sand_0_5cm_mean"",""soilgrids_sand_30_60cm_mean"",""soilgrids_silt_0_5cm_mean"",""soilgrids_silt_30_60cm_mean"",""soilgrids_soc_0_5cm_mean"",""soilgrids_soc_30_60cm_mean"",""soilgrids_cec_0_5cm_mean"",""soilgrids_cec_30_60cm_mean"",""soilgrids_nitrogen_0_5cm_mean"",""soilgrids_nitrogen_30_60cm_mean"",""soilgrids_bdod_0_5cm_mean"",""soilgrids_bdod_30_60cm_mean"",""soilgrids_cfvo_0_5cm_mean"",""soilgrids_cfvo_30_60cm_mean"",""soilgrids_phh2o_0_5cm_p90_width"",""soilgrids_phh2o_30_60cm_p90_width"",""soilgrids_clay_0_5cm_p90_width"",""soilgrids_clay_30_60cm_p90_width"",""soilgrids_sand_0_5cm_p90_width"",""soilgrids_sand_30_60cm_p90_width"",""soilgrids_silt_0_5cm_p90_width"",""soilgrids_silt_30_60cm_p90_width"",""soilgrids_soc_0_5cm_p90_width"",""soilgrids_soc_30_60cm_p90_width"",""soilgrids_cec_0_5cm_p90_width"",""soilgrids_cec_30_60cm_p90_width"",""soilgrids_nitrogen_0_5cm_p90_width"",""soilgrids_nitrogen_30_60cm_p90_width"",""soilgrids_bdod_0_5cm_p90_width"",""soilgrids_bdod_30_60cm_p90_width"",""soilgrids_cfvo_0_5cm_p90_width"",""soilgrids_cfvo_30_60cm_p90_width""]"
SOIL-ABL-BERYLLIUM,Beryllium,0,0,0,0,,0,,0,0,0,,,,,,,,,,,,,,0,0,,False,not_evaluated_low_support,fewer_than_10_unique_positive_h3_cells,not_admitted_shadow_evaluation_only,False,soilgrids-spatial-ablation-v0.1,Pseudo-absence cells are not confirmed barren and metrics do not estimate discovery probability.,"[""elevation_m"",""slope_degrees_approx"",""local_relief_m_approx"",""temperature_mean_c_rolling_12m"",""precipitation_total_mm_rolling_12m"",""relative_humidity_mean_pct_rolling_12m"",""wind_speed_2m_mean_m_s_rolling_12m"",""fold_safe_log1p_distance_to_training_positive_km"",""fold_safe_log1p_training_positive_count_100km"",""fold_safe_training_positive_geology_affinity""]","[""soilgrids_phh2o_0_5cm_mean"",""soilgrids_phh2o_30_60cm_mean"",""soilgrids_clay_0_5cm_mean"",""soilgrids_clay_30_60cm_mean"",""soilgrids_sand_0_5cm_mean"",""soilgrids_sand_30_60cm_mean"",""soilgrids_silt_0_5cm_mean"",""soilgrids_silt_30_60cm_mean"",""soilgrids_soc_0_5cm_mean"",""soilgrids_soc_30_60cm_mean"",""soilgrids_cec_0_5cm_mean"",""soilgrids_cec_30_60cm_mean"",""soilgrids_nitrogen_0_5cm_mean"",""soilgrids_nitrogen_30_60cm_mean"",""soilgrids_bdod_0_5cm_mean"",""soilgrids_bdod_30_60cm_mean"",""soilgrids_cfvo_0_5cm_mean"",""soilgrids_cfvo_30_60cm_mean"",""soilgrids_phh2o_0_5cm_p90_width"",""soilgrids_phh2o_30_60cm_p90_width"",""soilgrids_clay_0_5cm_p90_width"",""soilgrids_clay_30_60cm_p90_width"",""soilgrids_sand_0_5cm_p90_width"",""soilgrids_sand_30_60cm_p90_width"",""soilgrids_silt_0_5cm_p90_width"",""soilgrids_silt_30_60cm_p90_width"",""soilgrids_soc_0_5cm_p90_width"",""soilgrids_soc_30_60cm_p90_width"",""soilgrids_cec_0_5cm_p90_width"",""soilgrids_cec_30_60cm_p90_width"",""soilgrids_nitrogen_0_5cm_p90_width"",""soilgrids_nitrogen_30_60cm_p90_width"",""soilgrids_bdod_0_5cm_p90_width"",""soilgrids_bdod_30_60cm_p90_width"",""soilgrids_cfvo_0_5cm_p90_width"",""soilgrids_cfvo_30_60cm_p90_width""]"
SOIL-ABL-BISMUTH,Bismuth,0,0,0,0,,0,,0,0,0,,,,,,,,,,,,,,0,0,,False,not_evaluated_low_support,fewer_than_10_unique_positive_h3_cells,not_admitted_shadow_evaluation_only,False,soilgrids-spatial-ablation-v0.1,Pseudo-absence cells are not confirmed barren and metrics do not estimate discovery probability.,"[""elevation_m"",""slope_degrees_approx"",""local_relief_m_approx"",""temperature_mean_c_rolling_12m"",""precipitation_total_mm_rolling_12m"",""relative_humidity_mean_pct_rolling_12m"",""wind_speed_2m_mean_m_s_rolling_12m"",""fold_safe_log1p_distance_to_training_positive_km"",""fold_safe_log1p_training_positive_count_100km"",""fold_safe_training_positive_geology_affinity""]","[""soilgrids_phh2o_0_5cm_mean"",""soilgrids_phh2o_30_60cm_mean"",""soilgrids_clay_0_5cm_mean"",""soilgrids_clay_30_60cm_mean"",""soilgrids_sand_0_5cm_mean"",""soilgrids_sand_30_60cm_mean"",""soilgrids_silt_0_5cm_mean"",""soilgrids_silt_30_60cm_mean"",""soilgrids_soc_0_5cm_mean"",""soilgrids_soc_30_60cm_mean"",""soilgrids_cec_0_5cm_mean"",""soilgrids_cec_30_60cm_mean"",""soilgrids_nitrogen_0_5cm_mean"",""soilgrids_nitrogen_30_60cm_mean"",""soilgrids_bdod_0_5cm_mean"",""soilgrids_bdod_30_60cm_mean"",""soilgrids_cfvo_0_5cm_mean"",""soilgrids_cfvo_30_60cm_mean"",""soilgrids_phh2o_0_5cm_p90_width"",""soilgrids_phh2o_30_60cm_p90_width"",""soilgrids_clay_0_5cm_p90_width"",""soilgrids_clay_30_60cm_p90_width"",""soilgrids_sand_0_5cm_p90_width"",""soilgrids_sand_30_60cm_p90_width"",""soilgrids_silt_0_5cm_p90_width"",""soilgrids_silt_30_60cm_p90_width"",""soilgrids_soc_0_5cm_p90_width"",""soilgrids_soc_30_60cm_p90_width"",""soilgrids_cec_0_5cm_p90_width"",""soilgrids_cec_30_60cm_p90_width"",""soilgrids_nitrogen_0_5cm_p90_width"",""soilgrids_nitrogen_30_60cm_p90_width"",""soilgrids_bdod_0_5cm_p90_width"",""soilgrids_bdod_30_60cm_p90_width"",""soilgrids_cfvo_0_5cm_p90_width"",""soilgrids_cfvo_30_60cm_p90_width""]"
SOIL-ABL-COBALT,Cobalt,4,4,4,4,1.00000000,0,,0,0,0,,,,,,,,,,,,,,0,0,,False,not_evaluated_low_support,fewer_than_10_unique_positive_h3_cells,not_admitted_shadow_evaluation_only,False,soilgrids-spatial-ablation-v0.1,Pseudo-absence cells are not confirmed barren and metrics do not estimate discovery probability.,"[""elevation_m"",""slope_degrees_approx"",""local_relief_m_approx"",""temperature_mean_c_rolling_12m"",""precipitation_total_mm_rolling_12m"",""relative_humidity_mean_pct_rolling_12m"",""wind_speed_2m_mean_m_s_rolling_12m"",""fold_safe_log1p_distance_to_training_positive_km"",""fold_safe_log1p_training_positive_count_100km"",""fold_safe_training_positive_geology_affinity""]","[""soilgrids_phh2o_0_5cm_mean"",""soilgrids_phh2o_30_60cm_mean"",""soilgrids_clay_0_5cm_mean"",""soilgrids_clay_30_60cm_mean"",""soilgrids_sand_0_5cm_mean"",""soilgrids_sand_30_60cm_mean"",""soilgrids_silt_0_5cm_mean"",""soilgrids_silt_30_60cm_mean"",""soilgrids_soc_0_5cm_mean"",""soilgrids_soc_30_60cm_mean"",""soilgrids_cec_0_5cm_mean"",""soilgrids_cec_30_60cm_mean"",""soilgrids_nitrogen_0_5cm_mean"",""soilgrids_nitrogen_30_60cm_mean"",""soilgrids_bdod_0_5cm_mean"",""soilgrids_bdod_30_60cm_mean"",""soilgrids_cfvo_0_5cm_mean"",""soilgrids_cfvo_30_60cm_mean"",""soilgrids_phh2o_0_5cm_p90_width"",""soilgrids_phh2o_30_60cm_p90_width"",""soilgrids_clay_0_5cm_p90_width"",""soilgrids_clay_30_60cm_p90_width"",""soilgrids_sand_0_5cm_p90_width"",""soilgrids_sand_30_60cm_p90_width"",""soilgrids_silt_0_5cm_p90_width"",""soilgrids_silt_30_60cm_p90_width"",""soilgrids_soc_0_5cm_p90_width"",""soilgrids_soc_30_60cm_p90_width"",""soilgrids_cec_0_5cm_p90_width"",""soilgrids_cec_30_60cm_p90_width"",""soilgrids_nitrogen_0_5cm_p90_width"",""soilgrids_nitrogen_30_60cm_p90_width"",""soilgrids_bdod_0_5cm_p90_width"",""soilgrids_bdod_30_60cm_p90_width"",""soilgrids_cfvo_0_5cm_p90_width"",""soilgrids_cfvo_30_60cm_p90_width""]"
SOIL-ABL-COPPER,Copper,174,136,60,135,0.99264706,4080,0.98946078,5,136,4080,0.65911368,0.66193231,0.00281863,-0.03759258,0.04256802,0.06860044,0.07041797,0.00181753,0.11764706,0.12500000,0.00735294,0.08771359,0.09152282,3,2,50.37231942,False,not_admitted_inconclusive_or_below_threshold,one_or_more_predefined_admission_gates_failed,not_admitted_shadow_evaluation_only,False,soilgrids-spatial-ablation-v0.1,Pseudo-absence cells are not confirmed barren and metrics do not estimate discovery probability.,"[""elevation_m"",""slope_degrees_approx"",""local_relief_m_approx"",""temperature_mean_c_rolling_12m"",""precipitation_total_mm_rolling_12m"",""relative_humidity_mean_pct_rolling_12m"",""wind_speed_2m_mean_m_s_rolling_12m"",""fold_safe_log1p_distance_to_training_positive_km"",""fold_safe_log1p_training_positive_count_100km"",""fold_safe_training_positive_geology_affinity""]","[""soilgrids_phh2o_0_5cm_mean"",""soilgrids_phh2o_30_60cm_mean"",""soilgrids_clay_0_5cm_mean"",""soilgrids_clay_30_60cm_mean"",""soilgrids_sand_0_5cm_mean"",""soilgrids_sand_30_60cm_mean"",""soilgrids_silt_0_5cm_mean"",""soilgrids_silt_30_60cm_mean"",""soilgrids_soc_0_5cm_mean"",""soilgrids_soc_30_60cm_mean"",""soilgrids_cec_0_5cm_mean"",""soilgrids_cec_30_60cm_mean"",""soilgrids_nitrogen_0_5cm_mean"",""soilgrids_nitrogen_30_60cm_mean"",""soilgrids_bdod_0_5cm_mean"",""soilgrids_bdod_30_60cm_mean"",""soilgrids_cfvo_0_5cm_mean"",""soilgrids_cfvo_30_60cm_mean"",""soilgrids_phh2o_0_5cm_p90_width"",""soilgrids_phh2o_30_60cm_p90_width"",""soilgrids_clay_0_5cm_p90_width"",""soilgrids_clay_30_60cm_p90_width"",""soilgrids_sand_0_5cm_p90_width"",""soilgrids_sand_30_60cm_p90_width"",""soilgrids_silt_0_5cm_p90_width"",""soilgrids_silt_30_60cm_p90_width"",""soilgrids_soc_0_5cm_p90_width"",""soilgrids_soc_30_60cm_p90_width"",""soilgrids_cec_0_5cm_p90_width"",""soilgrids_cec_30_60cm_p90_width"",""soilgrids_nitrogen_0_5cm_p90_width"",""soilgrids_nitrogen_30_60cm_p90_width"",""soilgrids_bdod_0_5cm_p90_width"",""soilgrids_bdod_30_60cm_p90_width"",""soilgrids_cfvo_0_5cm_p90_width"",""soilgrids_cfvo_30_60cm_p90_width""]"
SOIL-ABL-GALLIUM,Gallium,1,1,1,1,1.00000000,0,,0,0,0,,,,,,,,,,,,,,0,0,,False,not_evaluated_low_support,fewer_than_10_unique_positive_h3_cells,not_admitted_shadow_evaluation_only,False,soilgrids-spatial-ablation-v0.1,Pseudo-absence cells are not confirmed barren and metrics do not estimate discovery probability.,"[""elevation_m"",""slope_degrees_approx"",""local_relief_m_approx"",""temperature_mean_c_rolling_12m"",""precipitation_total_mm_rolling_12m"",""relative_humidity_mean_pct_rolling_12m"",""wind_speed_2m_mean_m_s_rolling_12m"",""fold_safe_log1p_distance_to_training_positive_km"",""fold_safe_log1p_training_positive_count_100km"",""fold_safe_training_positive_geology_affinity""]","[""soilgrids_phh2o_0_5cm_mean"",""soilgrids_phh2o_30_60cm_mean"",""soilgrids_clay_0_5cm_mean"",""soilgrids_clay_30_60cm_mean"",""soilgrids_sand_0_5cm_mean"",""soilgrids_sand_30_60cm_mean"",""soilgrids_silt_0_5cm_mean"",""soilgrids_silt_30_60cm_mean"",""soilgrids_soc_0_5cm_mean"",""soilgrids_soc_30_60cm_mean"",""soilgrids_cec_0_5cm_mean"",""soilgrids_cec_30_60cm_mean"",""soilgrids_nitrogen_0_5cm_mean"",""soilgrids_nitrogen_30_60cm_mean"",""soilgrids_bdod_0_5cm_mean"",""soilgrids_bdod_30_60cm_mean"",""soilgrids_cfvo_0_5cm_mean"",""soilgrids_cfvo_30_60cm_mean"",""soilgrids_phh2o_0_5cm_p90_width"",""soilgrids_phh2o_30_60cm_p90_width"",""soilgrids_clay_0_5cm_p90_width"",""soilgrids_clay_30_60cm_p90_width"",""soilgrids_sand_0_5cm_p90_width"",""soilgrids_sand_30_60cm_p90_width"",""soilgrids_silt_0_5cm_p90_width"",""soilgrids_silt_30_60cm_p90_width"",""soilgrids_soc_0_5cm_p90_width"",""soilgrids_soc_30_60cm_p90_width"",""soilgrids_cec_0_5cm_p90_width"",""soilgrids_cec_30_60cm_p90_width"",""soilgrids_nitrogen_0_5cm_p90_width"",""soilgrids_nitrogen_30_60cm_p90_width"",""soilgrids_bdod_0_5cm_p90_width"",""soilgrids_bdod_30_60cm_p90_width"",""soilgrids_cfvo_0_5cm_p90_width"",""soilgrids_cfvo_30_60cm_p90_width""]"
SOIL-ABL-GERMANIUM,Germanium,0,0,0,0,,0,,0,0,0,,,,,,,,,,,,,,0,0,,False,not_evaluated_low_support,fewer_than_10_unique_positive_h3_cells,not_admitted_shadow_evaluation_only,False,soilgrids-spatial-ablation-v0.1,Pseudo-absence cells are not confirmed barren and metrics do not estimate discovery probability.,"[""elevation_m"",""slope_degrees_approx"",""local_relief_m_approx"",""temperature_mean_c_rolling_12m"",""precipitation_total_mm_rolling_12m"",""relative_humidity_mean_pct_rolling_12m"",""wind_speed_2m_mean_m_s_rolling_12m"",""fold_safe_log1p_distance_to_training_positive_km"",""fold_safe_log1p_training_positive_count_100km"",""fold_safe_training_positive_geology_affinity""]","[""soilgrids_phh2o_0_5cm_mean"",""soilgrids_phh2o_30_60cm_mean"",""soilgrids_clay_0_5cm_mean"",""soilgrids_clay_30_60cm_mean"",""soilgrids_sand_0_5cm_mean"",""soilgrids_sand_30_60cm_mean"",""soilgrids_silt_0_5cm_mean"",""soilgrids_silt_30_60cm_mean"",""soilgrids_soc_0_5cm_mean"",""soilgrids_soc_30_60cm_mean"",""soilgrids_cec_0_5cm_mean"",""soilgrids_cec_30_60cm_mean"",""soilgrids_nitrogen_0_5cm_mean"",""soilgrids_nitrogen_30_60cm_mean"",""soilgrids_bdod_0_5cm_mean"",""soilgrids_bdod_30_60cm_mean"",""soilgrids_cfvo_0_5cm_mean"",""soilgrids_cfvo_30_60cm_mean"",""soilgrids_phh2o_0_5cm_p90_width"",""soilgrids_phh2o_30_60cm_p90_width"",""soilgrids_clay_0_5cm_p90_width"",""soilgrids_clay_30_60cm_p90_width"",""soilgrids_sand_0_5cm_p90_width"",""soilgrids_sand_30_60cm_p90_width"",""soilgrids_silt_0_5cm_p90_width"",""soilgrids_silt_30_60cm_p90_width"",""soilgrids_soc_0_5cm_p90_width"",""soilgrids_soc_30_60cm_p90_width"",""soilgrids_cec_0_5cm_p90_width"",""soilgrids_cec_30_60cm_p90_width"",""soilgrids_nitrogen_0_5cm_p90_width"",""soilgrids_nitrogen_30_60cm_p90_width"",""soilgrids_bdod_0_5cm_p90_width"",""soilgrids_bdod_30_60cm_p90_width"",""soilgrids_cfvo_0_5cm_p90_width"",""soilgrids_cfvo_30_60cm_p90_width""]"
SOIL-ABL-GRAPHITE,Graphite,15,15,12,15,1.00000000,1000,0.98900000,5,15,1000,0.79200000,0.77026667,-0.02173333,-0.09822858,0.05798182,0.13327860,0.13512185,0.00184325,0.60000000,0.60000000,0.00000000,0.07447133,0.05484491,1,4,52.83797544,False,not_admitted_performance_degraded,paired_out_of_fold_roc_auc_decreased,not_admitted_shadow_evaluation_only,False,soilgrids-spatial-ablation-v0.1,Pseudo-absence cells are not confirmed barren and metrics do not estimate discovery probability.,"[""elevation_m"",""slope_degrees_approx"",""local_relief_m_approx"",""temperature_mean_c_rolling_12m"",""precipitation_total_mm_rolling_12m"",""relative_humidity_mean_pct_rolling_12m"",""wind_speed_2m_mean_m_s_rolling_12m"",""fold_safe_log1p_distance_to_training_positive_km"",""fold_safe_log1p_training_positive_count_100km"",""fold_safe_training_positive_geology_affinity""]","[""soilgrids_phh2o_0_5cm_mean"",""soilgrids_phh2o_30_60cm_mean"",""soilgrids_clay_0_5cm_mean"",""soilgrids_clay_30_60cm_mean"",""soilgrids_sand_0_5cm_mean"",""soilgrids_sand_30_60cm_mean"",""soilgrids_silt_0_5cm_mean"",""soilgrids_silt_30_60cm_mean"",""soilgrids_soc_0_5cm_mean"",""soilgrids_soc_30_60cm_mean"",""soilgrids_cec_0_5cm_mean"",""soilgrids_cec_30_60cm_mean"",""soilgrids_nitrogen_0_5cm_mean"",""soilgrids_nitrogen_30_60cm_mean"",""soilgrids_bdod_0_5cm_mean"",""soilgrids_bdod_30_60cm_mean"",""soilgrids_cfvo_0_5cm_mean"",""soilgrids_cfvo_30_60cm_mean"",""soilgrids_phh2o_0_5cm_p90_width"",""soilgrids_phh2o_30_60cm_p90_width"",""soilgrids_clay_0_5cm_p90_width"",""soilgrids_clay_30_60cm_p90_width"",""soilgrids_sand_0_5cm_p90_width"",""soilgrids_sand_30_60cm_p90_width"",""soilgrids_silt_0_5cm_p90_width"",""soilgrids_silt_30_60cm_p90_width"",""soilgrids_soc_0_5cm_p90_width"",""soilgrids_soc_30_60cm_p90_width"",""soilgrids_cec_0_5cm_p90_width"",""soilgrids_cec_30_60cm_p90_width"",""soilgrids_nitrogen_0_5cm_p90_width"",""soilgrids_nitrogen_30_60cm_p90_width"",""soilgrids_bdod_0_5cm_p90_width"",""soilgrids_bdod_30_60cm_p90_width"",""soilgrids_cfvo_0_5cm_p90_width"",""soilgrids_cfvo_30_60cm_p90_width""]"
SOIL-ABL-HAFNIUM,Hafnium,0,0,0,0,,0,,0,0,0,,,,,,,,,,,,,,0,0,,False,not_evaluated_low_support,fewer_than_10_unique_positive_h3_cells,not_admitted_shadow_evaluation_only,False,soilgrids-spatial-ablation-v0.1,Pseudo-absence cells are not confirmed barren and metrics do not estimate discovery probability.,"[""elevation_m"",""slope_degrees_approx"",""local_relief_m_approx"",""temperature_mean_c_rolling_12m"",""precipitation_total_mm_rolling_12m"",""relative_humidity_mean_pct_rolling_12m"",""wind_speed_2m_mean_m_s_rolling_12m"",""fold_safe_log1p_distance_to_training_positive_km"",""fold_safe_log1p_training_positive_count_100km"",""fold_safe_training_positive_geology_affinity""]","[""soilgrids_phh2o_0_5cm_mean"",""soilgrids_phh2o_30_60cm_mean"",""soilgrids_clay_0_5cm_mean"",""soilgrids_clay_30_60cm_mean"",""soilgrids_sand_0_5cm_mean"",""soilgrids_sand_30_60cm_mean"",""soilgrids_silt_0_5cm_mean"",""soilgrids_silt_30_60cm_mean"",""soilgrids_soc_0_5cm_mean"",""soilgrids_soc_30_60cm_mean"",""soilgrids_cec_0_5cm_mean"",""soilgrids_cec_30_60cm_mean"",""soilgrids_nitrogen_0_5cm_mean"",""soilgrids_nitrogen_30_60cm_mean"",""soilgrids_bdod_0_5cm_mean"",""soilgrids_bdod_30_60cm_mean"",""soilgrids_cfvo_0_5cm_mean"",""soilgrids_cfvo_30_60cm_mean"",""soilgrids_phh2o_0_5cm_p90_width"",""soilgrids_phh2o_30_60cm_p90_width"",""soilgrids_clay_0_5cm_p90_width"",""soilgrids_clay_30_60cm_p90_width"",""soilgrids_sand_0_5cm_p90_width"",""soilgrids_sand_30_60cm_p90_width"",""soilgrids_silt_0_5cm_p90_width"",""soilgrids_silt_30_60cm_p90_width"",""soilgrids_soc_0_5cm_p90_width"",""soilgrids_soc_30_60cm_p90_width"",""soilgrids_cec_0_5cm_p90_width"",""soilgrids_cec_30_60cm_p90_width"",""soilgrids_nitrogen_0_5cm_p90_width"",""soilgrids_nitrogen_30_60cm_p90_width"",""soilgrids_bdod_0_5cm_p90_width"",""soilgrids_bdod_30_60cm_p90_width"",""soilgrids_cfvo_0_5cm_p90_width"",""soilgrids_cfvo_30_60cm_p90_width""]"
SOIL-ABL-INDIUM,Indium,0,0,0,0,,0,,0,0,0,,,,,,,,,,,,,,0,0,,False,not_evaluated_low_support,fewer_than_10_unique_positive_h3_cells,not_admitted_shadow_evaluation_only,False,soilgrids-spatial-ablation-v0.1,Pseudo-absence cells are not confirmed barren and metrics do not estimate discovery probability.,"[""elevation_m"",""slope_degrees_approx"",""local_relief_m_approx"",""temperature_mean_c_rolling_12m"",""precipitation_total_mm_rolling_12m"",""relative_humidity_mean_pct_rolling_12m"",""wind_speed_2m_mean_m_s_rolling_12m"",""fold_safe_log1p_distance_to_training_positive_km"",""fold_safe_log1p_training_positive_count_100km"",""fold_safe_training_positive_geology_affinity""]","[""soilgrids_phh2o_0_5cm_mean"",""soilgrids_phh2o_30_60cm_mean"",""soilgrids_clay_0_5cm_mean"",""soilgrids_clay_30_60cm_mean"",""soilgrids_sand_0_5cm_mean"",""soilgrids_sand_30_60cm_mean"",""soilgrids_silt_0_5cm_mean"",""soilgrids_silt_30_60cm_mean"",""soilgrids_soc_0_5cm_mean"",""soilgrids_soc_30_60cm_mean"",""soilgrids_cec_0_5cm_mean"",""soilgrids_cec_30_60cm_mean"",""soilgrids_nitrogen_0_5cm_mean"",""soilgrids_nitrogen_30_60cm_mean"",""soilgrids_bdod_0_5cm_mean"",""soilgrids_bdod_30_60cm_mean"",""soilgrids_cfvo_0_5cm_mean"",""soilgrids_cfvo_30_60cm_mean"",""soilgrids_phh2o_0_5cm_p90_width"",""soilgrids_phh2o_30_60cm_p90_width"",""soilgrids_clay_0_5cm_p90_width"",""soilgrids_clay_30_60cm_p90_width"",""soilgrids_sand_0_5cm_p90_width"",""soilgrids_sand_30_60cm_p90_width"",""soilgrids_silt_0_5cm_p90_width"",""soilgrids_silt_30_60cm_p90_width"",""soilgrids_soc_0_5cm_p90_width"",""soilgrids_soc_30_60cm_p90_width"",""soilgrids_cec_0_5cm_p90_width"",""soilgrids_cec_30_60cm_p90_width"",""soilgrids_nitrogen_0_5cm_p90_width"",""soilgrids_nitrogen_30_60cm_p90_width"",""soilgrids_bdod_0_5cm_p90_width"",""soilgrids_bdod_30_60cm_p90_width"",""soilgrids_cfvo_0_5cm_p90_width"",""soilgrids_cfvo_30_60cm_p90_width""]"
SOIL-ABL-LITHIUM,Lithium,1,1,1,1,1.00000000,0,,0,0,0,,,,,,,,,,,,,,0,0,,False,not_evaluated_low_support,fewer_than_10_unique_positive_h3_cells,not_admitted_shadow_evaluation_only,False,soilgrids-spatial-ablation-v0.1,Pseudo-absence cells are not confirmed barren and metrics do not estimate discovery probability.,"[""elevation_m"",""slope_degrees_approx"",""local_relief_m_approx"",""temperature_mean_c_rolling_12m"",""precipitation_total_mm_rolling_12m"",""relative_humidity_mean_pct_rolling_12m"",""wind_speed_2m_mean_m_s_rolling_12m"",""fold_safe_log1p_distance_to_training_positive_km"",""fold_safe_log1p_training_positive_count_100km"",""fold_safe_training_positive_geology_affinity""]","[""soilgrids_phh2o_0_5cm_mean"",""soilgrids_phh2o_30_60cm_mean"",""soilgrids_clay_0_5cm_mean"",""soilgrids_clay_30_60cm_mean"",""soilgrids_sand_0_5cm_mean"",""soilgrids_sand_30_60cm_mean"",""soilgrids_silt_0_5cm_mean"",""soilgrids_silt_30_60cm_mean"",""soilgrids_soc_0_5cm_mean"",""soilgrids_soc_30_60cm_mean"",""soilgrids_cec_0_5cm_mean"",""soilgrids_cec_30_60cm_mean"",""soilgrids_nitrogen_0_5cm_mean"",""soilgrids_nitrogen_30_60cm_mean"",""soilgrids_bdod_0_5cm_mean"",""soilgrids_bdod_30_60cm_mean"",""soilgrids_cfvo_0_5cm_mean"",""soilgrids_cfvo_30_60cm_mean"",""soilgrids_phh2o_0_5cm_p90_width"",""soilgrids_phh2o_30_60cm_p90_width"",""soilgrids_clay_0_5cm_p90_width"",""soilgrids_clay_30_60cm_p90_width"",""soilgrids_sand_0_5cm_p90_width"",""soilgrids_sand_30_60cm_p90_width"",""soilgrids_silt_0_5cm_p90_width"",""soilgrids_silt_30_60cm_p90_width"",""soilgrids_soc_0_5cm_p90_width"",""soilgrids_soc_30_60cm_p90_width"",""soilgrids_cec_0_5cm_p90_width"",""soilgrids_cec_30_60cm_p90_width"",""soilgrids_nitrogen_0_5cm_p90_width"",""soilgrids_nitrogen_30_60cm_p90_width"",""soilgrids_bdod_0_5cm_p90_width"",""soilgrids_bdod_30_60cm_p90_width"",""soilgrids_cfvo_0_5cm_p90_width"",""soilgrids_cfvo_30_60cm_p90_width""]"
SOIL-ABL-MOLYBDENUM,Molybdenum,4,4,4,4,1.00000000,0,,0,0,0,,,,,,,,,,,,,,0,0,,False,not_evaluated_low_support,fewer_than_10_unique_positive_h3_cells,not_admitted_shadow_evaluation_only,False,soilgrids-spatial-ablation-v0.1,Pseudo-absence cells are not confirmed barren and metrics do not estimate discovery probability.,"[""elevation_m"",""slope_degrees_approx"",""local_relief_m_approx"",""temperature_mean_c_rolling_12m"",""precipitation_total_mm_rolling_12m"",""relative_humidity_mean_pct_rolling_12m"",""wind_speed_2m_mean_m_s_rolling_12m"",""fold_safe_log1p_distance_to_training_positive_km"",""fold_safe_log1p_training_positive_count_100km"",""fold_safe_training_positive_geology_affinity""]","[""soilgrids_phh2o_0_5cm_mean"",""soilgrids_phh2o_30_60cm_mean"",""soilgrids_clay_0_5cm_mean"",""soilgrids_clay_30_60cm_mean"",""soilgrids_sand_0_5cm_mean"",""soilgrids_sand_30_60cm_mean"",""soilgrids_silt_0_5cm_mean"",""soilgrids_silt_30_60cm_mean"",""soilgrids_soc_0_5cm_mean"",""soilgrids_soc_30_60cm_mean"",""soilgrids_cec_0_5cm_mean"",""soilgrids_cec_30_60cm_mean"",""soilgrids_nitrogen_0_5cm_mean"",""soilgrids_nitrogen_30_60cm_mean"",""soilgrids_bdod_0_5cm_mean"",""soilgrids_bdod_30_60cm_mean"",""soilgrids_cfvo_0_5cm_mean"",""soilgrids_cfvo_30_60cm_mean"",""soilgrids_phh2o_0_5cm_p90_width"",""soilgrids_phh2o_30_60cm_p90_width"",""soilgrids_clay_0_5cm_p90_width"",""soilgrids_clay_30_60cm_p90_width"",""soilgrids_sand_0_5cm_p90_width"",""soilgrids_sand_30_60cm_p90_width"",""soilgrids_silt_0_5cm_p90_width"",""soilgrids_silt_30_60cm_p90_width"",""soilgrids_soc_0_5cm_p90_width"",""soilgrids_soc_30_60cm_p90_width"",""soilgrids_cec_0_5cm_p90_width"",""soilgrids_cec_30_60cm_p90_width"",""soilgrids_nitrogen_0_5cm_p90_width"",""soilgrids_nitrogen_30_60cm_p90_width"",""soilgrids_bdod_0_5cm_p90_width"",""soilgrids_bdod_30_60cm_p90_width"",""soilgrids_cfvo_0_5cm_p90_width"",""soilgrids_cfvo_30_60cm_p90_width""]"
SOIL-ABL-NIOBIUM,Niobium,0,0,0,0,,0,,0,0,0,,,,,,,,,,,,,,0,0,,False,not_evaluated_low_support,fewer_than_10_unique_positive_h3_cells,not_admitted_shadow_evaluation_only,False,soilgrids-spatial-ablation-v0.1,Pseudo-absence cells are not confirmed barren and metrics do not estimate discovery probability.,"[""elevation_m"",""slope_degrees_approx"",""local_relief_m_approx"",""temperature_mean_c_rolling_12m"",""precipitation_total_mm_rolling_12m"",""relative_humidity_mean_pct_rolling_12m"",""wind_speed_2m_mean_m_s_rolling_12m"",""fold_safe_log1p_distance_to_training_positive_km"",""fold_safe_log1p_training_positive_count_100km"",""fold_safe_training_positive_geology_affinity""]","[""soilgrids_phh2o_0_5cm_mean"",""soilgrids_phh2o_30_60cm_mean"",""soilgrids_clay_0_5cm_mean"",""soilgrids_clay_30_60cm_mean"",""soilgrids_sand_0_5cm_mean"",""soilgrids_sand_30_60cm_mean"",""soilgrids_silt_0_5cm_mean"",""soilgrids_silt_30_60cm_mean"",""soilgrids_soc_0_5cm_mean"",""soilgrids_soc_30_60cm_mean"",""soilgrids_cec_0_5cm_mean"",""soilgrids_cec_30_60cm_mean"",""soilgrids_nitrogen_0_5cm_mean"",""soilgrids_nitrogen_30_60cm_mean"",""soilgrids_bdod_0_5cm_mean"",""soilgrids_bdod_30_60cm_mean"",""soilgrids_cfvo_0_5cm_mean"",""soilgrids_cfvo_30_60cm_mean"",""soilgrids_phh2o_0_5cm_p90_width"",""soilgrids_phh2o_30_60cm_p90_width"",""soilgrids_clay_0_5cm_p90_width"",""soilgrids_clay_30_60cm_p90_width"",""soilgrids_sand_0_5cm_p90_width"",""soilgrids_sand_30_60cm_p90_width"",""soilgrids_silt_0_5cm_p90_width"",""soilgrids_silt_30_60cm_p90_width"",""soilgrids_soc_0_5cm_p90_width"",""soilgrids_soc_30_60cm_p90_width"",""soilgrids_cec_0_5cm_p90_width"",""soilgrids_cec_30_60cm_p90_width"",""soilgrids_nitrogen_0_5cm_p90_width"",""soilgrids_nitrogen_30_60cm_p90_width"",""soilgrids_bdod_0_5cm_p90_width"",""soilgrids_bdod_30_60cm_p90_width"",""soilgrids_cfvo_0_5cm_p90_width"",""soilgrids_cfvo_30_60cm_p90_width""]"
SOIL-ABL-NICKEL,Nickel,7,7,6,7,1.00000000,0,,0,0,0,,,,,,,,,,,,,,0,0,,False,not_evaluated_low_support,fewer_than_10_unique_positive_h3_cells,not_admitted_shadow_evaluation_only,False,soilgrids-spatial-ablation-v0.1,Pseudo-absence cells are not confirmed barren and metrics do not estimate discovery probability.,"[""elevation_m"",""slope_degrees_approx"",""local_relief_m_approx"",""temperature_mean_c_rolling_12m"",""precipitation_total_mm_rolling_12m"",""relative_humidity_mean_pct_rolling_12m"",""wind_speed_2m_mean_m_s_rolling_12m"",""fold_safe_log1p_distance_to_training_positive_km"",""fold_safe_log1p_training_positive_count_100km"",""fold_safe_training_positive_geology_affinity""]","[""soilgrids_phh2o_0_5cm_mean"",""soilgrids_phh2o_30_60cm_mean"",""soilgrids_clay_0_5cm_mean"",""soilgrids_clay_30_60cm_mean"",""soilgrids_sand_0_5cm_mean"",""soilgrids_sand_30_60cm_mean"",""soilgrids_silt_0_5cm_mean"",""soilgrids_silt_30_60cm_mean"",""soilgrids_soc_0_5cm_mean"",""soilgrids_soc_30_60cm_mean"",""soilgrids_cec_0_5cm_mean"",""soilgrids_cec_30_60cm_mean"",""soilgrids_nitrogen_0_5cm_mean"",""soilgrids_nitrogen_30_60cm_mean"",""soilgrids_bdod_0_5cm_mean"",""soilgrids_bdod_30_60cm_mean"",""soilgrids_cfvo_0_5cm_mean"",""soilgrids_cfvo_30_60cm_mean"",""soilgrids_phh2o_0_5cm_p90_width"",""soilgrids_phh2o_30_60cm_p90_width"",""soilgrids_clay_0_5cm_p90_width"",""soilgrids_clay_30_60cm_p90_width"",""soilgrids_sand_0_5cm_p90_width"",""soilgrids_sand_30_60cm_p90_width"",""soilgrids_silt_0_5cm_p90_width"",""soilgrids_silt_30_60cm_p90_width"",""soilgrids_soc_0_5cm_p90_width"",""soilgrids_soc_30_60cm_p90_width"",""soilgrids_cec_0_5cm_p90_width"",""soilgrids_cec_30_60cm_p90_width"",""soilgrids_nitrogen_0_5cm_p90_width"",""soilgrids_nitrogen_30_60cm_p90_width"",""soilgrids_bdod_0_5cm_p90_width"",""soilgrids_bdod_30_60cm_p90_width"",""soilgrids_cfvo_0_5cm_p90_width"",""soilgrids_cfvo_30_60cm_p90_width""]"
SOIL-ABL-PLATINUM-GROUP-ELEMENTS,Platinum-group elements,8,8,8,7,0.87500000,0,,0,0,0,,,,,,,,,,,,,,0,0,,False,not_evaluated_low_support,fewer_than_10_unique_positive_h3_cells,not_admitted_shadow_evaluation_only,False,soilgrids-spatial-ablation-v0.1,Pseudo-absence cells are not confirmed barren and metrics do not estimate discovery probability.,"[""elevation_m"",""slope_degrees_approx"",""local_relief_m_approx"",""temperature_mean_c_rolling_12m"",""precipitation_total_mm_rolling_12m"",""relative_humidity_mean_pct_rolling_12m"",""wind_speed_2m_mean_m_s_rolling_12m"",""fold_safe_log1p_distance_to_training_positive_km"",""fold_safe_log1p_training_positive_count_100km"",""fold_safe_training_positive_geology_affinity""]","[""soilgrids_phh2o_0_5cm_mean"",""soilgrids_phh2o_30_60cm_mean"",""soilgrids_clay_0_5cm_mean"",""soilgrids_clay_30_60cm_mean"",""soilgrids_sand_0_5cm_mean"",""soilgrids_sand_30_60cm_mean"",""soilgrids_silt_0_5cm_mean"",""soilgrids_silt_30_60cm_mean"",""soilgrids_soc_0_5cm_mean"",""soilgrids_soc_30_60cm_mean"",""soilgrids_cec_0_5cm_mean"",""soilgrids_cec_30_60cm_mean"",""soilgrids_nitrogen_0_5cm_mean"",""soilgrids_nitrogen_30_60cm_mean"",""soilgrids_bdod_0_5cm_mean"",""soilgrids_bdod_30_60cm_mean"",""soilgrids_cfvo_0_5cm_mean"",""soilgrids_cfvo_30_60cm_mean"",""soilgrids_phh2o_0_5cm_p90_width"",""soilgrids_phh2o_30_60cm_p90_width"",""soilgrids_clay_0_5cm_p90_width"",""soilgrids_clay_30_60cm_p90_width"",""soilgrids_sand_0_5cm_p90_width"",""soilgrids_sand_30_60cm_p90_width"",""soilgrids_silt_0_5cm_p90_width"",""soilgrids_silt_30_60cm_p90_width"",""soilgrids_soc_0_5cm_p90_width"",""soilgrids_soc_30_60cm_p90_width"",""soilgrids_cec_0_5cm_p90_width"",""soilgrids_cec_30_60cm_p90_width"",""soilgrids_nitrogen_0_5cm_p90_width"",""soilgrids_nitrogen_30_60cm_p90_width"",""soilgrids_bdod_0_5cm_p90_width"",""soilgrids_bdod_30_60cm_p90_width"",""soilgrids_cfvo_0_5cm_p90_width"",""soilgrids_cfvo_30_60cm_p90_width""]"
SOIL-ABL-PHOSPHORUS,Phosphorus,85,70,38,69,0.98571429,2100,0.99380952,5,70,2100,0.73429252,0.69214286,-0.04214966,-0.08319535,-0.00893156,0.07620240,0.09218594,0.01598354,0.14285714,0.10000000,-0.04285714,0.09971148,0.09390551,1,4,56.61463862,False,not_admitted_performance_degraded,paired_out_of_fold_roc_auc_decreased,not_admitted_shadow_evaluation_only,False,soilgrids-spatial-ablation-v0.1,Pseudo-absence cells are not confirmed barren and metrics do not estimate discovery probability.,"[""elevation_m"",""slope_degrees_approx"",""local_relief_m_approx"",""temperature_mean_c_rolling_12m"",""precipitation_total_mm_rolling_12m"",""relative_humidity_mean_pct_rolling_12m"",""wind_speed_2m_mean_m_s_rolling_12m"",""fold_safe_log1p_distance_to_training_positive_km"",""fold_safe_log1p_training_positive_count_100km"",""fold_safe_training_positive_geology_affinity""]","[""soilgrids_phh2o_0_5cm_mean"",""soilgrids_phh2o_30_60cm_mean"",""soilgrids_clay_0_5cm_mean"",""soilgrids_clay_30_60cm_mean"",""soilgrids_sand_0_5cm_mean"",""soilgrids_sand_30_60cm_mean"",""soilgrids_silt_0_5cm_mean"",""soilgrids_silt_30_60cm_mean"",""soilgrids_soc_0_5cm_mean"",""soilgrids_soc_30_60cm_mean"",""soilgrids_cec_0_5cm_mean"",""soilgrids_cec_30_60cm_mean"",""soilgrids_nitrogen_0_5cm_mean"",""soilgrids_nitrogen_30_60cm_mean"",""soilgrids_bdod_0_5cm_mean"",""soilgrids_bdod_30_60cm_mean"",""soilgrids_cfvo_0_5cm_mean"",""soilgrids_cfvo_30_60cm_mean"",""soilgrids_phh2o_0_5cm_p90_width"",""soilgrids_phh2o_30_60cm_p90_width"",""soilgrids_clay_0_5cm_p90_width"",""soilgrids_clay_30_60cm_p90_width"",""soilgrids_sand_0_5cm_p90_width"",""soilgrids_sand_30_60cm_p90_width"",""soilgrids_silt_0_5cm_p90_width"",""soilgrids_silt_30_60cm_p90_width"",""soilgrids_soc_0_5cm_p90_width"",""soilgrids_soc_30_60cm_p90_width"",""soilgrids_cec_0_5cm_p90_width"",""soilgrids_cec_30_60cm_p90_width"",""soilgrids_nitrogen_0_5cm_p90_width"",""soilgrids_nitrogen_30_60cm_p90_width"",""soilgrids_bdod_0_5cm_p90_width"",""soilgrids_bdod_30_60cm_p90_width"",""soilgrids_cfvo_0_5cm_p90_width"",""soilgrids_cfvo_30_60cm_p90_width""]"
SOIL-ABL-POTASH,Potash,0,0,0,0,,0,,0,0,0,,,,,,,,,,,,,,0,0,,False,not_evaluated_low_support,fewer_than_10_unique_positive_h3_cells,not_admitted_shadow_evaluation_only,False,soilgrids-spatial-ablation-v0.1,Pseudo-absence cells are not confirmed barren and metrics do not estimate discovery probability.,"[""elevation_m"",""slope_degrees_approx"",""local_relief_m_approx"",""temperature_mean_c_rolling_12m"",""precipitation_total_mm_rolling_12m"",""relative_humidity_mean_pct_rolling_12m"",""wind_speed_2m_mean_m_s_rolling_12m"",""fold_safe_log1p_distance_to_training_positive_km"",""fold_safe_log1p_training_positive_count_100km"",""fold_safe_training_positive_geology_affinity""]","[""soilgrids_phh2o_0_5cm_mean"",""soilgrids_phh2o_30_60cm_mean"",""soilgrids_clay_0_5cm_mean"",""soilgrids_clay_30_60cm_mean"",""soilgrids_sand_0_5cm_mean"",""soilgrids_sand_30_60cm_mean"",""soilgrids_silt_0_5cm_mean"",""soilgrids_silt_30_60cm_mean"",""soilgrids_soc_0_5cm_mean"",""soilgrids_soc_30_60cm_mean"",""soilgrids_cec_0_5cm_mean"",""soilgrids_cec_30_60cm_mean"",""soilgrids_nitrogen_0_5cm_mean"",""soilgrids_nitrogen_30_60cm_mean"",""soilgrids_bdod_0_5cm_mean"",""soilgrids_bdod_30_60cm_mean"",""soilgrids_cfvo_0_5cm_mean"",""soilgrids_cfvo_30_60cm_mean"",""soilgrids_phh2o_0_5cm_p90_width"",""soilgrids_phh2o_30_60cm_p90_width"",""soilgrids_clay_0_5cm_p90_width"",""soilgrids_clay_30_60cm_p90_width"",""soilgrids_sand_0_5cm_p90_width"",""soilgrids_sand_30_60cm_p90_width"",""soilgrids_silt_0_5cm_p90_width"",""soilgrids_silt_30_60cm_p90_width"",""soilgrids_soc_0_5cm_p90_width"",""soilgrids_soc_30_60cm_p90_width"",""soilgrids_cec_0_5cm_p90_width"",""soilgrids_cec_30_60cm_p90_width"",""soilgrids_nitrogen_0_5cm_p90_width"",""soilgrids_nitrogen_30_60cm_p90_width"",""soilgrids_bdod_0_5cm_p90_width"",""soilgrids_bdod_30_60cm_p90_width"",""soilgrids_cfvo_0_5cm_p90_width"",""soilgrids_cfvo_30_60cm_p90_width""]"
SOIL-ABL-RARE-EARTH-ELEMENTS,Rare-earth elements,9,5,5,5,1.00000000,0,,0,0,0,,,,,,,,,,,,,,0,0,,False,not_evaluated_low_support,fewer_than_10_unique_positive_h3_cells,not_admitted_shadow_evaluation_only,False,soilgrids-spatial-ablation-v0.1,Pseudo-absence cells are not confirmed barren and metrics do not estimate discovery probability.,"[""elevation_m"",""slope_degrees_approx"",""local_relief_m_approx"",""temperature_mean_c_rolling_12m"",""precipitation_total_mm_rolling_12m"",""relative_humidity_mean_pct_rolling_12m"",""wind_speed_2m_mean_m_s_rolling_12m"",""fold_safe_log1p_distance_to_training_positive_km"",""fold_safe_log1p_training_positive_count_100km"",""fold_safe_training_positive_geology_affinity""]","[""soilgrids_phh2o_0_5cm_mean"",""soilgrids_phh2o_30_60cm_mean"",""soilgrids_clay_0_5cm_mean"",""soilgrids_clay_30_60cm_mean"",""soilgrids_sand_0_5cm_mean"",""soilgrids_sand_30_60cm_mean"",""soilgrids_silt_0_5cm_mean"",""soilgrids_silt_30_60cm_mean"",""soilgrids_soc_0_5cm_mean"",""soilgrids_soc_30_60cm_mean"",""soilgrids_cec_0_5cm_mean"",""soilgrids_cec_30_60cm_mean"",""soilgrids_nitrogen_0_5cm_mean"",""soilgrids_nitrogen_30_60cm_mean"",""soilgrids_bdod_0_5cm_mean"",""soilgrids_bdod_30_60cm_mean"",""soilgrids_cfvo_0_5cm_mean"",""soilgrids_cfvo_30_60cm_mean"",""soilgrids_phh2o_0_5cm_p90_width"",""soilgrids_phh2o_30_60cm_p90_width"",""soilgrids_clay_0_5cm_p90_width"",""soilgrids_clay_30_60cm_p90_width"",""soilgrids_sand_0_5cm_p90_width"",""soilgrids_sand_30_60cm_p90_width"",""soilgrids_silt_0_5cm_p90_width"",""soilgrids_silt_30_60cm_p90_width"",""soilgrids_soc_0_5cm_p90_width"",""soilgrids_soc_30_60cm_p90_width"",""soilgrids_cec_0_5cm_p90_width"",""soilgrids_cec_30_60cm_p90_width"",""soilgrids_nitrogen_0_5cm_p90_width"",""soilgrids_nitrogen_30_60cm_p90_width"",""soilgrids_bdod_0_5cm_p90_width"",""soilgrids_bdod_30_60cm_p90_width"",""soilgrids_cfvo_0_5cm_p90_width"",""soilgrids_cfvo_30_60cm_p90_width""]"
SOIL-ABL-RHENIUM,Rhenium,0,0,0,0,,0,,0,0,0,,,,,,,,,,,,,,0,0,,False,not_evaluated_low_support,fewer_than_10_unique_positive_h3_cells,not_admitted_shadow_evaluation_only,False,soilgrids-spatial-ablation-v0.1,Pseudo-absence cells are not confirmed barren and metrics do not estimate discovery probability.,"[""elevation_m"",""slope_degrees_approx"",""local_relief_m_approx"",""temperature_mean_c_rolling_12m"",""precipitation_total_mm_rolling_12m"",""relative_humidity_mean_pct_rolling_12m"",""wind_speed_2m_mean_m_s_rolling_12m"",""fold_safe_log1p_distance_to_training_positive_km"",""fold_safe_log1p_training_positive_count_100km"",""fold_safe_training_positive_geology_affinity""]","[""soilgrids_phh2o_0_5cm_mean"",""soilgrids_phh2o_30_60cm_mean"",""soilgrids_clay_0_5cm_mean"",""soilgrids_clay_30_60cm_mean"",""soilgrids_sand_0_5cm_mean"",""soilgrids_sand_30_60cm_mean"",""soilgrids_silt_0_5cm_mean"",""soilgrids_silt_30_60cm_mean"",""soilgrids_soc_0_5cm_mean"",""soilgrids_soc_30_60cm_mean"",""soilgrids_cec_0_5cm_mean"",""soilgrids_cec_30_60cm_mean"",""soilgrids_nitrogen_0_5cm_mean"",""soilgrids_nitrogen_30_60cm_mean"",""soilgrids_bdod_0_5cm_mean"",""soilgrids_bdod_30_60cm_mean"",""soilgrids_cfvo_0_5cm_mean"",""soilgrids_cfvo_30_60cm_mean"",""soilgrids_phh2o_0_5cm_p90_width"",""soilgrids_phh2o_30_60cm_p90_width"",""soilgrids_clay_0_5cm_p90_width"",""soilgrids_clay_30_60cm_p90_width"",""soilgrids_sand_0_5cm_p90_width"",""soilgrids_sand_30_60cm_p90_width"",""soilgrids_silt_0_5cm_p90_width"",""soilgrids_silt_30_60cm_p90_width"",""soilgrids_soc_0_5cm_p90_width"",""soilgrids_soc_30_60cm_p90_width"",""soilgrids_cec_0_5cm_p90_width"",""soilgrids_cec_30_60cm_p90_width"",""soilgrids_nitrogen_0_5cm_p90_width"",""soilgrids_nitrogen_30_60cm_p90_width"",""soilgrids_bdod_0_5cm_p90_width"",""soilgrids_bdod_30_60cm_p90_width"",""soilgrids_cfvo_0_5cm_p90_width"",""soilgrids_cfvo_30_60cm_p90_width""]"
SOIL-ABL-SILICON,Silicon,110,93,50,93,1.00000000,2790,0.99175627,5,93,2790,0.74864146,0.73342583,-0.01521563,-0.04163419,0.01426938,0.07827538,0.08929932,0.01102394,0.19354839,0.24731183,0.05376344,0.10724628,0.10828083,0,5,52.05613767,False,not_admitted_performance_degraded,paired_out_of_fold_roc_auc_decreased,not_admitted_shadow_evaluation_only,False,soilgrids-spatial-ablation-v0.1,Pseudo-absence cells are not confirmed barren and metrics do not estimate discovery probability.,"[""elevation_m"",""slope_degrees_approx"",""local_relief_m_approx"",""temperature_mean_c_rolling_12m"",""precipitation_total_mm_rolling_12m"",""relative_humidity_mean_pct_rolling_12m"",""wind_speed_2m_mean_m_s_rolling_12m"",""fold_safe_log1p_distance_to_training_positive_km"",""fold_safe_log1p_training_positive_count_100km"",""fold_safe_training_positive_geology_affinity""]","[""soilgrids_phh2o_0_5cm_mean"",""soilgrids_phh2o_30_60cm_mean"",""soilgrids_clay_0_5cm_mean"",""soilgrids_clay_30_60cm_mean"",""soilgrids_sand_0_5cm_mean"",""soilgrids_sand_30_60cm_mean"",""soilgrids_silt_0_5cm_mean"",""soilgrids_silt_30_60cm_mean"",""soilgrids_soc_0_5cm_mean"",""soilgrids_soc_30_60cm_mean"",""soilgrids_cec_0_5cm_mean"",""soilgrids_cec_30_60cm_mean"",""soilgrids_nitrogen_0_5cm_mean"",""soilgrids_nitrogen_30_60cm_mean"",""soilgrids_bdod_0_5cm_mean"",""soilgrids_bdod_30_60cm_mean"",""soilgrids_cfvo_0_5cm_mean"",""soilgrids_cfvo_30_60cm_mean"",""soilgrids_phh2o_0_5cm_p90_width"",""soilgrids_phh2o_30_60cm_p90_width"",""soilgrids_clay_0_5cm_p90_width"",""soilgrids_clay_30_60cm_p90_width"",""soilgrids_sand_0_5cm_p90_width"",""soilgrids_sand_30_60cm_p90_width"",""soilgrids_silt_0_5cm_p90_width"",""soilgrids_silt_30_60cm_p90_width"",""soilgrids_soc_0_5cm_p90_width"",""soilgrids_soc_30_60cm_p90_width"",""soilgrids_cec_0_5cm_p90_width"",""soilgrids_cec_30_60cm_p90_width"",""soilgrids_nitrogen_0_5cm_p90_width"",""soilgrids_nitrogen_30_60cm_p90_width"",""soilgrids_bdod_0_5cm_p90_width"",""soilgrids_bdod_30_60cm_p90_width"",""soilgrids_cfvo_0_5cm_p90_width"",""soilgrids_cfvo_30_60cm_p90_width""]"
SOIL-ABL-STRONTIUM,Strontium,0,0,0,0,,0,,0,0,0,,,,,,,,,,,,,,0,0,,False,not_evaluated_low_support,fewer_than_10_unique_positive_h3_cells,not_admitted_shadow_evaluation_only,False,soilgrids-spatial-ablation-v0.1,Pseudo-absence cells are not confirmed barren and metrics do not estimate discovery probability.,"[""elevation_m"",""slope_degrees_approx"",""local_relief_m_approx"",""temperature_mean_c_rolling_12m"",""precipitation_total_mm_rolling_12m"",""relative_humidity_mean_pct_rolling_12m"",""wind_speed_2m_mean_m_s_rolling_12m"",""fold_safe_log1p_distance_to_training_positive_km"",""fold_safe_log1p_training_positive_count_100km"",""fold_safe_training_positive_geology_affinity""]","[""soilgrids_phh2o_0_5cm_mean"",""soilgrids_phh2o_30_60cm_mean"",""soilgrids_clay_0_5cm_mean"",""soilgrids_clay_30_60cm_mean"",""soilgrids_sand_0_5cm_mean"",""soilgrids_sand_30_60cm_mean"",""soilgrids_silt_0_5cm_mean"",""soilgrids_silt_30_60cm_mean"",""soilgrids_soc_0_5cm_mean"",""soilgrids_soc_30_60cm_mean"",""soilgrids_cec_0_5cm_mean"",""soilgrids_cec_30_60cm_mean"",""soilgrids_nitrogen_0_5cm_mean"",""soilgrids_nitrogen_30_60cm_mean"",""soilgrids_bdod_0_5cm_mean"",""soilgrids_bdod_30_60cm_mean"",""soilgrids_cfvo_0_5cm_mean"",""soilgrids_cfvo_30_60cm_mean"",""soilgrids_phh2o_0_5cm_p90_width"",""soilgrids_phh2o_30_60cm_p90_width"",""soilgrids_clay_0_5cm_p90_width"",""soilgrids_clay_30_60cm_p90_width"",""soilgrids_sand_0_5cm_p90_width"",""soilgrids_sand_30_60cm_p90_width"",""soilgrids_silt_0_5cm_p90_width"",""soilgrids_silt_30_60cm_p90_width"",""soilgrids_soc_0_5cm_p90_width"",""soilgrids_soc_30_60cm_p90_width"",""soilgrids_cec_0_5cm_p90_width"",""soilgrids_cec_30_60cm_p90_width"",""soilgrids_nitrogen_0_5cm_p90_width"",""soilgrids_nitrogen_30_60cm_p90_width"",""soilgrids_bdod_0_5cm_p90_width"",""soilgrids_bdod_30_60cm_p90_width"",""soilgrids_cfvo_0_5cm_p90_width"",""soilgrids_cfvo_30_60cm_p90_width""]"
SOIL-ABL-TANTALUM,Tantalum,0,0,0,0,,0,,0,0,0,,,,,,,,,,,,,,0,0,,False,not_evaluated_low_support,fewer_than_10_unique_positive_h3_cells,not_admitted_shadow_evaluation_only,False,soilgrids-spatial-ablation-v0.1,Pseudo-absence cells are not confirmed barren and metrics do not estimate discovery probability.,"[""elevation_m"",""slope_degrees_approx"",""local_relief_m_approx"",""temperature_mean_c_rolling_12m"",""precipitation_total_mm_rolling_12m"",""relative_humidity_mean_pct_rolling_12m"",""wind_speed_2m_mean_m_s_rolling_12m"",""fold_safe_log1p_distance_to_training_positive_km"",""fold_safe_log1p_training_positive_count_100km"",""fold_safe_training_positive_geology_affinity""]","[""soilgrids_phh2o_0_5cm_mean"",""soilgrids_phh2o_30_60cm_mean"",""soilgrids_clay_0_5cm_mean"",""soilgrids_clay_30_60cm_mean"",""soilgrids_sand_0_5cm_mean"",""soilgrids_sand_30_60cm_mean"",""soilgrids_silt_0_5cm_mean"",""soilgrids_silt_30_60cm_mean"",""soilgrids_soc_0_5cm_mean"",""soilgrids_soc_30_60cm_mean"",""soilgrids_cec_0_5cm_mean"",""soilgrids_cec_30_60cm_mean"",""soilgrids_nitrogen_0_5cm_mean"",""soilgrids_nitrogen_30_60cm_mean"",""soilgrids_bdod_0_5cm_mean"",""soilgrids_bdod_30_60cm_mean"",""soilgrids_cfvo_0_5cm_mean"",""soilgrids_cfvo_30_60cm_mean"",""soilgrids_phh2o_0_5cm_p90_width"",""soilgrids_phh2o_30_60cm_p90_width"",""soilgrids_clay_0_5cm_p90_width"",""soilgrids_clay_30_60cm_p90_width"",""soilgrids_sand_0_5cm_p90_width"",""soilgrids_sand_30_60cm_p90_width"",""soilgrids_silt_0_5cm_p90_width"",""soilgrids_silt_30_60cm_p90_width"",""soilgrids_soc_0_5cm_p90_width"",""soilgrids_soc_30_60cm_p90_width"",""soilgrids_cec_0_5cm_p90_width"",""soilgrids_cec_30_60cm_p90_width"",""soilgrids_nitrogen_0_5cm_p90_width"",""soilgrids_nitrogen_30_60cm_p90_width"",""soilgrids_bdod_0_5cm_p90_width"",""soilgrids_bdod_30_60cm_p90_width"",""soilgrids_cfvo_0_5cm_p90_width"",""soilgrids_cfvo_30_60cm_p90_width""]"
SOIL-ABL-TELLURIUM,Tellurium,0,0,0,0,,0,,0,0,0,,,,,,,,,,,,,,0,0,,False,not_evaluated_low_support,fewer_than_10_unique_positive_h3_cells,not_admitted_shadow_evaluation_only,False,soilgrids-spatial-ablation-v0.1,Pseudo-absence cells are not confirmed barren and metrics do not estimate discovery probability.,"[""elevation_m"",""slope_degrees_approx"",""local_relief_m_approx"",""temperature_mean_c_rolling_12m"",""precipitation_total_mm_rolling_12m"",""relative_humidity_mean_pct_rolling_12m"",""wind_speed_2m_mean_m_s_rolling_12m"",""fold_safe_log1p_distance_to_training_positive_km"",""fold_safe_log1p_training_positive_count_100km"",""fold_safe_training_positive_geology_affinity""]","[""soilgrids_phh2o_0_5cm_mean"",""soilgrids_phh2o_30_60cm_mean"",""soilgrids_clay_0_5cm_mean"",""soilgrids_clay_30_60cm_mean"",""soilgrids_sand_0_5cm_mean"",""soilgrids_sand_30_60cm_mean"",""soilgrids_silt_0_5cm_mean"",""soilgrids_silt_30_60cm_mean"",""soilgrids_soc_0_5cm_mean"",""soilgrids_soc_30_60cm_mean"",""soilgrids_cec_0_5cm_mean"",""soilgrids_cec_30_60cm_mean"",""soilgrids_nitrogen_0_5cm_mean"",""soilgrids_nitrogen_30_60cm_mean"",""soilgrids_bdod_0_5cm_mean"",""soilgrids_bdod_30_60cm_mean"",""soilgrids_cfvo_0_5cm_mean"",""soilgrids_cfvo_30_60cm_mean"",""soilgrids_phh2o_0_5cm_p90_width"",""soilgrids_phh2o_30_60cm_p90_width"",""soilgrids_clay_0_5cm_p90_width"",""soilgrids_clay_30_60cm_p90_width"",""soilgrids_sand_0_5cm_p90_width"",""soilgrids_sand_30_60cm_p90_width"",""soilgrids_silt_0_5cm_p90_width"",""soilgrids_silt_30_60cm_p90_width"",""soilgrids_soc_0_5cm_p90_width"",""soilgrids_soc_30_60cm_p90_width"",""soilgrids_cec_0_5cm_p90_width"",""soilgrids_cec_30_60cm_p90_width"",""soilgrids_nitrogen_0_5cm_p90_width"",""soilgrids_nitrogen_30_60cm_p90_width"",""soilgrids_bdod_0_5cm_p90_width"",""soilgrids_bdod_30_60cm_p90_width"",""soilgrids_cfvo_0_5cm_p90_width"",""soilgrids_cfvo_30_60cm_p90_width""]"
SOIL-ABL-TIN,Tin,0,0,0,0,,0,,0,0,0,,,,,,,,,,,,,,0,0,,False,not_evaluated_low_support,fewer_than_10_unique_positive_h3_cells,not_admitted_shadow_evaluation_only,False,soilgrids-spatial-ablation-v0.1,Pseudo-absence cells are not confirmed barren and metrics do not estimate discovery probability.,"[""elevation_m"",""slope_degrees_approx"",""local_relief_m_approx"",""temperature_mean_c_rolling_12m"",""precipitation_total_mm_rolling_12m"",""relative_humidity_mean_pct_rolling_12m"",""wind_speed_2m_mean_m_s_rolling_12m"",""fold_safe_log1p_distance_to_training_positive_km"",""fold_safe_log1p_training_positive_count_100km"",""fold_safe_training_positive_geology_affinity""]","[""soilgrids_phh2o_0_5cm_mean"",""soilgrids_phh2o_30_60cm_mean"",""soilgrids_clay_0_5cm_mean"",""soilgrids_clay_30_60cm_mean"",""soilgrids_sand_0_5cm_mean"",""soilgrids_sand_30_60cm_mean"",""soilgrids_silt_0_5cm_mean"",""soilgrids_silt_30_60cm_mean"",""soilgrids_soc_0_5cm_mean"",""soilgrids_soc_30_60cm_mean"",""soilgrids_cec_0_5cm_mean"",""soilgrids_cec_30_60cm_mean"",""soilgrids_nitrogen_0_5cm_mean"",""soilgrids_nitrogen_30_60cm_mean"",""soilgrids_bdod_0_5cm_mean"",""soilgrids_bdod_30_60cm_mean"",""soilgrids_cfvo_0_5cm_mean"",""soilgrids_cfvo_30_60cm_mean"",""soilgrids_phh2o_0_5cm_p90_width"",""soilgrids_phh2o_30_60cm_p90_width"",""soilgrids_clay_0_5cm_p90_width"",""soilgrids_clay_30_60cm_p90_width"",""soilgrids_sand_0_5cm_p90_width"",""soilgrids_sand_30_60cm_p90_width"",""soilgrids_silt_0_5cm_p90_width"",""soilgrids_silt_30_60cm_p90_width"",""soilgrids_soc_0_5cm_p90_width"",""soilgrids_soc_30_60cm_p90_width"",""soilgrids_cec_0_5cm_p90_width"",""soilgrids_cec_30_60cm_p90_width"",""soilgrids_nitrogen_0_5cm_p90_width"",""soilgrids_nitrogen_30_60cm_p90_width"",""soilgrids_bdod_0_5cm_p90_width"",""soilgrids_bdod_30_60cm_p90_width"",""soilgrids_cfvo_0_5cm_p90_width"",""soilgrids_cfvo_30_60cm_p90_width""]"
SOIL-ABL-TITANIUM,Titanium,39,33,27,33,1.00000000,1000,0.99200000,5,33,1000,0.77478788,0.77233333,-0.00245455,-0.03530387,0.03963258,0.11524884,0.12487009,0.00962125,0.24242424,0.21212121,-0.03030303,0.14667932,0.12636643,2,3,75.88025371,False,not_admitted_performance_degraded,paired_out_of_fold_roc_auc_decreased,not_admitted_shadow_evaluation_only,False,soilgrids-spatial-ablation-v0.1,Pseudo-absence cells are not confirmed barren and metrics do not estimate discovery probability.,"[""elevation_m"",""slope_degrees_approx"",""local_relief_m_approx"",""temperature_mean_c_rolling_12m"",""precipitation_total_mm_rolling_12m"",""relative_humidity_mean_pct_rolling_12m"",""wind_speed_2m_mean_m_s_rolling_12m"",""fold_safe_log1p_distance_to_training_positive_km"",""fold_safe_log1p_training_positive_count_100km"",""fold_safe_training_positive_geology_affinity""]","[""soilgrids_phh2o_0_5cm_mean"",""soilgrids_phh2o_30_60cm_mean"",""soilgrids_clay_0_5cm_mean"",""soilgrids_clay_30_60cm_mean"",""soilgrids_sand_0_5cm_mean"",""soilgrids_sand_30_60cm_mean"",""soilgrids_silt_0_5cm_mean"",""soilgrids_silt_30_60cm_mean"",""soilgrids_soc_0_5cm_mean"",""soilgrids_soc_30_60cm_mean"",""soilgrids_cec_0_5cm_mean"",""soilgrids_cec_30_60cm_mean"",""soilgrids_nitrogen_0_5cm_mean"",""soilgrids_nitrogen_30_60cm_mean"",""soilgrids_bdod_0_5cm_mean"",""soilgrids_bdod_30_60cm_mean"",""soilgrids_cfvo_0_5cm_mean"",""soilgrids_cfvo_30_60cm_mean"",""soilgrids_phh2o_0_5cm_p90_width"",""soilgrids_phh2o_30_60cm_p90_width"",""soilgrids_clay_0_5cm_p90_width"",""soilgrids_clay_30_60cm_p90_width"",""soilgrids_sand_0_5cm_p90_width"",""soilgrids_sand_30_60cm_p90_width"",""soilgrids_silt_0_5cm_p90_width"",""soilgrids_silt_30_60cm_p90_width"",""soilgrids_soc_0_5cm_p90_width"",""soilgrids_soc_30_60cm_p90_width"",""soilgrids_cec_0_5cm_p90_width"",""soilgrids_cec_30_60cm_p90_width"",""soilgrids_nitrogen_0_5cm_p90_width"",""soilgrids_nitrogen_30_60cm_p90_width"",""soilgrids_bdod_0_5cm_p90_width"",""soilgrids_bdod_30_60cm_p90_width"",""soilgrids_cfvo_0_5cm_p90_width"",""soilgrids_cfvo_30_60cm_p90_width""]"
SOIL-ABL-TUNGSTEN,Tungsten,3,3,3,3,1.00000000,0,,0,0,0,,,,,,,,,,,,,,0,0,,False,not_evaluated_low_support,fewer_than_10_unique_positive_h3_cells,not_admitted_shadow_evaluation_only,False,soilgrids-spatial-ablation-v0.1,Pseudo-absence cells are not confirmed barren and metrics do not estimate discovery probability.,"[""elevation_m"",""slope_degrees_approx"",""local_relief_m_approx"",""temperature_mean_c_rolling_12m"",""precipitation_total_mm_rolling_12m"",""relative_humidity_mean_pct_rolling_12m"",""wind_speed_2m_mean_m_s_rolling_12m"",""fold_safe_log1p_distance_to_training_positive_km"",""fold_safe_log1p_training_positive_count_100km"",""fold_safe_training_positive_geology_affinity""]","[""soilgrids_phh2o_0_5cm_mean"",""soilgrids_phh2o_30_60cm_mean"",""soilgrids_clay_0_5cm_mean"",""soilgrids_clay_30_60cm_mean"",""soilgrids_sand_0_5cm_mean"",""soilgrids_sand_30_60cm_mean"",""soilgrids_silt_0_5cm_mean"",""soilgrids_silt_30_60cm_mean"",""soilgrids_soc_0_5cm_mean"",""soilgrids_soc_30_60cm_mean"",""soilgrids_cec_0_5cm_mean"",""soilgrids_cec_30_60cm_mean"",""soilgrids_nitrogen_0_5cm_mean"",""soilgrids_nitrogen_30_60cm_mean"",""soilgrids_bdod_0_5cm_mean"",""soilgrids_bdod_30_60cm_mean"",""soilgrids_cfvo_0_5cm_mean"",""soilgrids_cfvo_30_60cm_mean"",""soilgrids_phh2o_0_5cm_p90_width"",""soilgrids_phh2o_30_60cm_p90_width"",""soilgrids_clay_0_5cm_p90_width"",""soilgrids_clay_30_60cm_p90_width"",""soilgrids_sand_0_5cm_p90_width"",""soilgrids_sand_30_60cm_p90_width"",""soilgrids_silt_0_5cm_p90_width"",""soilgrids_silt_30_60cm_p90_width"",""soilgrids_soc_0_5cm_p90_width"",""soilgrids_soc_30_60cm_p90_width"",""soilgrids_cec_0_5cm_p90_width"",""soilgrids_cec_30_60cm_p90_width"",""soilgrids_nitrogen_0_5cm_p90_width"",""soilgrids_nitrogen_30_60cm_p90_width"",""soilgrids_bdod_0_5cm_p90_width"",""soilgrids_bdod_30_60cm_p90_width"",""soilgrids_cfvo_0_5cm_p90_width"",""soilgrids_cfvo_30_60cm_p90_width""]"
SOIL-ABL-VANADIUM,Vanadium,10,10,8,9,0.90000000,1000,0.99000000,5,10,1000,0.42930000,0.55460000,0.12530000,-0.11517650,0.31341047,0.00894567,0.01228670,0.00334103,0.00000000,0.00000000,0.00000000,0.18913525,0.08888946,3,2,168.27337049,False,not_admitted_inconclusive_or_below_threshold,one_or_more_predefined_admission_gates_failed,not_admitted_shadow_evaluation_only,False,soilgrids-spatial-ablation-v0.1,Pseudo-absence cells are not confirmed barren and metrics do not estimate discovery probability.,"[""elevation_m"",""slope_degrees_approx"",""local_relief_m_approx"",""temperature_mean_c_rolling_12m"",""precipitation_total_mm_rolling_12m"",""relative_humidity_mean_pct_rolling_12m"",""wind_speed_2m_mean_m_s_rolling_12m"",""fold_safe_log1p_distance_to_training_positive_km"",""fold_safe_log1p_training_positive_count_100km"",""fold_safe_training_positive_geology_affinity""]","[""soilgrids_phh2o_0_5cm_mean"",""soilgrids_phh2o_30_60cm_mean"",""soilgrids_clay_0_5cm_mean"",""soilgrids_clay_30_60cm_mean"",""soilgrids_sand_0_5cm_mean"",""soilgrids_sand_30_60cm_mean"",""soilgrids_silt_0_5cm_mean"",""soilgrids_silt_30_60cm_mean"",""soilgrids_soc_0_5cm_mean"",""soilgrids_soc_30_60cm_mean"",""soilgrids_cec_0_5cm_mean"",""soilgrids_cec_30_60cm_mean"",""soilgrids_nitrogen_0_5cm_mean"",""soilgrids_nitrogen_30_60cm_mean"",""soilgrids_bdod_0_5cm_mean"",""soilgrids_bdod_30_60cm_mean"",""soilgrids_cfvo_0_5cm_mean"",""soilgrids_cfvo_30_60cm_mean"",""soilgrids_phh2o_0_5cm_p90_width"",""soilgrids_phh2o_30_60cm_p90_width"",""soilgrids_clay_0_5cm_p90_width"",""soilgrids_clay_30_60cm_p90_width"",""soilgrids_sand_0_5cm_p90_width"",""soilgrids_sand_30_60cm_p90_width"",""soilgrids_silt_0_5cm_p90_width"",""soilgrids_silt_30_60cm_p90_width"",""soilgrids_soc_0_5cm_p90_width"",""soilgrids_soc_30_60cm_p90_width"",""soilgrids_cec_0_5cm_p90_width"",""soilgrids_cec_30_60cm_p90_width"",""soilgrids_nitrogen_0_5cm_p90_width"",""soilgrids_nitrogen_30_60cm_p90_width"",""soilgrids_bdod_0_5cm_p90_width"",""soilgrids_bdod_30_60cm_p90_width"",""soilgrids_cfvo_0_5cm_p90_width"",""soilgrids_cfvo_30_60cm_p90_width""]"
SOIL-ABL-ZIRCONIUM,Zirconium,12,6,5,6,1.00000000,0,,0,0,0,,,,,,,,,,,,,,0,0,,False,not_evaluated_low_support,fewer_than_10_unique_positive_h3_cells,not_admitted_shadow_evaluation_only,False,soilgrids-spatial-ablation-v0.1,Pseudo-absence cells are not confirmed barren and metrics do not estimate discovery probability.,"[""elevation_m"",""slope_degrees_approx"",""local_relief_m_approx"",""temperature_mean_c_rolling_12m"",""precipitation_total_mm_rolling_12m"",""relative_humidity_mean_pct_rolling_12m"",""wind_speed_2m_mean_m_s_rolling_12m"",""fold_safe_log1p_distance_to_training_positive_km"",""fold_safe_log1p_training_positive_count_100km"",""fold_safe_training_positive_geology_affinity""]","[""soilgrids_phh2o_0_5cm_mean"",""soilgrids_phh2o_30_60cm_mean"",""soilgrids_clay_0_5cm_mean"",""soilgrids_clay_30_60cm_mean"",""soilgrids_sand_0_5cm_mean"",""soilgrids_sand_30_60cm_mean"",""soilgrids_silt_0_5cm_mean"",""soilgrids_silt_30_60cm_mean"",""soilgrids_soc_0_5cm_mean"",""soilgrids_soc_30_60cm_mean"",""soilgrids_cec_0_5cm_mean"",""soilgrids_cec_30_60cm_mean"",""soilgrids_nitrogen_0_5cm_mean"",""soilgrids_nitrogen_30_60cm_mean"",""soilgrids_bdod_0_5cm_mean"",""soilgrids_bdod_30_60cm_mean"",""soilgrids_cfvo_0_5cm_mean"",""soilgrids_cfvo_30_60cm_mean"",""soilgrids_phh2o_0_5cm_p90_width"",""soilgrids_phh2o_30_60cm_p90_width"",""soilgrids_clay_0_5cm_p90_width"",""soilgrids_clay_30_60cm_p90_width"",""soilgrids_sand_0_5cm_p90_width"",""soilgrids_sand_30_60cm_p90_width"",""soilgrids_silt_0_5cm_p90_width"",""soilgrids_silt_30_60cm_p90_width"",""soilgrids_soc_0_5cm_p90_width"",""soilgrids_soc_30_60cm_p90_width"",""soilgrids_cec_0_5cm_p90_width"",""soilgrids_cec_30_60cm_p90_width"",""soilgrids_nitrogen_0_5cm_p90_width"",""soilgrids_nitrogen_30_60cm_p90_width"",""soilgrids_bdod_0_5cm_p90_width"",""soilgrids_bdod_30_60cm_p90_width"",""soilgrids_cfvo_0_5cm_p90_width"",""soilgrids_cfvo_30_60cm_p90_width""]"
SOIL-ABL-SELENIUM,Selenium,2,1,1,1,1.00000000,0,,0,0,0,,,,,,,,,,,,,,0,0,,False,not_evaluated_low_support,fewer_than_10_unique_positive_h3_cells,not_admitted_shadow_evaluation_only,False,soilgrids-spatial-ablation-v0.1,Pseudo-absence cells are not confirmed barren and metrics do not estimate discovery probability.,"[""elevation_m"",""slope_degrees_approx"",""local_relief_m_approx"",""temperature_mean_c_rolling_12m"",""precipitation_total_mm_rolling_12m"",""relative_humidity_mean_pct_rolling_12m"",""wind_speed_2m_mean_m_s_rolling_12m"",""fold_safe_log1p_distance_to_training_positive_km"",""fold_safe_log1p_training_positive_count_100km"",""fold_safe_training_positive_geology_affinity""]","[""soilgrids_phh2o_0_5cm_mean"",""soilgrids_phh2o_30_60cm_mean"",""soilgrids_clay_0_5cm_mean"",""soilgrids_clay_30_60cm_mean"",""soilgrids_sand_0_5cm_mean"",""soilgrids_sand_30_60cm_mean"",""soilgrids_silt_0_5cm_mean"",""soilgrids_silt_30_60cm_mean"",""soilgrids_soc_0_5cm_mean"",""soilgrids_soc_30_60cm_mean"",""soilgrids_cec_0_5cm_mean"",""soilgrids_cec_30_60cm_mean"",""soilgrids_nitrogen_0_5cm_mean"",""soilgrids_nitrogen_30_60cm_mean"",""soilgrids_bdod_0_5cm_mean"",""soilgrids_bdod_30_60cm_mean"",""soilgrids_cfvo_0_5cm_mean"",""soilgrids_cfvo_30_60cm_mean"",""soilgrids_phh2o_0_5cm_p90_width"",""soilgrids_phh2o_30_60cm_p90_width"",""soilgrids_clay_0_5cm_p90_width"",""soilgrids_clay_30_60cm_p90_width"",""soilgrids_sand_0_5cm_p90_width"",""soilgrids_sand_30_60cm_p90_width"",""soilgrids_silt_0_5cm_p90_width"",""soilgrids_silt_30_60cm_p90_width"",""soilgrids_soc_0_5cm_p90_width"",""soilgrids_soc_30_60cm_p90_width"",""soilgrids_cec_0_5cm_p90_width"",""soilgrids_cec_30_60cm_p90_width"",""soilgrids_nitrogen_0_5cm_p90_width"",""soilgrids_nitrogen_30_60cm_p90_width"",""soilgrids_bdod_0_5cm_p90_width"",""soilgrids_bdod_30_60cm_p90_width"",""soilgrids_cfvo_0_5cm_p90_width"",""soilgrids_cfvo_30_60cm_p90_width""]"
SOIL-ABL-CADMIUM,Cadmium,4,4,4,4,1.00000000,0,,0,0,0,,,,,,,,,,,,,,0,0,,False,not_evaluated_low_support,fewer_than_10_unique_positive_h3_cells,not_admitted_shadow_evaluation_only,False,soilgrids-spatial-ablation-v0.1,Pseudo-absence cells are not confirmed barren and metrics do not estimate discovery probability.,"[""elevation_m"",""slope_degrees_approx"",""local_relief_m_approx"",""temperature_mean_c_rolling_12m"",""precipitation_total_mm_rolling_12m"",""relative_humidity_mean_pct_rolling_12m"",""wind_speed_2m_mean_m_s_rolling_12m"",""fold_safe_log1p_distance_to_training_positive_km"",""fold_safe_log1p_training_positive_count_100km"",""fold_safe_training_positive_geology_affinity""]","[""soilgrids_phh2o_0_5cm_mean"",""soilgrids_phh2o_30_60cm_mean"",""soilgrids_clay_0_5cm_mean"",""soilgrids_clay_30_60cm_mean"",""soilgrids_sand_0_5cm_mean"",""soilgrids_sand_30_60cm_mean"",""soilgrids_silt_0_5cm_mean"",""soilgrids_silt_30_60cm_mean"",""soilgrids_soc_0_5cm_mean"",""soilgrids_soc_30_60cm_mean"",""soilgrids_cec_0_5cm_mean"",""soilgrids_cec_30_60cm_mean"",""soilgrids_nitrogen_0_5cm_mean"",""soilgrids_nitrogen_30_60cm_mean"",""soilgrids_bdod_0_5cm_mean"",""soilgrids_bdod_30_60cm_mean"",""soilgrids_cfvo_0_5cm_mean"",""soilgrids_cfvo_30_60cm_mean"",""soilgrids_phh2o_0_5cm_p90_width"",""soilgrids_phh2o_30_60cm_p90_width"",""soilgrids_clay_0_5cm_p90_width"",""soilgrids_clay_30_60cm_p90_width"",""soilgrids_sand_0_5cm_p90_width"",""soilgrids_sand_30_60cm_p90_width"",""soilgrids_silt_0_5cm_p90_width"",""soilgrids_silt_30_60cm_p90_width"",""soilgrids_soc_0_5cm_p90_width"",""soilgrids_soc_30_60cm_p90_width"",""soilgrids_cec_0_5cm_p90_width"",""soilgrids_cec_30_60cm_p90_width"",""soilgrids_nitrogen_0_5cm_p90_width"",""soilgrids_nitrogen_30_60cm_p90_width"",""soilgrids_bdod_0_5cm_p90_width"",""soilgrids_bdod_30_60cm_p90_width"",""soilgrids_cfvo_0_5cm_p90_width"",""soilgrids_cfvo_30_60cm_p90_width""]"
SOIL-ABL-ALUMINIUM,Aluminium,110,70,48,70,1.00000000,2100,0.99142857,5,70,2100,0.72510204,0.75584354,0.03074150,-0.01011050,0.07570560,0.06293181,0.07889017,0.01595836,0.12857143,0.17142857,0.04285714,0.14767994,0.14754027,3,2,51.32180287,False,not_admitted_inconclusive_or_below_threshold,one_or_more_predefined_admission_gates_failed,not_admitted_shadow_evaluation_only,False,soilgrids-spatial-ablation-v0.1,Pseudo-absence cells are not confirmed barren and metrics do not estimate discovery probability.,"[""elevation_m"",""slope_degrees_approx"",""local_relief_m_approx"",""temperature_mean_c_rolling_12m"",""precipitation_total_mm_rolling_12m"",""relative_humidity_mean_pct_rolling_12m"",""wind_speed_2m_mean_m_s_rolling_12m"",""fold_safe_log1p_distance_to_training_positive_km"",""fold_safe_log1p_training_positive_count_100km"",""fold_safe_training_positive_geology_affinity""]","[""soilgrids_phh2o_0_5cm_mean"",""soilgrids_phh2o_30_60cm_mean"",""soilgrids_clay_0_5cm_mean"",""soilgrids_clay_30_60cm_mean"",""soilgrids_sand_0_5cm_mean"",""soilgrids_sand_30_60cm_mean"",""soilgrids_silt_0_5cm_mean"",""soilgrids_silt_30_60cm_mean"",""soilgrids_soc_0_5cm_mean"",""soilgrids_soc_30_60cm_mean"",""soilgrids_cec_0_5cm_mean"",""soilgrids_cec_30_60cm_mean"",""soilgrids_nitrogen_0_5cm_mean"",""soilgrids_nitrogen_30_60cm_mean"",""soilgrids_bdod_0_5cm_mean"",""soilgrids_bdod_30_60cm_mean"",""soilgrids_cfvo_0_5cm_mean"",""soilgrids_cfvo_30_60cm_mean"",""soilgrids_phh2o_0_5cm_p90_width"",""soilgrids_phh2o_30_60cm_p90_width"",""soilgrids_clay_0_5cm_p90_width"",""soilgrids_clay_30_60cm_p90_width"",""soilgrids_sand_0_5cm_p90_width"",""soilgrids_sand_30_60cm_p90_width"",""soilgrids_silt_0_5cm_p90_width"",""soilgrids_silt_30_60cm_p90_width"",""soilgrids_soc_0_5cm_p90_width"",""soilgrids_soc_30_60cm_p90_width"",""soilgrids_cec_0_5cm_p90_width"",""soilgrids_cec_30_60cm_p90_width"",""soilgrids_nitrogen_0_5cm_p90_width"",""soilgrids_nitrogen_30_60cm_p90_width"",""soilgrids_bdod_0_5cm_p90_width"",""soilgrids_bdod_30_60cm_p90_width"",""soilgrids_cfvo_0_5cm_p90_width"",""soilgrids_cfvo_30_60cm_p90_width""]"
SOIL-ABL-IRON,Iron,238,147,54,146,0.99319728,4410,0.99229025,5,147,4410,0.81558456,0.79838493,-0.01719962,-0.05822660,0.00838438,0.10703510,0.10252539,-0.00450971,0.12925170,0.17687075,0.04761905,0.08079755,0.08286495,2,3,50.81287473,False,not_admitted_performance_degraded,paired_out_of_fold_roc_auc_decreased,not_admitted_shadow_evaluation_only,False,soilgrids-spatial-ablation-v0.1,Pseudo-absence cells are not confirmed barren and metrics do not estimate discovery probability.,"[""elevation_m"",""slope_degrees_approx"",""local_relief_m_approx"",""temperature_mean_c_rolling_12m"",""precipitation_total_mm_rolling_12m"",""relative_humidity_mean_pct_rolling_12m"",""wind_speed_2m_mean_m_s_rolling_12m"",""fold_safe_log1p_distance_to_training_positive_km"",""fold_safe_log1p_training_positive_count_100km"",""fold_safe_training_positive_geology_affinity""]","[""soilgrids_phh2o_0_5cm_mean"",""soilgrids_phh2o_30_60cm_mean"",""soilgrids_clay_0_5cm_mean"",""soilgrids_clay_30_60cm_mean"",""soilgrids_sand_0_5cm_mean"",""soilgrids_sand_30_60cm_mean"",""soilgrids_silt_0_5cm_mean"",""soilgrids_silt_30_60cm_mean"",""soilgrids_soc_0_5cm_mean"",""soilgrids_soc_30_60cm_mean"",""soilgrids_cec_0_5cm_mean"",""soilgrids_cec_30_60cm_mean"",""soilgrids_nitrogen_0_5cm_mean"",""soilgrids_nitrogen_30_60cm_mean"",""soilgrids_bdod_0_5cm_mean"",""soilgrids_bdod_30_60cm_mean"",""soilgrids_cfvo_0_5cm_mean"",""soilgrids_cfvo_30_60cm_mean"",""soilgrids_phh2o_0_5cm_p90_width"",""soilgrids_phh2o_30_60cm_p90_width"",""soilgrids_clay_0_5cm_p90_width"",""soilgrids_clay_30_60cm_p90_width"",""soilgrids_sand_0_5cm_p90_width"",""soilgrids_sand_30_60cm_p90_width"",""soilgrids_silt_0_5cm_p90_width"",""soilgrids_silt_30_60cm_p90_width"",""soilgrids_soc_0_5cm_p90_width"",""soilgrids_soc_30_60cm_p90_width"",""soilgrids_cec_0_5cm_p90_width"",""soilgrids_cec_30_60cm_p90_width"",""soilgrids_nitrogen_0_5cm_p90_width"",""soilgrids_nitrogen_30_60cm_p90_width"",""soilgrids_bdod_0_5cm_p90_width"",""soilgrids_bdod_30_60cm_p90_width"",""soilgrids_cfvo_0_5cm_p90_width"",""soilgrids_cfvo_30_60cm_p90_width""]"
SOIL-ABL-MANGANESE,Manganese,130,86,27,86,1.00000000,2580,0.98992248,5,86,2580,0.85936542,0.77081305,-0.08855237,-0.19154387,-0.02012720,0.12175828,0.09702700,-0.02473127,0.19767442,0.19767442,0.00000000,0.07004811,0.07122988,0,5,51.65622740,False,not_admitted_performance_degraded,paired_out_of_fold_roc_auc_decreased,not_admitted_shadow_evaluation_only,False,soilgrids-spatial-ablation-v0.1,Pseudo-absence cells are not confirmed barren and metrics do not estimate discovery probability.,"[""elevation_m"",""slope_degrees_approx"",""local_relief_m_approx"",""temperature_mean_c_rolling_12m"",""precipitation_total_mm_rolling_12m"",""relative_humidity_mean_pct_rolling_12m"",""wind_speed_2m_mean_m_s_rolling_12m"",""fold_safe_log1p_distance_to_training_positive_km"",""fold_safe_log1p_training_positive_count_100km"",""fold_safe_training_positive_geology_affinity""]","[""soilgrids_phh2o_0_5cm_mean"",""soilgrids_phh2o_30_60cm_mean"",""soilgrids_clay_0_5cm_mean"",""soilgrids_clay_30_60cm_mean"",""soilgrids_sand_0_5cm_mean"",""soilgrids_sand_30_60cm_mean"",""soilgrids_silt_0_5cm_mean"",""soilgrids_silt_30_60cm_mean"",""soilgrids_soc_0_5cm_mean"",""soilgrids_soc_30_60cm_mean"",""soilgrids_cec_0_5cm_mean"",""soilgrids_cec_30_60cm_mean"",""soilgrids_nitrogen_0_5cm_mean"",""soilgrids_nitrogen_30_60cm_mean"",""soilgrids_bdod_0_5cm_mean"",""soilgrids_bdod_30_60cm_mean"",""soilgrids_cfvo_0_5cm_mean"",""soilgrids_cfvo_30_60cm_mean"",""soilgrids_phh2o_0_5cm_p90_width"",""soilgrids_phh2o_30_60cm_p90_width"",""soilgrids_clay_0_5cm_p90_width"",""soilgrids_clay_30_60cm_p90_width"",""soilgrids_sand_0_5cm_p90_width"",""soilgrids_sand_30_60cm_p90_width"",""soilgrids_silt_0_5cm_p90_width"",""soilgrids_silt_30_60cm_p90_width"",""soilgrids_soc_0_5cm_p90_width"",""soilgrids_soc_30_60cm_p90_width"",""soilgrids_cec_0_5cm_p90_width"",""soilgrids_cec_30_60cm_p90_width"",""soilgrids_nitrogen_0_5cm_p90_width"",""soilgrids_nitrogen_30_60cm_p90_width"",""soilgrids_bdod_0_5cm_p90_width"",""soilgrids_bdod_30_60cm_p90_width"",""soilgrids_cfvo_0_5cm_p90_width"",""soilgrids_cfvo_30_60cm_p90_width""]"
SOIL-ABL-CHROMIUM,Chromium,72,20,11,20,1.00000000,1000,0.99200000,5,20,1000,0.92730000,0.92455000,-0.00275000,-0.03495305,0.05383480,0.28894628,0.38184632,0.09290004,0.65000000,0.55000000,-0.10000000,0.06078396,0.04675525,2,3,50.66605829,False,not_admitted_performance_degraded,paired_out_of_fold_roc_auc_decreased,not_admitted_shadow_evaluation_only,False,soilgrids-spatial-ablation-v0.1,Pseudo-absence cells are not confirmed barren and metrics do not estimate discovery probability.,"[""elevation_m"",""slope_degrees_approx"",""local_relief_m_approx"",""temperature_mean_c_rolling_12m"",""precipitation_total_mm_rolling_12m"",""relative_humidity_mean_pct_rolling_12m"",""wind_speed_2m_mean_m_s_rolling_12m"",""fold_safe_log1p_distance_to_training_positive_km"",""fold_safe_log1p_training_positive_count_100km"",""fold_safe_training_positive_geology_affinity""]","[""soilgrids_phh2o_0_5cm_mean"",""soilgrids_phh2o_30_60cm_mean"",""soilgrids_clay_0_5cm_mean"",""soilgrids_clay_30_60cm_mean"",""soilgrids_sand_0_5cm_mean"",""soilgrids_sand_30_60cm_mean"",""soilgrids_silt_0_5cm_mean"",""soilgrids_silt_30_60cm_mean"",""soilgrids_soc_0_5cm_mean"",""soilgrids_soc_30_60cm_mean"",""soilgrids_cec_0_5cm_mean"",""soilgrids_cec_30_60cm_mean"",""soilgrids_nitrogen_0_5cm_mean"",""soilgrids_nitrogen_30_60cm_mean"",""soilgrids_bdod_0_5cm_mean"",""soilgrids_bdod_30_60cm_mean"",""soilgrids_cfvo_0_5cm_mean"",""soilgrids_cfvo_30_60cm_mean"",""soilgrids_phh2o_0_5cm_p90_width"",""soilgrids_phh2o_30_60cm_p90_width"",""soilgrids_clay_0_5cm_p90_width"",""soilgrids_clay_30_60cm_p90_width"",""soilgrids_sand_0_5cm_p90_width"",""soilgrids_sand_30_60cm_p90_width"",""soilgrids_silt_0_5cm_p90_width"",""soilgrids_silt_30_60cm_p90_width"",""soilgrids_soc_0_5cm_p90_width"",""soilgrids_soc_30_60cm_p90_width"",""soilgrids_cec_0_5cm_p90_width"",""soilgrids_cec_30_60cm_p90_width"",""soilgrids_nitrogen_0_5cm_p90_width"",""soilgrids_nitrogen_30_60cm_p90_width"",""soilgrids_bdod_0_5cm_p90_width"",""soilgrids_bdod_30_60cm_p90_width"",""soilgrids_cfvo_0_5cm_p90_width"",""soilgrids_cfvo_30_60cm_p90_width""]"
SOIL-ABL-LEAD,Lead,34,30,22,30,1.00000000,1000,0.99200000,5,30,1000,0.59920000,0.54613333,-0.05306667,-0.14205771,0.01748747,0.04346748,0.05252987,0.00906239,0.03333333,0.16666667,0.13333333,0.14408965,0.13098253,1,4,67.14351624,False,not_admitted_performance_degraded,paired_out_of_fold_roc_auc_decreased,not_admitted_shadow_evaluation_only,False,soilgrids-spatial-ablation-v0.1,Pseudo-absence cells are not confirmed barren and metrics do not estimate discovery probability.,"[""elevation_m"",""slope_degrees_approx"",""local_relief_m_approx"",""temperature_mean_c_rolling_12m"",""precipitation_total_mm_rolling_12m"",""relative_humidity_mean_pct_rolling_12m"",""wind_speed_2m_mean_m_s_rolling_12m"",""fold_safe_log1p_distance_to_training_positive_km"",""fold_safe_log1p_training_positive_count_100km"",""fold_safe_training_positive_geology_affinity""]","[""soilgrids_phh2o_0_5cm_mean"",""soilgrids_phh2o_30_60cm_mean"",""soilgrids_clay_0_5cm_mean"",""soilgrids_clay_30_60cm_mean"",""soilgrids_sand_0_5cm_mean"",""soilgrids_sand_30_60cm_mean"",""soilgrids_silt_0_5cm_mean"",""soilgrids_silt_30_60cm_mean"",""soilgrids_soc_0_5cm_mean"",""soilgrids_soc_30_60cm_mean"",""soilgrids_cec_0_5cm_mean"",""soilgrids_cec_30_60cm_mean"",""soilgrids_nitrogen_0_5cm_mean"",""soilgrids_nitrogen_30_60cm_mean"",""soilgrids_bdod_0_5cm_mean"",""soilgrids_bdod_30_60cm_mean"",""soilgrids_cfvo_0_5cm_mean"",""soilgrids_cfvo_30_60cm_mean"",""soilgrids_phh2o_0_5cm_p90_width"",""soilgrids_phh2o_30_60cm_p90_width"",""soilgrids_clay_0_5cm_p90_width"",""soilgrids_clay_30_60cm_p90_width"",""soilgrids_sand_0_5cm_p90_width"",""soilgrids_sand_30_60cm_p90_width"",""soilgrids_silt_0_5cm_p90_width"",""soilgrids_silt_30_60cm_p90_width"",""soilgrids_soc_0_5cm_p90_width"",""soilgrids_soc_30_60cm_p90_width"",""soilgrids_cec_0_5cm_p90_width"",""soilgrids_cec_30_60cm_p90_width"",""soilgrids_nitrogen_0_5cm_p90_width"",""soilgrids_nitrogen_30_60cm_p90_width"",""soilgrids_bdod_0_5cm_p90_width"",""soilgrids_bdod_30_60cm_p90_width"",""soilgrids_cfvo_0_5cm_p90_width"",""soilgrids_cfvo_30_60cm_p90_width""]"
SOIL-ABL-ZINC,Zinc,24,21,17,21,1.00000000,1000,0.99700000,5,21,1000,0.71171429,0.68123810,-0.03047619,-0.17021471,0.11520254,0.04361704,0.04374606,0.00012902,0.09523810,0.09523810,0.00000000,0.17271521,0.12761328,3,2,79.71082847,False,not_admitted_performance_degraded,paired_out_of_fold_roc_auc_decreased,not_admitted_shadow_evaluation_only,False,soilgrids-spatial-ablation-v0.1,Pseudo-absence cells are not confirmed barren and metrics do not estimate discovery probability.,"[""elevation_m"",""slope_degrees_approx"",""local_relief_m_approx"",""temperature_mean_c_rolling_12m"",""precipitation_total_mm_rolling_12m"",""relative_humidity_mean_pct_rolling_12m"",""wind_speed_2m_mean_m_s_rolling_12m"",""fold_safe_log1p_distance_to_training_positive_km"",""fold_safe_log1p_training_positive_count_100km"",""fold_safe_training_positive_geology_affinity""]","[""soilgrids_phh2o_0_5cm_mean"",""soilgrids_phh2o_30_60cm_mean"",""soilgrids_clay_0_5cm_mean"",""soilgrids_clay_30_60cm_mean"",""soilgrids_sand_0_5cm_mean"",""soilgrids_sand_30_60cm_mean"",""soilgrids_silt_0_5cm_mean"",""soilgrids_silt_30_60cm_mean"",""soilgrids_soc_0_5cm_mean"",""soilgrids_soc_30_60cm_mean"",""soilgrids_cec_0_5cm_mean"",""soilgrids_cec_30_60cm_mean"",""soilgrids_nitrogen_0_5cm_mean"",""soilgrids_nitrogen_30_60cm_mean"",""soilgrids_bdod_0_5cm_mean"",""soilgrids_bdod_30_60cm_mean"",""soilgrids_cfvo_0_5cm_mean"",""soilgrids_cfvo_30_60cm_mean"",""soilgrids_phh2o_0_5cm_p90_width"",""soilgrids_phh2o_30_60cm_p90_width"",""soilgrids_clay_0_5cm_p90_width"",""soilgrids_clay_30_60cm_p90_width"",""soilgrids_sand_0_5cm_p90_width"",""soilgrids_sand_30_60cm_p90_width"",""soilgrids_silt_0_5cm_p90_width"",""soilgrids_silt_30_60cm_p90_width"",""soilgrids_soc_0_5cm_p90_width"",""soilgrids_soc_30_60cm_p90_width"",""soilgrids_cec_0_5cm_p90_width"",""soilgrids_cec_30_60cm_p90_width"",""soilgrids_nitrogen_0_5cm_p90_width"",""soilgrids_nitrogen_30_60cm_p90_width"",""soilgrids_bdod_0_5cm_p90_width"",""soilgrids_bdod_30_60cm_p90_width"",""soilgrids_cfvo_0_5cm_p90_width"",""soilgrids_cfvo_30_60cm_p90_width""]"
SOIL-ABL-GOLD,Gold,16,14,11,13,0.92857143,1000,0.99400000,5,14,1000,0.54750000,0.45907143,-0.08842857,-0.25598561,0.10146756,0.02109523,0.01364796,-0.00744727,0.07142857,0.00000000,-0.07142857,0.17093025,0.09220356,2,3,83.28720839,False,not_admitted_performance_degraded,paired_out_of_fold_roc_auc_decreased,not_admitted_shadow_evaluation_only,False,soilgrids-spatial-ablation-v0.1,Pseudo-absence cells are not confirmed barren and metrics do not estimate discovery probability.,"[""elevation_m"",""slope_degrees_approx"",""local_relief_m_approx"",""temperature_mean_c_rolling_12m"",""precipitation_total_mm_rolling_12m"",""relative_humidity_mean_pct_rolling_12m"",""wind_speed_2m_mean_m_s_rolling_12m"",""fold_safe_log1p_distance_to_training_positive_km"",""fold_safe_log1p_training_positive_count_100km"",""fold_safe_training_positive_geology_affinity""]","[""soilgrids_phh2o_0_5cm_mean"",""soilgrids_phh2o_30_60cm_mean"",""soilgrids_clay_0_5cm_mean"",""soilgrids_clay_30_60cm_mean"",""soilgrids_sand_0_5cm_mean"",""soilgrids_sand_30_60cm_mean"",""soilgrids_silt_0_5cm_mean"",""soilgrids_silt_30_60cm_mean"",""soilgrids_soc_0_5cm_mean"",""soilgrids_soc_30_60cm_mean"",""soilgrids_cec_0_5cm_mean"",""soilgrids_cec_30_60cm_mean"",""soilgrids_nitrogen_0_5cm_mean"",""soilgrids_nitrogen_30_60cm_mean"",""soilgrids_bdod_0_5cm_mean"",""soilgrids_bdod_30_60cm_mean"",""soilgrids_cfvo_0_5cm_mean"",""soilgrids_cfvo_30_60cm_mean"",""soilgrids_phh2o_0_5cm_p90_width"",""soilgrids_phh2o_30_60cm_p90_width"",""soilgrids_clay_0_5cm_p90_width"",""soilgrids_clay_30_60cm_p90_width"",""soilgrids_sand_0_5cm_p90_width"",""soilgrids_sand_30_60cm_p90_width"",""soilgrids_silt_0_5cm_p90_width"",""soilgrids_silt_30_60cm_p90_width"",""soilgrids_soc_0_5cm_p90_width"",""soilgrids_soc_30_60cm_p90_width"",""soilgrids_cec_0_5cm_p90_width"",""soilgrids_cec_30_60cm_p90_width"",""soilgrids_nitrogen_0_5cm_p90_width"",""soilgrids_nitrogen_30_60cm_p90_width"",""soilgrids_bdod_0_5cm_p90_width"",""soilgrids_bdod_30_60cm_p90_width"",""soilgrids_cfvo_0_5cm_p90_width"",""soilgrids_cfvo_30_60cm_p90_width""]"
SOIL-ABL-SILVER,Silver,21,20,15,19,0.95000000,1000,0.99600000,5,20,1000,0.53175000,0.58495000,0.05320000,-0.11899731,0.24738784,0.05003055,0.04616987,-0.00386068,0.25000000,0.25000000,0.00000000,0.11911987,0.09482107,2,3,63.00246496,False,not_admitted_inconclusive_or_below_threshold,one_or_more_predefined_admission_gates_failed,not_admitted_shadow_evaluation_only,False,soilgrids-spatial-ablation-v0.1,Pseudo-absence cells are not confirmed barren and metrics do not estimate discovery probability.,"[""elevation_m"",""slope_degrees_approx"",""local_relief_m_approx"",""temperature_mean_c_rolling_12m"",""precipitation_total_mm_rolling_12m"",""relative_humidity_mean_pct_rolling_12m"",""wind_speed_2m_mean_m_s_rolling_12m"",""fold_safe_log1p_distance_to_training_positive_km"",""fold_safe_log1p_training_positive_count_100km"",""fold_safe_training_positive_geology_affinity""]","[""soilgrids_phh2o_0_5cm_mean"",""soilgrids_phh2o_30_60cm_mean"",""soilgrids_clay_0_5cm_mean"",""soilgrids_clay_30_60cm_mean"",""soilgrids_sand_0_5cm_mean"",""soilgrids_sand_30_60cm_mean"",""soilgrids_silt_0_5cm_mean"",""soilgrids_silt_30_60cm_mean"",""soilgrids_soc_0_5cm_mean"",""soilgrids_soc_30_60cm_mean"",""soilgrids_cec_0_5cm_mean"",""soilgrids_cec_30_60cm_mean"",""soilgrids_nitrogen_0_5cm_mean"",""soilgrids_nitrogen_30_60cm_mean"",""soilgrids_bdod_0_5cm_mean"",""soilgrids_bdod_30_60cm_mean"",""soilgrids_cfvo_0_5cm_mean"",""soilgrids_cfvo_30_60cm_mean"",""soilgrids_phh2o_0_5cm_p90_width"",""soilgrids_phh2o_30_60cm_p90_width"",""soilgrids_clay_0_5cm_p90_width"",""soilgrids_clay_30_60cm_p90_width"",""soilgrids_sand_0_5cm_p90_width"",""soilgrids_sand_30_60cm_p90_width"",""soilgrids_silt_0_5cm_p90_width"",""soilgrids_silt_30_60cm_p90_width"",""soilgrids_soc_0_5cm_p90_width"",""soilgrids_soc_30_60cm_p90_width"",""soilgrids_cec_0_5cm_p90_width"",""soilgrids_cec_30_60cm_p90_width"",""soilgrids_nitrogen_0_5cm_p90_width"",""soilgrids_nitrogen_30_60cm_p90_width"",""soilgrids_bdod_0_5cm_p90_width"",""soilgrids_bdod_30_60cm_p90_width"",""soilgrids_cfvo_0_5cm_p90_width"",""soilgrids_cfvo_30_60cm_p90_width""]"
SOIL-ABL-URANIUM,Uranium,1,1,1,1,1.00000000,0,,0,0,0,,,,,,,,,,,,,,0,0,,False,not_evaluated_low_support,fewer_than_10_unique_positive_h3_cells,not_admitted_shadow_evaluation_only,False,soilgrids-spatial-ablation-v0.1,Pseudo-absence cells are not confirmed barren and metrics do not estimate discovery probability.,"[""elevation_m"",""slope_degrees_approx"",""local_relief_m_approx"",""temperature_mean_c_rolling_12m"",""precipitation_total_mm_rolling_12m"",""relative_humidity_mean_pct_rolling_12m"",""wind_speed_2m_mean_m_s_rolling_12m"",""fold_safe_log1p_distance_to_training_positive_km"",""fold_safe_log1p_training_positive_count_100km"",""fold_safe_training_positive_geology_affinity""]","[""soilgrids_phh2o_0_5cm_mean"",""soilgrids_phh2o_30_60cm_mean"",""soilgrids_clay_0_5cm_mean"",""soilgrids_clay_30_60cm_mean"",""soilgrids_sand_0_5cm_mean"",""soilgrids_sand_30_60cm_mean"",""soilgrids_silt_0_5cm_mean"",""soilgrids_silt_30_60cm_mean"",""soilgrids_soc_0_5cm_mean"",""soilgrids_soc_30_60cm_mean"",""soilgrids_cec_0_5cm_mean"",""soilgrids_cec_30_60cm_mean"",""soilgrids_nitrogen_0_5cm_mean"",""soilgrids_nitrogen_30_60cm_mean"",""soilgrids_bdod_0_5cm_mean"",""soilgrids_bdod_30_60cm_mean"",""soilgrids_cfvo_0_5cm_mean"",""soilgrids_cfvo_30_60cm_mean"",""soilgrids_phh2o_0_5cm_p90_width"",""soilgrids_phh2o_30_60cm_p90_width"",""soilgrids_clay_0_5cm_p90_width"",""soilgrids_clay_30_60cm_p90_width"",""soilgrids_sand_0_5cm_p90_width"",""soilgrids_sand_30_60cm_p90_width"",""soilgrids_silt_0_5cm_p90_width"",""soilgrids_silt_30_60cm_p90_width"",""soilgrids_soc_0_5cm_p90_width"",""soilgrids_soc_30_60cm_p90_width"",""soilgrids_cec_0_5cm_p90_width"",""soilgrids_cec_30_60cm_p90_width"",""soilgrids_nitrogen_0_5cm_p90_width"",""soilgrids_nitrogen_30_60cm_p90_width"",""soilgrids_bdod_0_5cm_p90_width"",""soilgrids_bdod_30_60cm_p90_width"",""soilgrids_cfvo_0_5cm_p90_width"",""soilgrids_cfvo_30_60cm_p90_width""]"
SOIL-ABL-THORIUM,Thorium,5,5,5,5,1.00000000,0,,0,0,0,,,,,,,,,,,,,,0,0,,False,not_evaluated_low_support,fewer_than_10_unique_positive_h3_cells,not_admitted_shadow_evaluation_only,False,soilgrids-spatial-ablation-v0.1,Pseudo-absence cells are not confirmed barren and metrics do not estimate discovery probability.,"[""elevation_m"",""slope_degrees_approx"",""local_relief_m_approx"",""temperature_mean_c_rolling_12m"",""precipitation_total_mm_rolling_12m"",""relative_humidity_mean_pct_rolling_12m"",""wind_speed_2m_mean_m_s_rolling_12m"",""fold_safe_log1p_distance_to_training_positive_km"",""fold_safe_log1p_training_positive_count_100km"",""fold_safe_training_positive_geology_affinity""]","[""soilgrids_phh2o_0_5cm_mean"",""soilgrids_phh2o_30_60cm_mean"",""soilgrids_clay_0_5cm_mean"",""soilgrids_clay_30_60cm_mean"",""soilgrids_sand_0_5cm_mean"",""soilgrids_sand_30_60cm_mean"",""soilgrids_silt_0_5cm_mean"",""soilgrids_silt_30_60cm_mean"",""soilgrids_soc_0_5cm_mean"",""soilgrids_soc_30_60cm_mean"",""soilgrids_cec_0_5cm_mean"",""soilgrids_cec_30_60cm_mean"",""soilgrids_nitrogen_0_5cm_mean"",""soilgrids_nitrogen_30_60cm_mean"",""soilgrids_bdod_0_5cm_mean"",""soilgrids_bdod_30_60cm_mean"",""soilgrids_cfvo_0_5cm_mean"",""soilgrids_cfvo_30_60cm_mean"",""soilgrids_phh2o_0_5cm_p90_width"",""soilgrids_phh2o_30_60cm_p90_width"",""soilgrids_clay_0_5cm_p90_width"",""soilgrids_clay_30_60cm_p90_width"",""soilgrids_sand_0_5cm_p90_width"",""soilgrids_sand_30_60cm_p90_width"",""soilgrids_silt_0_5cm_p90_width"",""soilgrids_silt_30_60cm_p90_width"",""soilgrids_soc_0_5cm_p90_width"",""soilgrids_soc_30_60cm_p90_width"",""soilgrids_cec_0_5cm_p90_width"",""soilgrids_cec_30_60cm_p90_width"",""soilgrids_nitrogen_0_5cm_p90_width"",""soilgrids_nitrogen_30_60cm_p90_width"",""soilgrids_bdod_0_5cm_p90_width"",""soilgrids_bdod_30_60cm_p90_width"",""soilgrids_cfvo_0_5cm_p90_width"",""soilgrids_cfvo_30_60cm_p90_width""]"
SOIL-ABL-COAL,Coal,0,0,0,0,,0,,0,0,0,,,,,,,,,,,,,,0,0,,False,not_evaluated_low_support,fewer_than_10_unique_positive_h3_cells,not_admitted_shadow_evaluation_only,False,soilgrids-spatial-ablation-v0.1,Pseudo-absence cells are not confirmed barren and metrics do not estimate discovery probability.,"[""elevation_m"",""slope_degrees_approx"",""local_relief_m_approx"",""temperature_mean_c_rolling_12m"",""precipitation_total_mm_rolling_12m"",""relative_humidity_mean_pct_rolling_12m"",""wind_speed_2m_mean_m_s_rolling_12m"",""fold_safe_log1p_distance_to_training_positive_km"",""fold_safe_log1p_training_positive_count_100km"",""fold_safe_training_positive_geology_affinity""]","[""soilgrids_phh2o_0_5cm_mean"",""soilgrids_phh2o_30_60cm_mean"",""soilgrids_clay_0_5cm_mean"",""soilgrids_clay_30_60cm_mean"",""soilgrids_sand_0_5cm_mean"",""soilgrids_sand_30_60cm_mean"",""soilgrids_silt_0_5cm_mean"",""soilgrids_silt_30_60cm_mean"",""soilgrids_soc_0_5cm_mean"",""soilgrids_soc_30_60cm_mean"",""soilgrids_cec_0_5cm_mean"",""soilgrids_cec_30_60cm_mean"",""soilgrids_nitrogen_0_5cm_mean"",""soilgrids_nitrogen_30_60cm_mean"",""soilgrids_bdod_0_5cm_mean"",""soilgrids_bdod_30_60cm_mean"",""soilgrids_cfvo_0_5cm_mean"",""soilgrids_cfvo_30_60cm_mean"",""soilgrids_phh2o_0_5cm_p90_width"",""soilgrids_phh2o_30_60cm_p90_width"",""soilgrids_clay_0_5cm_p90_width"",""soilgrids_clay_30_60cm_p90_width"",""soilgrids_sand_0_5cm_p90_width"",""soilgrids_sand_30_60cm_p90_width"",""soilgrids_silt_0_5cm_p90_width"",""soilgrids_silt_30_60cm_p90_width"",""soilgrids_soc_0_5cm_p90_width"",""soilgrids_soc_30_60cm_p90_width"",""soilgrids_cec_0_5cm_p90_width"",""soilgrids_cec_30_60cm_p90_width"",""soilgrids_nitrogen_0_5cm_p90_width"",""soilgrids_nitrogen_30_60cm_p90_width"",""soilgrids_bdod_0_5cm_p90_width"",""soilgrids_bdod_30_60cm_p90_width"",""soilgrids_cfvo_0_5cm_p90_width"",""soilgrids_cfvo_30_60cm_p90_width""]"
SOIL-ABL-LIGNITE,Lignite,0,0,0,0,,0,,0,0,0,,,,,,,,,,,,,,0,0,,False,not_evaluated_low_support,fewer_than_10_unique_positive_h3_cells,not_admitted_shadow_evaluation_only,False,soilgrids-spatial-ablation-v0.1,Pseudo-absence cells are not confirmed barren and metrics do not estimate discovery probability.,"[""elevation_m"",""slope_degrees_approx"",""local_relief_m_approx"",""temperature_mean_c_rolling_12m"",""precipitation_total_mm_rolling_12m"",""relative_humidity_mean_pct_rolling_12m"",""wind_speed_2m_mean_m_s_rolling_12m"",""fold_safe_log1p_distance_to_training_positive_km"",""fold_safe_log1p_training_positive_count_100km"",""fold_safe_training_positive_geology_affinity""]","[""soilgrids_phh2o_0_5cm_mean"",""soilgrids_phh2o_30_60cm_mean"",""soilgrids_clay_0_5cm_mean"",""soilgrids_clay_30_60cm_mean"",""soilgrids_sand_0_5cm_mean"",""soilgrids_sand_30_60cm_mean"",""soilgrids_silt_0_5cm_mean"",""soilgrids_silt_30_60cm_mean"",""soilgrids_soc_0_5cm_mean"",""soilgrids_soc_30_60cm_mean"",""soilgrids_cec_0_5cm_mean"",""soilgrids_cec_30_60cm_mean"",""soilgrids_nitrogen_0_5cm_mean"",""soilgrids_nitrogen_30_60cm_mean"",""soilgrids_bdod_0_5cm_mean"",""soilgrids_bdod_30_60cm_mean"",""soilgrids_cfvo_0_5cm_mean"",""soilgrids_cfvo_30_60cm_mean"",""soilgrids_phh2o_0_5cm_p90_width"",""soilgrids_phh2o_30_60cm_p90_width"",""soilgrids_clay_0_5cm_p90_width"",""soilgrids_clay_30_60cm_p90_width"",""soilgrids_sand_0_5cm_p90_width"",""soilgrids_sand_30_60cm_p90_width"",""soilgrids_silt_0_5cm_p90_width"",""soilgrids_silt_30_60cm_p90_width"",""soilgrids_soc_0_5cm_p90_width"",""soilgrids_soc_30_60cm_p90_width"",""soilgrids_cec_0_5cm_p90_width"",""soilgrids_cec_30_60cm_p90_width"",""soilgrids_nitrogen_0_5cm_p90_width"",""soilgrids_nitrogen_30_60cm_p90_width"",""soilgrids_bdod_0_5cm_p90_width"",""soilgrids_bdod_30_60cm_p90_width"",""soilgrids_cfvo_0_5cm_p90_width"",""soilgrids_cfvo_30_60cm_p90_width""]"
SOIL-ABL-PETROLEUM,Petroleum,0,0,0,0,,0,,0,0,0,,,,,,,,,,,,,,0,0,,False,not_evaluated_low_support,fewer_than_10_unique_positive_h3_cells,not_admitted_shadow_evaluation_only,False,soilgrids-spatial-ablation-v0.1,Pseudo-absence cells are not confirmed barren and metrics do not estimate discovery probability.,"[""elevation_m"",""slope_degrees_approx"",""local_relief_m_approx"",""temperature_mean_c_rolling_12m"",""precipitation_total_mm_rolling_12m"",""relative_humidity_mean_pct_rolling_12m"",""wind_speed_2m_mean_m_s_rolling_12m"",""fold_safe_log1p_distance_to_training_positive_km"",""fold_safe_log1p_training_positive_count_100km"",""fold_safe_training_positive_geology_affinity""]","[""soilgrids_phh2o_0_5cm_mean"",""soilgrids_phh2o_30_60cm_mean"",""soilgrids_clay_0_5cm_mean"",""soilgrids_clay_30_60cm_mean"",""soilgrids_sand_0_5cm_mean"",""soilgrids_sand_30_60cm_mean"",""soilgrids_silt_0_5cm_mean"",""soilgrids_silt_30_60cm_mean"",""soilgrids_soc_0_5cm_mean"",""soilgrids_soc_30_60cm_mean"",""soilgrids_cec_0_5cm_mean"",""soilgrids_cec_30_60cm_mean"",""soilgrids_nitrogen_0_5cm_mean"",""soilgrids_nitrogen_30_60cm_mean"",""soilgrids_bdod_0_5cm_mean"",""soilgrids_bdod_30_60cm_mean"",""soilgrids_cfvo_0_5cm_mean"",""soilgrids_cfvo_30_60cm_mean"",""soilgrids_phh2o_0_5cm_p90_width"",""soilgrids_phh2o_30_60cm_p90_width"",""soilgrids_clay_0_5cm_p90_width"",""soilgrids_clay_30_60cm_p90_width"",""soilgrids_sand_0_5cm_p90_width"",""soilgrids_sand_30_60cm_p90_width"",""soilgrids_silt_0_5cm_p90_width"",""soilgrids_silt_30_60cm_p90_width"",""soilgrids_soc_0_5cm_p90_width"",""soilgrids_soc_30_60cm_p90_width"",""soilgrids_cec_0_5cm_p90_width"",""soilgrids_cec_30_60cm_p90_width"",""soilgrids_nitrogen_0_5cm_p90_width"",""soilgrids_nitrogen_30_60cm_p90_width"",""soilgrids_bdod_0_5cm_p90_width"",""soilgrids_bdod_30_60cm_p90_width"",""soilgrids_cfvo_0_5cm_p90_width"",""soilgrids_cfvo_30_60cm_p90_width""]"
SOIL-ABL-NATURAL-GAS,Natural gas,0,0,0,0,,0,,0,0,0,,,,,,,,,,,,,,0,0,,False,not_evaluated_low_support,fewer_than_10_unique_positive_h3_cells,not_admitted_shadow_evaluation_only,False,soilgrids-spatial-ablation-v0.1,Pseudo-absence cells are not confirmed barren and metrics do not estimate discovery probability.,"[""elevation_m"",""slope_degrees_approx"",""local_relief_m_approx"",""temperature_mean_c_rolling_12m"",""precipitation_total_mm_rolling_12m"",""relative_humidity_mean_pct_rolling_12m"",""wind_speed_2m_mean_m_s_rolling_12m"",""fold_safe_log1p_distance_to_training_positive_km"",""fold_safe_log1p_training_positive_count_100km"",""fold_safe_training_positive_geology_affinity""]","[""soilgrids_phh2o_0_5cm_mean"",""soilgrids_phh2o_30_60cm_mean"",""soilgrids_clay_0_5cm_mean"",""soilgrids_clay_30_60cm_mean"",""soilgrids_sand_0_5cm_mean"",""soilgrids_sand_30_60cm_mean"",""soilgrids_silt_0_5cm_mean"",""soilgrids_silt_30_60cm_mean"",""soilgrids_soc_0_5cm_mean"",""soilgrids_soc_30_60cm_mean"",""soilgrids_cec_0_5cm_mean"",""soilgrids_cec_30_60cm_mean"",""soilgrids_nitrogen_0_5cm_mean"",""soilgrids_nitrogen_30_60cm_mean"",""soilgrids_bdod_0_5cm_mean"",""soilgrids_bdod_30_60cm_mean"",""soilgrids_cfvo_0_5cm_mean"",""soilgrids_cfvo_30_60cm_mean"",""soilgrids_phh2o_0_5cm_p90_width"",""soilgrids_phh2o_30_60cm_p90_width"",""soilgrids_clay_0_5cm_p90_width"",""soilgrids_clay_30_60cm_p90_width"",""soilgrids_sand_0_5cm_p90_width"",""soilgrids_sand_30_60cm_p90_width"",""soilgrids_silt_0_5cm_p90_width"",""soilgrids_silt_30_60cm_p90_width"",""soilgrids_soc_0_5cm_p90_width"",""soilgrids_soc_30_60cm_p90_width"",""soilgrids_cec_0_5cm_p90_width"",""soilgrids_cec_30_60cm_p90_width"",""soilgrids_nitrogen_0_5cm_p90_width"",""soilgrids_nitrogen_30_60cm_p90_width"",""soilgrids_bdod_0_5cm_p90_width"",""soilgrids_bdod_30_60cm_p90_width"",""soilgrids_cfvo_0_5cm_p90_width"",""soilgrids_cfvo_30_60cm_p90_width""]"
SOIL-ABL-BORON,Boron,1,1,1,1,1.00000000,0,,0,0,0,,,,,,,,,,,,,,0,0,,False,not_evaluated_low_support,fewer_than_10_unique_positive_h3_cells,not_admitted_shadow_evaluation_only,False,soilgrids-spatial-ablation-v0.1,Pseudo-absence cells are not confirmed barren and metrics do not estimate discovery probability.,"[""elevation_m"",""slope_degrees_approx"",""local_relief_m_approx"",""temperature_mean_c_rolling_12m"",""precipitation_total_mm_rolling_12m"",""relative_humidity_mean_pct_rolling_12m"",""wind_speed_2m_mean_m_s_rolling_12m"",""fold_safe_log1p_distance_to_training_positive_km"",""fold_safe_log1p_training_positive_count_100km"",""fold_safe_training_positive_geology_affinity""]","[""soilgrids_phh2o_0_5cm_mean"",""soilgrids_phh2o_30_60cm_mean"",""soilgrids_clay_0_5cm_mean"",""soilgrids_clay_30_60cm_mean"",""soilgrids_sand_0_5cm_mean"",""soilgrids_sand_30_60cm_mean"",""soilgrids_silt_0_5cm_mean"",""soilgrids_silt_30_60cm_mean"",""soilgrids_soc_0_5cm_mean"",""soilgrids_soc_30_60cm_mean"",""soilgrids_cec_0_5cm_mean"",""soilgrids_cec_30_60cm_mean"",""soilgrids_nitrogen_0_5cm_mean"",""soilgrids_nitrogen_30_60cm_mean"",""soilgrids_bdod_0_5cm_mean"",""soilgrids_bdod_30_60cm_mean"",""soilgrids_cfvo_0_5cm_mean"",""soilgrids_cfvo_30_60cm_mean"",""soilgrids_phh2o_0_5cm_p90_width"",""soilgrids_phh2o_30_60cm_p90_width"",""soilgrids_clay_0_5cm_p90_width"",""soilgrids_clay_30_60cm_p90_width"",""soilgrids_sand_0_5cm_p90_width"",""soilgrids_sand_30_60cm_p90_width"",""soilgrids_silt_0_5cm_p90_width"",""soilgrids_silt_30_60cm_p90_width"",""soilgrids_soc_0_5cm_p90_width"",""soilgrids_soc_30_60cm_p90_width"",""soilgrids_cec_0_5cm_p90_width"",""soilgrids_cec_30_60cm_p90_width"",""soilgrids_nitrogen_0_5cm_p90_width"",""soilgrids_nitrogen_30_60cm_p90_width"",""soilgrids_bdod_0_5cm_p90_width"",""soilgrids_bdod_30_60cm_p90_width"",""soilgrids_cfvo_0_5cm_p90_width"",""soilgrids_cfvo_30_60cm_p90_width""]"
SOIL-ABL-FLUORINE,Fluorine,3,3,2,3,1.00000000,0,,0,0,0,,,,,,,,,,,,,,0,0,,False,not_evaluated_low_support,fewer_than_10_unique_positive_h3_cells,not_admitted_shadow_evaluation_only,False,soilgrids-spatial-ablation-v0.1,Pseudo-absence cells are not confirmed barren and metrics do not estimate discovery probability.,"[""elevation_m"",""slope_degrees_approx"",""local_relief_m_approx"",""temperature_mean_c_rolling_12m"",""precipitation_total_mm_rolling_12m"",""relative_humidity_mean_pct_rolling_12m"",""wind_speed_2m_mean_m_s_rolling_12m"",""fold_safe_log1p_distance_to_training_positive_km"",""fold_safe_log1p_training_positive_count_100km"",""fold_safe_training_positive_geology_affinity""]","[""soilgrids_phh2o_0_5cm_mean"",""soilgrids_phh2o_30_60cm_mean"",""soilgrids_clay_0_5cm_mean"",""soilgrids_clay_30_60cm_mean"",""soilgrids_sand_0_5cm_mean"",""soilgrids_sand_30_60cm_mean"",""soilgrids_silt_0_5cm_mean"",""soilgrids_silt_30_60cm_mean"",""soilgrids_soc_0_5cm_mean"",""soilgrids_soc_30_60cm_mean"",""soilgrids_cec_0_5cm_mean"",""soilgrids_cec_30_60cm_mean"",""soilgrids_nitrogen_0_5cm_mean"",""soilgrids_nitrogen_30_60cm_mean"",""soilgrids_bdod_0_5cm_mean"",""soilgrids_bdod_30_60cm_mean"",""soilgrids_cfvo_0_5cm_mean"",""soilgrids_cfvo_30_60cm_mean"",""soilgrids_phh2o_0_5cm_p90_width"",""soilgrids_phh2o_30_60cm_p90_width"",""soilgrids_clay_0_5cm_p90_width"",""soilgrids_clay_30_60cm_p90_width"",""soilgrids_sand_0_5cm_p90_width"",""soilgrids_sand_30_60cm_p90_width"",""soilgrids_silt_0_5cm_p90_width"",""soilgrids_silt_30_60cm_p90_width"",""soilgrids_soc_0_5cm_p90_width"",""soilgrids_soc_30_60cm_p90_width"",""soilgrids_cec_0_5cm_p90_width"",""soilgrids_cec_30_60cm_p90_width"",""soilgrids_nitrogen_0_5cm_p90_width"",""soilgrids_nitrogen_30_60cm_p90_width"",""soilgrids_bdod_0_5cm_p90_width"",""soilgrids_bdod_30_60cm_p90_width"",""soilgrids_cfvo_0_5cm_p90_width"",""soilgrids_cfvo_30_60cm_p90_width""]"
SOIL-ABL-MAGNESIUM,Magnesium,4,3,2,3,1.00000000,0,,0,0,0,,,,,,,,,,,,,,0,0,,False,not_evaluated_low_support,fewer_than_10_unique_positive_h3_cells,not_admitted_shadow_evaluation_only,False,soilgrids-spatial-ablation-v0.1,Pseudo-absence cells are not confirmed barren and metrics do not estimate discovery probability.,"[""elevation_m"",""slope_degrees_approx"",""local_relief_m_approx"",""temperature_mean_c_rolling_12m"",""precipitation_total_mm_rolling_12m"",""relative_humidity_mean_pct_rolling_12m"",""wind_speed_2m_mean_m_s_rolling_12m"",""fold_safe_log1p_distance_to_training_positive_km"",""fold_safe_log1p_training_positive_count_100km"",""fold_safe_training_positive_geology_affinity""]","[""soilgrids_phh2o_0_5cm_mean"",""soilgrids_phh2o_30_60cm_mean"",""soilgrids_clay_0_5cm_mean"",""soilgrids_clay_30_60cm_mean"",""soilgrids_sand_0_5cm_mean"",""soilgrids_sand_30_60cm_mean"",""soilgrids_silt_0_5cm_mean"",""soilgrids_silt_30_60cm_mean"",""soilgrids_soc_0_5cm_mean"",""soilgrids_soc_30_60cm_mean"",""soilgrids_cec_0_5cm_mean"",""soilgrids_cec_30_60cm_mean"",""soilgrids_nitrogen_0_5cm_mean"",""soilgrids_nitrogen_30_60cm_mean"",""soilgrids_bdod_0_5cm_mean"",""soilgrids_bdod_30_60cm_mean"",""soilgrids_cfvo_0_5cm_mean"",""soilgrids_cfvo_30_60cm_mean"",""soilgrids_phh2o_0_5cm_p90_width"",""soilgrids_phh2o_30_60cm_p90_width"",""soilgrids_clay_0_5cm_p90_width"",""soilgrids_clay_30_60cm_p90_width"",""soilgrids_sand_0_5cm_p90_width"",""soilgrids_sand_30_60cm_p90_width"",""soilgrids_silt_0_5cm_p90_width"",""soilgrids_silt_30_60cm_p90_width"",""soilgrids_soc_0_5cm_p90_width"",""soilgrids_soc_30_60cm_p90_width"",""soilgrids_cec_0_5cm_p90_width"",""soilgrids_cec_30_60cm_p90_width"",""soilgrids_nitrogen_0_5cm_p90_width"",""soilgrids_nitrogen_30_60cm_p90_width"",""soilgrids_bdod_0_5cm_p90_width"",""soilgrids_bdod_30_60cm_p90_width"",""soilgrids_cfvo_0_5cm_p90_width"",""soilgrids_cfvo_30_60cm_p90_width""]"
SOIL-ABL-BARIUM,Barium,3,3,3,3,1.00000000,0,,0,0,0,,,,,,,,,,,,,,0,0,,False,not_evaluated_low_support,fewer_than_10_unique_positive_h3_cells,not_admitted_shadow_evaluation_only,False,soilgrids-spatial-ablation-v0.1,Pseudo-absence cells are not confirmed barren and metrics do not estimate discovery probability.,"[""elevation_m"",""slope_degrees_approx"",""local_relief_m_approx"",""temperature_mean_c_rolling_12m"",""precipitation_total_mm_rolling_12m"",""relative_humidity_mean_pct_rolling_12m"",""wind_speed_2m_mean_m_s_rolling_12m"",""fold_safe_log1p_distance_to_training_positive_km"",""fold_safe_log1p_training_positive_count_100km"",""fold_safe_training_positive_geology_affinity""]","[""soilgrids_phh2o_0_5cm_mean"",""soilgrids_phh2o_30_60cm_mean"",""soilgrids_clay_0_5cm_mean"",""soilgrids_clay_30_60cm_mean"",""soilgrids_sand_0_5cm_mean"",""soilgrids_sand_30_60cm_mean"",""soilgrids_silt_0_5cm_mean"",""soilgrids_silt_30_60cm_mean"",""soilgrids_soc_0_5cm_mean"",""soilgrids_soc_30_60cm_mean"",""soilgrids_cec_0_5cm_mean"",""soilgrids_cec_30_60cm_mean"",""soilgrids_nitrogen_0_5cm_mean"",""soilgrids_nitrogen_30_60cm_mean"",""soilgrids_bdod_0_5cm_mean"",""soilgrids_bdod_30_60cm_mean"",""soilgrids_cfvo_0_5cm_mean"",""soilgrids_cfvo_30_60cm_mean"",""soilgrids_phh2o_0_5cm_p90_width"",""soilgrids_phh2o_30_60cm_p90_width"",""soilgrids_clay_0_5cm_p90_width"",""soilgrids_clay_30_60cm_p90_width"",""soilgrids_sand_0_5cm_p90_width"",""soilgrids_sand_30_60cm_p90_width"",""soilgrids_silt_0_5cm_p90_width"",""soilgrids_silt_30_60cm_p90_width"",""soilgrids_soc_0_5cm_p90_width"",""soilgrids_soc_30_60cm_p90_width"",""soilgrids_cec_0_5cm_p90_width"",""soilgrids_cec_30_60cm_p90_width"",""soilgrids_nitrogen_0_5cm_p90_width"",""soilgrids_nitrogen_30_60cm_p90_width"",""soilgrids_bdod_0_5cm_p90_width"",""soilgrids_bdod_30_60cm_p90_width"",""soilgrids_cfvo_0_5cm_p90_width"",""soilgrids_cfvo_30_60cm_p90_width""]"
SOIL-ABL-CALCIUM-AND-LIMESTONE,Calcium and limestone,6,6,6,6,1.00000000,0,,0,0,0,,,,,,,,,,,,,,0,0,,False,not_evaluated_low_support,fewer_than_10_unique_positive_h3_cells,not_admitted_shadow_evaluation_only,False,soilgrids-spatial-ablation-v0.1,Pseudo-absence cells are not confirmed barren and metrics do not estimate discovery probability.,"[""elevation_m"",""slope_degrees_approx"",""local_relief_m_approx"",""temperature_mean_c_rolling_12m"",""precipitation_total_mm_rolling_12m"",""relative_humidity_mean_pct_rolling_12m"",""wind_speed_2m_mean_m_s_rolling_12m"",""fold_safe_log1p_distance_to_training_positive_km"",""fold_safe_log1p_training_positive_count_100km"",""fold_safe_training_positive_geology_affinity""]","[""soilgrids_phh2o_0_5cm_mean"",""soilgrids_phh2o_30_60cm_mean"",""soilgrids_clay_0_5cm_mean"",""soilgrids_clay_30_60cm_mean"",""soilgrids_sand_0_5cm_mean"",""soilgrids_sand_30_60cm_mean"",""soilgrids_silt_0_5cm_mean"",""soilgrids_silt_30_60cm_mean"",""soilgrids_soc_0_5cm_mean"",""soilgrids_soc_30_60cm_mean"",""soilgrids_cec_0_5cm_mean"",""soilgrids_cec_30_60cm_mean"",""soilgrids_nitrogen_0_5cm_mean"",""soilgrids_nitrogen_30_60cm_mean"",""soilgrids_bdod_0_5cm_mean"",""soilgrids_bdod_30_60cm_mean"",""soilgrids_cfvo_0_5cm_mean"",""soilgrids_cfvo_30_60cm_mean"",""soilgrids_phh2o_0_5cm_p90_width"",""soilgrids_phh2o_30_60cm_p90_width"",""soilgrids_clay_0_5cm_p90_width"",""soilgrids_clay_30_60cm_p90_width"",""soilgrids_sand_0_5cm_p90_width"",""soilgrids_sand_30_60cm_p90_width"",""soilgrids_silt_0_5cm_p90_width"",""soilgrids_silt_30_60cm_p90_width"",""soilgrids_soc_0_5cm_p90_width"",""soilgrids_soc_30_60cm_p90_width"",""soilgrids_cec_0_5cm_p90_width"",""soilgrids_cec_30_60cm_p90_width"",""soilgrids_nitrogen_0_5cm_p90_width"",""soilgrids_nitrogen_30_60cm_p90_width"",""soilgrids_bdod_0_5cm_p90_width"",""soilgrids_bdod_30_60cm_p90_width"",""soilgrids_cfvo_0_5cm_p90_width"",""soilgrids_cfvo_30_60cm_p90_width""]"
SOIL-ABL-KAOLIN,Kaolin,3,3,3,3,1.00000000,0,,0,0,0,,,,,,,,,,,,,,0,0,,False,not_evaluated_low_support,fewer_than_10_unique_positive_h3_cells,not_admitted_shadow_evaluation_only,False,soilgrids-spatial-ablation-v0.1,Pseudo-absence cells are not confirmed barren and metrics do not estimate discovery probability.,"[""elevation_m"",""slope_degrees_approx"",""local_relief_m_approx"",""temperature_mean_c_rolling_12m"",""precipitation_total_mm_rolling_12m"",""relative_humidity_mean_pct_rolling_12m"",""wind_speed_2m_mean_m_s_rolling_12m"",""fold_safe_log1p_distance_to_training_positive_km"",""fold_safe_log1p_training_positive_count_100km"",""fold_safe_training_positive_geology_affinity""]","[""soilgrids_phh2o_0_5cm_mean"",""soilgrids_phh2o_30_60cm_mean"",""soilgrids_clay_0_5cm_mean"",""soilgrids_clay_30_60cm_mean"",""soilgrids_sand_0_5cm_mean"",""soilgrids_sand_30_60cm_mean"",""soilgrids_silt_0_5cm_mean"",""soilgrids_silt_30_60cm_mean"",""soilgrids_soc_0_5cm_mean"",""soilgrids_soc_30_60cm_mean"",""soilgrids_cec_0_5cm_mean"",""soilgrids_cec_30_60cm_mean"",""soilgrids_nitrogen_0_5cm_mean"",""soilgrids_nitrogen_30_60cm_mean"",""soilgrids_bdod_0_5cm_mean"",""soilgrids_bdod_30_60cm_mean"",""soilgrids_cfvo_0_5cm_mean"",""soilgrids_cfvo_30_60cm_mean"",""soilgrids_phh2o_0_5cm_p90_width"",""soilgrids_phh2o_30_60cm_p90_width"",""soilgrids_clay_0_5cm_p90_width"",""soilgrids_clay_30_60cm_p90_width"",""soilgrids_sand_0_5cm_p90_width"",""soilgrids_sand_30_60cm_p90_width"",""soilgrids_silt_0_5cm_p90_width"",""soilgrids_silt_30_60cm_p90_width"",""soilgrids_soc_0_5cm_p90_width"",""soilgrids_soc_30_60cm_p90_width"",""soilgrids_cec_0_5cm_p90_width"",""soilgrids_cec_30_60cm_p90_width"",""soilgrids_nitrogen_0_5cm_p90_width"",""soilgrids_nitrogen_30_60cm_p90_width"",""soilgrids_bdod_0_5cm_p90_width"",""soilgrids_bdod_30_60cm_p90_width"",""soilgrids_cfvo_0_5cm_p90_width"",""soilgrids_cfvo_30_60cm_p90_width""]"
